Order_ID,Order_Date,Customer_ID,Customer_Age,Customer_Gender,Customer_Segment,Product_Category,Product_Name,Unit_Price,Quantity,Discount,Sales,Profit,Region,City,Payment_Mode
ORD104129,2023-01-01,CUST01512,29.0,Male,Corporate,Clothing,Sports Cap,1669.38,5,0.25,6260.18,193.41,North,Lucknow,Debit Card
ORD102604,2023-01-01,CUST00289,41.0,Male,Consumer,Beauty & Personal Care,Perfume,1695.95,4,0.0,6783.8,2634.32,West,Ahmedabad,Debit Card
ORD104978,2023-01-01,CUST00792,41.0,Male,Consumer,Books & Stationery,Fiction Novel,279.6,1,0.2,223.68,15.96,South,Hyderabad,Debit Card
ORD102714,2023-01-01,CUST00439,41.0,Male,Small Business,Home & Kitchen,Ceramic Mug Set,3006.84,1,0.1,2706.16,739.11,North,Lucknow,Debit Card
ORD102911,2023-01-01,CUST00549,34.0,Female,Small Business,Clothing,Sports Cap,1020.32,1,0.0,1020.32,287.01,East,Kolkata,UPI
ORD102327,2023-01-01,CUST00497,39.0,Male,Small Business,Clothing,Men's T-Shirt,2556.86,1,0.15,2173.33,227.05,Central,Raipur,UPI
ORD104725,2023-01-01,CUST00442,37.0,Female,Consumer,Beauty & Personal Care,Trimmer,605.12,1,0.05,574.86,96.01,North,Jaipur,UPI
ORD103626,2023-01-01,CUST01991,29.0,Female,Corporate,Furniture,Bean Bag,11358.42,4,0.1,40890.31,11580.21,West,Ahmedabad,Cash on Delivery
ORD104151,2023-01-01,CUST01374,47.0,Female,Corporate,Electronics,Power Bank,1429.57,1,0.05,1358.09,269.49,North,Lucknow,Credit Card
ORD102902,2023-01-01,CUST00021,31.0,Male,Consumer,Clothing,Kids Hoodie,1239.47,3,0.0,3718.41,1384.84,South,Kochi,UPI
ORD104776,2023-01-01,CUST01019,31.0,Male,Corporate,Clothing,Summer Dress,562.49,1,0.2,449.99,20.0,Central,Nagpur,UPI
ORD103217,2023-01-02,CUST00570,29.0,Male,Corporate,Electronics,Smartphone Case,5597.7,1,0.0,5597.7,2059.64,East,Kolkata,Cash on Delivery
ORD106122,2023-01-03,CUST00050,19.0,Female,Consumer,Home & Kitchen,Bedsheet Set,4992.16,1,0.0,4992.16,1739.83,South,Chennai,Credit Card
ORD102611,2023-01-03,CUST00021,31.0,Male,Consumer,Sports & Outdoors,Yoga Mat,6488.91,1,0.0,6488.91,1840.34,East,Kolkata,UPI
ORD101921,2023-01-03,CUST00928,37.0,Female,Consumer,Electronics,Webcam,6969.93,1,0.2,5575.94,1260.96,East,Kolkata,Debit Card
ORD103317,2023-01-04,CUST00681,30.0,Male,Consumer,Beauty & Personal Care,Hair Dryer,945.49,1,0.05,898.22,371.39,West,Pune,UPI
ORD100821,2023-01-04,CUST01525,30.0,Male,Consumer,Home & Kitchen,Mixer Grinder,419.94,2,0.0,839.88,168.59,Central,Raipur,Net Banking
ORD101901,2023-01-04,CUST01198,28.0,Male,Consumer,Books & Stationery,Notebook Pack,847.16,1,0.05,804.8,304.81,South,Bengaluru,UPI
ORD100208,2023-01-04,CUST01130,49.0,Male,Consumer,Clothing,Sports Cap,1180.56,1,0.0,1180.56,351.03,Central,Nagpur,Net Banking
ORD102632,2023-01-04,CUST01163,30.0,Male,Corporate,Home & Kitchen,Storage Rack,4844.28,4,0.05,18408.26,7123.26,West,Mumbai,Debit Card
ORD104411,2023-01-04,CUST02047,40.0,Male,Consumer,Clothing,Running Shoes,896.22,1,0.1,806.6,161.24,East,Kolkata,Debit Card
ORD101426,2023-01-04,CUST01828,23.0,Female,Consumer,Clothing,Running Shoes,1705.09,2,0.15,2898.65,822.33,East,Kolkata,Net Banking
ORD102294,2023-01-05,CUST01098,39.0,Male,Consumer,Home & Kitchen,Air Fryer,2573.72,1,0.15,2187.66,480.15,West,Mumbai,UPI
ORD100072,2023-01-05,CUST00990,43.0,Female,Consumer,Beauty & Personal Care,Perfume,1964.98,2,0.2,3143.97,732.61,West,Pune,UPI
ORD101168,2023-01-05,CUST00089,39.0,Female,Small Business,Home & Kitchen,Air Fryer,5306.92,3,0.15,13532.65,4516.05,South,Kochi,Debit Card
ORD101483,2023-01-05,CUST01918,42.0,Male,Consumer,Sports & Outdoors,Football,6442.88,2,0.2,10308.61,2842.45,North,Chandigarh,UPI
ORD104900,2023-01-05,CUST00723,27.0,Male,Small Business,Sports & Outdoors,Cricket Bat,1046.68,2,0.05,1988.69,651.14,Central,Bhopal,UPI
ORD105339,2023-01-05,CUST00897,30.0,Male,Consumer,Beauty & Personal Care,Trimmer,679.1,1,0.1,611.19,120.21,South,Hyderabad,Cash on Delivery
ORD104503,2023-01-05,CUST01949,47.0,Male,Corporate,Home & Kitchen,Water Bottle,1719.65,1,0.15,1461.7,210.86,North,Chandigarh,UPI
ORD103912,2023-01-05,CUST01546,38.0,Male,Corporate,Beauty & Personal Care,Lipstick,809.39,1,0.2,647.51,159.59,South,Kochi,UPI
ORD102761,2023-01-06,CUST01162,49.0,Male,Consumer,Electronics,Smartphone Case,5727.76,2,0.05,10882.74,3866.65,West,Ahmedabad,Debit Card
ORD105947,2023-01-06,CUST01335,20.0,Male,Corporate,Home & Kitchen,Mixer Grinder,2150.89,4,0.05,8173.38,1446.12,North,Delhi,UPI
ORD103744,2023-01-06,CUST01936,26.0,Female,Small Business,Furniture,Study Table,6344.59,1,0.15,5392.9,668.61,South,Chennai,UPI
ORD101515,2023-01-06,CUST01656,34.0,Female,Corporate,Home & Kitchen,Non-Stick Pan,2909.31,1,0.1,2618.38,930.57,South,Chennai,Debit Card
ORD105235,2023-01-06,CUST01416,18.0,Female,Consumer,Beauty & Personal Care,Sunscreen SPF50,907.79,1,0.1,817.01,307.62,South,Chennai,Cash on Delivery
ORD100128,2023-01-06,CUST01802,33.0,Male,Consumer,Clothing,Men's T-Shirt,1638.28,1,0.05,1556.37,507.54,West,Ahmedabad,Debit Card
ORD104770,2023-01-06,CUST01511,19.0,Male,Consumer,Beauty & Personal Care,Trimmer,1266.17,2,0.05,2405.72,494.62,East,Kolkata,Debit Card
ORD106350,2023-01-06,CUST01801,21.0,Female,Corporate,Clothing,Women's Jeans,650.78,2,0.05,1236.48,344.99,South,Hyderabad,UPI
ORD105862,2023-01-06,CUST00737,18.0,Male,Consumer,Sports & Outdoors,Dumbbell Set,974.51,1,0.2,779.61,111.78,West,Ahmedabad,UPI
ORD102295,2023-01-06,CUST00907,24.0,Male,Corporate,Electronics,Bluetooth Speaker,8792.67,3,0.0,26378.01,5758.78,West,Mumbai,Credit Card
ORD100205,2023-01-07,CUST00846,41.0,Male,Consumer,Books & Stationery,Fiction Novel,104.35,1,0.0,104.35,37.86,West,Ahmedabad,Credit Card
ORD105857,2023-01-07,CUST00228,28.0,Female,Corporate,Clothing,Sports Cap,1486.97,1,0.0,1486.97,419.81,East,Kolkata,UPI
ORD103313,2023-01-07,CUST02043,34.0,Male,Corporate,Clothing,Formal Shirt,1690.3,2,0.15,2873.51,881.49,South,Hyderabad,UPI
ORD103107,2023-01-07,CUST01897,34.0,Male,Consumer,Clothing,Formal Shirt,616.63,1,0.0,616.63,224.13,North,Delhi,Cash on Delivery
ORD101886,2023-01-07,CUST00899,35.0,Male,Corporate,Home & Kitchen,Air Fryer,1654.74,1,0.05,1572.0,292.69,West,Surat,Debit Card
ORD103098,2023-01-07,CUST01095,33.0,Male,Consumer,Home & Kitchen,Water Bottle,4389.97,1,0.1,3950.97,1230.37,South,Bengaluru,Net Banking
ORD102528,2023-01-07,CUST00304,26.0,Female,Consumer,Clothing,Winter Jacket,1655.26,1,0.05,1572.5,627.23,South,Chennai,UPI
ORD105383,2023-01-07,CUST01447,28.0,Male,Consumer,Beauty & Personal Care,Lipstick,1826.89,1,0.05,1735.55,461.0,North,Delhi,
ORD102818,2023-01-07,CUST01948,42.0,Female,Corporate,Beauty & Personal Care,Perfume,1900.8,1,0.2,1520.64,116.18,South,Hyderabad,Debit Card
ORD106483,2023-01-08,CUST00954,51.0,Male,Consumer,Electronics,Wireless Earbuds,5169.52,1,0.2,4135.62,634.15,West,Ahmedabad,UPI
ORD104687,2023-01-08,CUST01436,31.0,Female,Corporate,Clothing,Winter Jacket,2701.62,1,0.25,2026.22,265.86,West,Mumbai,UPI
ORD101283,2023-01-08,CUST00010,39.0,Female,Corporate,Clothing,Women's Jeans,1696.83,1,0.0,1696.83,623.35,West,Pune,Credit Card
ORD104756,2023-01-08,CUST02070,38.0,Male,Corporate,Home & Kitchen,Ceramic Mug Set,270.92,1,0.05,257.37,82.87,North,Chandigarh,Net Banking
ORD100407,2023-01-08,CUST02077,24.0,Female,Consumer,Electronics,Wireless Earbuds,4773.73,1,0.1,4296.36,1644.02,Central,Raipur,UPI
ORD103710,2023-01-08,CUST01524,36.0,Male,Corporate,Electronics,Smartwatch,1575.99,1,0.15,1339.59,376.49,West,Ahmedabad,UPI
ORD102349,2023-01-08,CUST01294,21.0,Male,Corporate,Electronics,Smartwatch,1997.89,1,0.0,1997.89,874.41,Central,Bhopal,UPI
ORD102692,2023-01-08,CUST01103,27.0,Female,Corporate,Home & Kitchen,Mixer Grinder,3811.18,1,0.15,3239.5,875.26,East,Patna,UPI
ORD105474,2023-01-08,CUST01055,30.0,Female,Corporate,Sports & Outdoors,Cricket Bat,3858.34,1,0.15,3279.59,837.7,West,Pune,Net Banking
ORD101743,2023-01-08,CUST00129,21.0,Male,Corporate,Electronics,Bluetooth Speaker,4462.82,2,0.05,8479.36,3130.68,South,Chennai,UPI
ORD103782,2023-01-08,CUST00280,,Male,Consumer,Beauty & Personal Care,Lipstick,619.35,1,0.1,557.42,79.63,West,Surat,Cash on Delivery
ORD103271,2023-01-08,CUST00440,45.0,Male,Consumer,Home & Kitchen,Water Bottle,2905.49,1,0.1,2614.94,899.82,South,Bengaluru,Cash on Delivery
ORD105301,2023-01-08,CUST00052,32.0,Female,Small Business,Clothing,Summer Dress,2499.79,1,0.0,2499.79,1050.72,West,Ahmedabad,Cash on Delivery
ORD100945,2023-01-08,CUST00230,18.0,Female,Consumer,Beauty & Personal Care,Trimmer,1936.67,1,0.15,1646.17,136.99,West,Mumbai,Debit Card
ORD101752,2023-01-09,CUST00366,29.0,Male,Corporate,Books & Stationery,Notebook Pack,343.83,1,0.0,343.83,151.59,West,Pune,UPI
ORD102224,2023-01-09,CUST01068,18.0,Female,Consumer,Books & Stationery,Notebook Pack,483.57,2,0.25,725.36,-22.08,South,Bengaluru,Cash on Delivery
ORD102977,2023-01-09,CUST00758,18.0,Male,Small Business,Clothing,Women's Jeans,695.76,5,0.1,3130.92,813.93,East,Kolkata,UPI
ORD105069,2023-01-09,CUST00170,34.0,Male,Small Business,Furniture,Office Chair,14637.21,1,0.0,14637.21,3876.16,North,Lucknow,Net Banking
ORD101264,2023-01-09,CUST00387,36.0,Male,Corporate,Electronics,Webcam,8610.35,1,0.15,7318.8,993.77,Central,Bhopal,Net Banking
ORD103007,2023-01-09,CUST01888,30.0,Female,Consumer,Home & Kitchen,LED Table Lamp,824.11,1,0.0,824.11,200.87,South,Chennai,UPI
ORD103964,2023-01-09,CUST00749,23.0,Female,Corporate,Books & Stationery,Planner Diary,806.03,1,0.0,806.03,208.61,West,Ahmedabad,Cash on Delivery
ORD102360,2023-01-09,CUST01867,45.0,Male,Consumer,Books & Stationery,Fiction Novel,707.5,1,0.2,566.0,76.45,North,Delhi,Cash on Delivery
ORD101799,2023-01-09,CUST01789,19.0,Male,Small Business,Beauty & Personal Care,Perfume,1500.04,1,0.1,1350.04,289.43,West,Mumbai,UPI
ORD102817,2023-01-09,CUST01446,57.0,Male,Consumer,Clothing,Running Shoes,632.61,2,0.1,1138.7,256.66,Central,Raipur,Net Banking
ORD100470,2023-01-09,CUST00968,34.0,Female,Consumer,Home & Kitchen,Air Fryer,954.24,1,0.0,954.24,417.7,West,Ahmedabad,UPI
ORD100456,2023-01-09,CUST01465,21.0,Male,Consumer,Home & Kitchen,Storage Rack,2987.71,1,0.0,2987.71,670.53,East,Kolkata,Debit Card
ORD104155,2023-01-10,CUST01451,22.0,Male,Small Business,Furniture,Study Table,2263.3,1,0.1,2036.97,653.54,West,Ahmedabad,Cash on Delivery
ORD104812,2023-01-10,CUST00467,38.0,Male,Small Business,Beauty & Personal Care,Sunscreen SPF50,1090.26,1,0.1,981.23,185.69,North,Lucknow,UPI
ORD104096,2023-01-10,CUST00219,52.0,Female,Consumer,Beauty & Personal Care,Sunscreen SPF50,820.21,1,0.15,697.18,184.29,Central,Nagpur,Net Banking
ORD105990,2023-01-10,CUST01374,47.0,Female,Corporate,Furniture,Bean Bag,11604.1,1,0.1,10443.69,2842.88,East,Kolkata,UPI
ORD100898,2023-01-10,CUST01687,18.0,Male,Corporate,Electronics,Power Bank,3655.22,1,0.1,3289.7,376.14,East,Bhubaneswar,Credit Card
ORD103117,2023-01-10,CUST01141,44.0,Other,Consumer,Electronics,Laptop Stand,1808.67,1,0.15,1537.37,179.84,West,Pune,UPI
ORD102131,2023-01-10,CUST02043,34.0,Male,Corporate,Beauty & Personal Care,Sunscreen SPF50,1058.48,1,0.05,1005.56,356.57,South,Hyderabad,Cash on Delivery
ORD100840,2023-01-10,CUST01124,27.0,Male,Consumer,Sports & Outdoors,Dumbbell Set,3032.35,2,0.0,6064.7,2431.32,South,Bengaluru,UPI
ORD102533,2023-01-11,CUST01268,24.0,Female,Corporate,Home & Kitchen,Bedsheet Set,1584.4,1,0.1,1425.96,372.37,North,Jaipur,UPI
ORD104546,2023-01-11,CUST02042,45.0,Female,Small Business,Home & Kitchen,LED Table Lamp,3278.47,1,0.0,3278.47,1371.77,North,Lucknow,UPI
ORD105985,2023-01-11,CUST01214,23.0,Female,Corporate,Sports & Outdoors,Camping Tent,5169.23,1,0.0,5169.23,1217.57,South,Chennai,Cash on Delivery
ORD100563,2023-01-11,CUST01401,33.0,Female,Consumer,Beauty & Personal Care,Sunscreen SPF50,200.09,2,0.0,400.18,167.41,North,Jaipur,Cash on Delivery
ORD105346,2023-01-11,CUST01465,21.0,Male,Consumer,Clothing,Summer Dress,353.06,2,0.2,564.9,154.95,West,Mumbai,Debit Card
ORD103419,2023-01-11,CUST00599,20.0,Female,Corporate,Home & Kitchen,LED Table Lamp,2190.59,1,0.05,2081.06,373.74,Central,Raipur,Cash on Delivery
ORD100332,2023-01-11,CUST01340,24.0,Female,Consumer,Electronics,Smartwatch,907.78,2,0.2,1452.45,345.95,South,Chennai,
ORD102682,2023-01-11,CUST01212,35.0,Female,Consumer,Electronics,USB-C Cable,5867.05,1,0.1,5280.34,1308.38,South,Hyderabad,Cash on Delivery
ORD103087,2023-01-12,CUST01612,66.0,Female,Consumer,Electronics,USB-C Cable,4919.12,1,0.1,4427.21,553.52,North,Jaipur,Debit Card
ORD105133,2023-01-12,CUST00769,45.0,Female,Small Business,Electronics,USB-C Cable,8753.87,2,0.25,13130.8,1867.9,South,Chennai,Cash on Delivery
ORD103066,2023-01-12,CUST01077,54.0,Male,Small Business,Clothing,Sports Cap,1301.61,1,0.0,1301.61,351.51,West,Mumbai,Net Banking
ORD104135,2023-01-12,CUST01494,,Other,Consumer,Electronics,Smartwatch,6863.04,2,0.0,13726.08,3649.44,West,Mumbai,Net Banking
ORD104055,2023-01-12,CUST00781,18.0,Male,Consumer,Clothing,Sports Cap,2572.75,1,0.15,2186.84,360.98,West,Pune,Debit Card
ORD100244,2023-01-12,CUST00776,32.0,Female,Consumer,Electronics,Laptop Stand,6934.85,3,0.05,19764.32,7248.37,East,Bhubaneswar,Cash on Delivery
ORD105784,2023-01-13,CUST00581,37.0,Female,Consumer,Furniture,Office Chair,10484.33,2,0.15,17823.36,2688.83,East,Patna,Net Banking
ORD102708,2023-01-13,CUST00770,18.0,Female,Consumer,Beauty & Personal Care,Face Wash,1384.41,1,0.1,1245.97,320.34,South,Bengaluru,UPI
ORD102703,2023-01-13,CUST01124,27.0,Male,Consumer,Clothing,Running Shoes,1651.15,1,0.0,1651.15,460.87,North,Lucknow,UPI
ORD100171,2023-01-13,CUST01343,26.0,Female,Consumer,Clothing,Men's T-Shirt,1684.04,2,0.2,2694.46,66.49,East,Bhubaneswar,Debit Card
ORD105981,2023-01-13,CUST00433,42.0,Male,Corporate,Clothing,Kids Hoodie,2413.03,3,0.0,7239.09,3197.07,East,Patna,Credit Card
ORD103945,2023-01-13,CUST01573,24.0,Male,Consumer,Home & Kitchen,Air Fryer,705.17,1,0.0,705.17,222.56,South,Chennai,UPI
ORD105638,2023-01-13,CUST01724,21.0,Male,Consumer,Sports & Outdoors,Cycling Helmet,607.56,2,0.25,911.34,230.24,South,Bengaluru,UPI
ORD105843,2023-01-13,CUST00859,27.0,Male,Corporate,Sports & Outdoors,Cycling Helmet,5045.43,1,0.0,5045.43,1160.85,North,Chandigarh,Debit Card
ORD103689,2023-01-14,CUST01050,32.0,Male,Small Business,Clothing,Women's Jeans,2865.96,2,0.0,5731.92,1453.12,East,Kolkata,Debit Card
ORD100936,2023-01-14,CUST00939,30.0,Female,Corporate,Home & Kitchen,Non-Stick Pan,2729.84,1,0.1,2456.86,366.43,North,Chandigarh,UPI
ORD100371,2023-01-14,CUST02072,53.0,Female,Consumer,Beauty & Personal Care,Perfume,1135.2,1,0.0,1135.2,438.38,East,Patna,UPI
ORD106134,2023-01-14,CUST01549,42.0,Other,Consumer,Beauty & Personal Care,Face Wash,518.08,1,0.25,388.56,36.65,South,Hyderabad,Cash on Delivery
ORD103470,2023-01-14,CUST00211,25.0,Female,Consumer,Sports & Outdoors,Football,4178.08,5,0.0,20890.4,5970.5,South,Bengaluru,Credit Card
ORD102516,2023-01-14,CUST01456,,Female,Consumer,Clothing,Winter Jacket,1807.2,1,0.1,1626.48,383.51,South,Bengaluru,UPI
ORD101746,2023-01-14,CUST00801,35.0,Male,Consumer,Home & Kitchen,LED Table Lamp,1069.23,2,0.1,1924.61,706.47,Central,Nagpur,UPI
ORD103223,2023-01-14,CUST01298,27.0,Female,Consumer,Clothing,Women's Jeans,2294.61,1,0.0,2294.61,886.2,West,Ahmedabad,Credit Card
ORD100794,2023-01-14,CUST01624,43.0,Female,Consumer,Home & Kitchen,Ceramic Mug Set,1550.15,2,0.0,3100.3,905.69,Central,Nagpur,Credit Card
ORD102212,2023-01-14,CUST01306,18.0,Female,Corporate,Home & Kitchen,Ceramic Mug Set,3009.24,2,0.0,6018.48,2141.77,South,Chennai,UPI
ORD101513,2023-01-14,CUST01845,33.0,Female,Consumer,Sports & Outdoors,Yoga Mat,6928.28,1,0.1,6235.45,2089.47,South,Chennai,UPI
ORD106253,2023-01-14,CUST00713,27.0,Male,Consumer,Clothing,Running Shoes,797.68,1,0.0,797.68,226.67,Central,Bhopal,Cash on Delivery
ORD103263,2023-01-14,CUST00437,42.0,Male,Corporate,Sports & Outdoors,Dumbbell Set,1874.31,2,0.0,3748.62,1482.12,Central,Raipur,UPI
ORD101073,2023-01-14,CUST00996,25.0,Female,Corporate,Beauty & Personal Care,Hair Dryer,611.75,1,0.05,581.16,170.51,West,Surat,UPI
ORD102685,2023-01-15,CUST00609,30.0,Female,Small Business,Home & Kitchen,Air Fryer,2718.01,1,0.0,2718.01,1207.18,North,Jaipur,Debit Card
ORD105942,2023-01-15,CUST00547,65.0,Male,Consumer,Electronics,Wireless Earbuds,3413.5,1,0.1,3072.15,598.38,South,Hyderabad,UPI
ORD100010,2023-01-15,CUST01055,30.0,Female,Corporate,Beauty & Personal Care,Trimmer,1661.97,1,0.15,1412.67,229.52,North,Jaipur,Cash on Delivery
ORD100640,2023-01-15,CUST01929,18.0,Female,Consumer,Electronics,Smartphone Case,8655.19,1,0.1,7789.67,1404.15,North,Lucknow,UPI
ORD104551,2023-01-15,CUST01743,19.0,Male,Small Business,Beauty & Personal Care,Trimmer,1612.92,1,0.1,1451.63,541.18,West,Pune,UPI
ORD105858,2023-01-15,CUST01428,30.0,Male,Consumer,Clothing,Women's Jeans,1962.03,3,0.05,5591.79,1978.53,Central,Raipur,Cash on Delivery
ORD100882,2023-01-15,CUST00021,31.0,Male,Consumer,Electronics,Power Bank,1056.46,2,0.15,1795.98,193.93,North,Chandigarh,Debit Card
ORD101049,2023-01-16,CUST00256,24.0,Male,Consumer,Books & Stationery,Sketch Pens,786.47,1,0.05,747.15,223.01,West,Mumbai,Credit Card
ORD104326,2023-01-16,CUST00264,26.0,Female,Corporate,Beauty & Personal Care,Perfume,1191.12,2,0.1,2144.02,492.36,North,Delhi,UPI
ORD102018,2023-01-16,CUST01330,20.0,Male,Consumer,Clothing,Kids Hoodie,2248.22,1,0.15,1910.99,241.58,North,Delhi,UPI
ORD106089,2023-01-16,CUST01308,35.0,Other,Corporate,Books & Stationery,Desk Organizer,452.98,1,0.2,362.38,92.64,South,Hyderabad,Debit Card
ORD105293,2023-01-16,CUST02093,18.0,Male,Consumer,Electronics,Webcam,6303.42,1,0.25,4727.57,672.52,North,Delhi,Debit Card
ORD106184,2023-01-16,CUST00587,38.0,Male,Corporate,Sports & Outdoors,Cricket Bat,2366.72,1,0.0,2366.72,574.24,North,Jaipur,UPI
ORD105172,2023-01-16,CUST01359,61.0,Male,Consumer,Beauty & Personal Care,Hair Dryer,652.25,1,0.15,554.41,186.32,North,Chandigarh,UPI
ORD103161,2023-01-16,CUST00846,41.0,Male,Consumer,Beauty & Personal Care,Lipstick,756.97,1,0.15,643.42,117.7,Central,Bhopal,Debit Card
ORD104234,2023-01-16,CUST00178,31.0,Male,Small Business,Clothing,Winter Jacket,1240.4,1,0.15,1054.34,222.17,South,Kochi,UPI
ORD106441,2023-01-16,CUST01304,27.0,Male,Small Business,Electronics,Smartwatch,1585.67,1,0.0,1585.67,639.04,West,Pune,Credit Card
ORD101813,2023-01-16,CUST02016,34.0,Female,Consumer,Books & Stationery,Fiction Novel,334.48,1,0.0,334.48,144.48,West,Mumbai,UPI
ORD104519,2023-01-17,CUST00816,34.0,Male,Consumer,Sports & Outdoors,Football,6371.5,1,0.15,5415.78,609.03,East,Kolkata,Credit Card
ORD101202,2023-01-17,CUST00919,29.0,Male,Small Business,Clothing,Men's T-Shirt,1612.55,2,0.05,3063.84,1286.38,Central,Raipur,Credit Card
ORD100377,2023-01-17,CUST01350,45.0,Female,Corporate,Electronics,Bluetooth Speaker,4801.81,1,0.05,4561.72,1184.72,West,Surat,Credit Card
ORD102421,2023-01-17,CUST00809,38.0,Female,Corporate,Beauty & Personal Care,Sunscreen SPF50,1524.45,1,0.15,1295.78,300.68,North,Lucknow,UPI
ORD100925,2023-01-17,CUST01381,39.0,Male,Consumer,Books & Stationery,Desk Organizer,326.13,3,0.05,929.47,178.44,South,Hyderabad,Debit Card
ORD103412,2023-01-17,CUST00233,30.0,Male,Consumer,Home & Kitchen,Bedsheet Set,5439.87,4,0.25,16319.61,-981.48,West,Surat,UPI
ORD101576,2023-01-18,CUST01185,47.0,Female,Consumer,Clothing,Formal Shirt,596.12,2,0.0,1192.24,342.02,North,Chandigarh,Cash on Delivery
ORD101201,2023-01-18,CUST02070,38.0,Male,Corporate,Home & Kitchen,Water Bottle,1301.05,2,0.0,2602.1,858.47,North,Chandigarh,Cash on Delivery
ORD105565,2023-01-18,CUST01694,,Female,Small Business,Books & Stationery,Sketch Pens,812.6,1,0.2,650.08,32.51,North,Delhi,UPI
ORD104417,2023-01-18,CUST01932,55.0,Female,Consumer,Home & Kitchen,LED Table Lamp,2272.9,1,0.1,2045.61,397.05,Central,Nagpur,Credit Card
ORD101047,2023-01-18,CUST00016,45.0,Male,Consumer,Books & Stationery,Desk Organizer,202.69,1,0.0,202.69,46.46,West,Mumbai,Debit Card
ORD102719,2023-01-18,CUST00111,47.0,Male,Corporate,Clothing,Summer Dress,1749.41,1,0.1,1574.47,235.91,South,Hyderabad,Credit Card
ORD100237,2023-01-18,CUST01031,23.0,Female,Corporate,Clothing,Summer Dress,1551.32,1,0.0,1551.32,314.25,South,Chennai,Cash on Delivery
ORD103950,2023-01-18,CUST01778,29.0,Male,Consumer,Sports & Outdoors,Camping Tent,1773.87,1,0.15,1507.79,434.77,West,Surat,Credit Card
ORD104507,2023-01-18,CUST01127,37.0,Male,Corporate,Beauty & Personal Care,Sunscreen SPF50,1118.58,2,0.15,1901.59,144.7,South,Bengaluru,Cash on Delivery
ORD101970,2023-01-18,CUST00924,49.0,Male,Consumer,Books & Stationery,Desk Organizer,241.8,1,0.1,217.62,38.87,South,Bengaluru,UPI
ORD101502,2023-01-19,CUST00308,41.0,Female,Small Business,Furniture,Study Table,5396.53,1,0.2,4317.22,102.55,West,Ahmedabad,UPI
ORD103925,2023-01-19,CUST01256,28.0,Female,Consumer,Clothing,Formal Shirt,646.77,2,0.05,1228.86,284.88,South,Chennai,UPI
ORD102397,2023-01-19,CUST01432,41.0,Male,Corporate,Clothing,Winter Jacket,2927.89,1,0.1,2635.1,574.54,Central,Bhopal,Debit Card
ORD101696,2023-01-19,CUST00608,27.0,Other,Corporate,Beauty & Personal Care,Sunscreen SPF50,855.76,4,0.05,3251.89,1179.35,East,Bhubaneswar,Debit Card
ORD104888,2023-01-19,CUST00602,35.0,Male,Consumer,Beauty & Personal Care,Sunscreen SPF50,296.34,1,0.0,296.34,120.17,South,Bengaluru,Credit Card
ORD104486,2023-01-19,CUST01325,44.0,Male,Consumer,Sports & Outdoors,Dumbbell Set,3919.72,2,0.0,7839.44,2084.55,South,Bengaluru,Debit Card
ORD100874,2023-01-19,CUST01351,23.0,Male,Consumer,Beauty & Personal Care,Hair Dryer,1554.22,1,0.0,1554.22,577.05,South,Bengaluru,Credit Card
ORD100098,2023-01-19,CUST01929,18.0,Female,Consumer,Books & Stationery,Fiction Novel,900.5,1,0.05,855.47,145.14,South,Kochi,UPI
ORD104196,2023-01-19,CUST01189,41.0,Female,Consumer,Electronics,Power Bank,5194.73,2,0.1,9350.51,2978.5,North,Chandigarh,Credit Card
ORD102975,2023-01-19,CUST00751,38.0,Male,Small Business,Sports & Outdoors,Football,4223.58,1,0.15,3590.04,866.8,West,Mumbai,Net Banking
ORD100312,2023-01-19,CUST00575,31.0,Male,Consumer,Clothing,Formal Shirt,422.6,3,0.1,1141.02,128.66,East,Kolkata,Credit Card
ORD106497,2023-01-19,CUST01085,35.0,Male,Consumer,Electronics,Smartwatch,2101.66,2,0.0,4203.32,1347.9,South,Hyderabad,UPI
ORD103668,2023-01-19,CUST01449,46.0,Female,Corporate,Beauty & Personal Care,Lipstick,1127.68,2,0.25,1691.52,-94.06,West,Mumbai,Debit Card
ORD105646,2023-01-20,CUST02015,38.0,Male,Small Business,Electronics,Power Bank,5267.44,1,0.15,4477.32,1425.02,West,Mumbai,Cash on Delivery
ORD100356,2023-01-20,CUST00848,38.0,Male,Small Business,Home & Kitchen,Storage Rack,4869.57,1,0.05,4626.09,1153.95,North,Chandigarh,Cash on Delivery
ORD100901,2023-01-20,CUST00303,18.0,Female,Corporate,Electronics,Smartphone Case,2177.47,1,0.0,2177.47,640.07,South,Chennai,UPI
ORD100515,2023-01-20,CUST00885,38.0,Male,Small Business,Clothing,Running Shoes,382.03,3,0.0,1146.09,283.76,West,Ahmedabad,Cash on Delivery
ORD105299,2023-01-20,CUST01005,27.0,Female,Corporate,Electronics,Power Bank,4450.74,1,0.0,4450.74,1593.09,North,Chandigarh,UPI
ORD101969,2023-01-20,CUST00422,28.0,Female,Consumer,Clothing,Summer Dress,1713.87,1,0.15,1456.79,85.82,South,Kochi,Debit Card
ORD100878,2023-01-20,CUST01036,20.0,Female,Consumer,Beauty & Personal Care,Perfume,1194.3,1,0.0,1194.3,453.3,North,Lucknow,Debit Card
ORD102080,2023-01-20,CUST01698,42.0,Female,Corporate,Electronics,Smartphone Case,6704.08,2,0.05,12737.75,3374.52,South,Chennai,Debit Card
ORD104099,2023-01-21,CUST00375,39.0,Female,Consumer,Electronics,Wireless Earbuds,1392.17,2,0.25,2088.26,-74.35,Central,Bhopal,Debit Card
ORD106382,2023-01-21,CUST01977,30.0,Male,Consumer,Sports & Outdoors,Cricket Bat,3035.32,1,0.05,2883.55,1128.47,South,Bengaluru,Debit Card
ORD105774,2023-01-21,CUST01236,28.0,Female,Corporate,Sports & Outdoors,Yoga Mat,5283.6,1,0.15,4491.06,583.66,East,Bhubaneswar,Credit Card
ORD103962,2023-01-21,CUST00255,27.0,Female,Consumer,Home & Kitchen,Bedsheet Set,5289.53,1,0.15,4496.1,374.43,West,Pune,Credit Card
ORD100557,2023-01-21,CUST01308,35.0,Other,Corporate,Clothing,Running Shoes,1311.36,1,0.2,1049.09,81.8,North,Delhi,Credit Card
ORD102413,2023-01-21,CUST01841,33.0,Male,Small Business,Clothing,Women's Jeans,342.85,1,0.0,342.85,135.48,South,Kochi,Debit Card
ORD106319,2023-01-22,CUST01327,27.0,Female,Small Business,Home & Kitchen,Bedsheet Set,4247.72,1,0.0,4247.72,1293.03,North,Lucknow,Credit Card
ORD101159,2023-01-22,CUST01801,21.0,Female,Corporate,Home & Kitchen,Mixer Grinder,4076.66,1,0.0,4076.66,1439.01,East,Bhubaneswar,Net Banking
ORD101435,2023-01-22,CUST00043,21.0,Female,Consumer,Electronics,Power Bank,8076.42,1,0.05,7672.6,2098.83,South,Chennai,UPI
ORD103695,2023-01-22,CUST01367,41.0,Female,Small Business,Home & Kitchen,Air Fryer,3049.88,1,0.1,2744.89,913.97,Central,Raipur,UPI
ORD105438,2023-01-22,CUST01189,41.0,Female,Consumer,Sports & Outdoors,Football,4043.11,1,0.1,3638.8,451.74,North,Lucknow,UPI
ORD103503,2023-01-22,CUST01486,20.0,Female,Corporate,Electronics,Webcam,8761.19,1,0.15,7447.01,900.76,South,Hyderabad,
ORD101454,2023-01-22,CUST00431,45.0,Female,Consumer,Sports & Outdoors,Camping Tent,4627.98,1,0.1,4165.18,850.85,South,Hyderabad,UPI
ORD102829,2023-01-22,CUST00365,45.0,Male,Consumer,Books & Stationery,Sketch Pens,414.13,1,0.25,310.6,73.08,West,Surat,Credit Card
ORD100100,2023-01-23,CUST00006,38.0,Female,Consumer,Electronics,Smartphone Case,4475.77,1,0.05,4251.98,928.23,West,Mumbai,UPI
ORD102418,2023-01-23,CUST01013,44.0,Male,Consumer,Clothing,Running Shoes,2582.73,2,0.1,4648.91,1485.95,East,Bhubaneswar,UPI
ORD103382,2023-01-23,CUST01094,47.0,Other,Consumer,Clothing,Running Shoes,2745.47,2,0.0,5490.94,1356.14,Central,Bhopal,UPI
ORD101233,2023-01-23,CUST00735,47.0,Male,Small Business,Home & Kitchen,Storage Rack,4797.18,3,0.2,11513.23,893.05,North,Delhi,Cash on Delivery
ORD103654,2023-01-23,CUST01576,18.0,Male,Consumer,Furniture,Wardrobe,10011.17,1,0.1,9010.05,1811.1,South,Kochi,Net Banking
ORD101300,2023-01-23,CUST02015,38.0,Male,Small Business,Beauty & Personal Care,Perfume,1998.37,2,0.25,2997.56,457.28,North,Delhi,Debit Card
ORD100290,2023-01-23,CUST01521,23.0,Female,Consumer,Beauty & Personal Care,Perfume,1883.91,1,0.1,1695.52,321.59,West,Ahmedabad,Cash on Delivery
ORD101339,2023-01-23,CUST01539,23.0,Male,Small Business,Electronics,Power Bank,6345.26,1,0.05,6028.0,1714.06,East,Patna,Debit Card
ORD100974,2023-01-23,CUST00528,24.0,Male,Corporate,Clothing,Running Shoes,2003.36,1,0.15,1702.86,168.63,South,Bengaluru,UPI
ORD101247,2023-01-24,CUST00148,29.0,Female,Small Business,Sports & Outdoors,Cricket Bat,905.21,3,0.1,2444.07,318.31,East,Kolkata,Debit Card
ORD103841,2023-01-24,CUST01038,51.0,Male,Small Business,Clothing,Winter Jacket,1481.84,1,0.1,1333.66,285.72,South,Chennai,Credit Card
ORD106155,2023-01-24,CUST00809,38.0,Female,Corporate,Beauty & Personal Care,Sunscreen SPF50,1862.42,1,0.1,1676.18,643.66,South,Hyderabad,UPI
ORD103488,2023-01-24,CUST00792,41.0,Male,Consumer,Electronics,Wireless Earbuds,7101.47,2,0.15,12072.5,2260.97,Central,Nagpur,UPI
ORD103794,2023-01-24,CUST01227,42.0,Female,Small Business,Home & Kitchen,Bedsheet Set,3946.43,1,0.0,3946.43,1266.91,West,Ahmedabad,Credit Card
ORD106443,2023-01-24,CUST01873,38.0,Male,Corporate,Electronics,Smartwatch,1934.09,1,0.25,1450.57,299.54,South,Hyderabad,Credit Card
ORD103384,2023-01-25,CUST01902,21.0,Female,Consumer,Clothing,Running Shoes,759.91,1,0.15,645.92,156.37,West,Pune,Cash on Delivery
ORD100764,2023-01-25,CUST01459,35.0,Male,Corporate,Home & Kitchen,Mixer Grinder,5411.3,1,0.0,5411.3,2269.48,West,Pune,UPI
ORD102010,2023-01-25,CUST01553,27.0,Female,Consumer,Electronics,Laptop Stand,8315.52,1,0.0,8315.52,2864.84,West,Pune,Credit Card
ORD105675,2023-01-25,CUST01504,18.0,Male,Consumer,Home & Kitchen,Non-Stick Pan,3004.59,2,0.0,6009.18,2480.4,East,Bhubaneswar,UPI
ORD102182,2023-01-25,CUST01809,39.0,Male,Small Business,Furniture,Wardrobe,6076.11,1,0.0,6076.11,2178.67,Central,Nagpur,Cash on Delivery
ORD101288,2023-01-25,CUST00044,37.0,Female,Corporate,Sports & Outdoors,Football,1736.93,2,0.05,3300.17,533.54,South,Hyderabad,Net Banking
ORD101019,2023-01-25,CUST01028,41.0,Male,Consumer,Clothing,Men's T-Shirt,1037.0,1,0.0,1037.0,298.01,East,Patna,Credit Card
ORD101903,2023-01-26,CUST01405,39.0,Other,Corporate,Books & Stationery,Desk Organizer,193.94,2,0.0,387.88,107.42,East,Bhubaneswar,Debit Card
ORD103663,2023-01-26,CUST00985,20.0,Female,Small Business,Electronics,Wireless Earbuds,6919.27,1,0.1,6227.34,1521.22,North,Chandigarh,UPI
ORD100042,2023-01-26,CUST01005,27.0,Female,Corporate,Electronics,Smartwatch,8248.06,2,0.0,16496.12,3830.52,South,Bengaluru,Debit Card
ORD102241,2023-01-26,CUST00008,18.0,Female,Corporate,Clothing,Men's T-Shirt,2895.19,1,0.15,2460.91,532.42,North,Delhi,UPI
ORD104010,2023-01-26,CUST01072,30.0,Female,Corporate,Home & Kitchen,Water Bottle,3087.19,1,0.1,2778.47,566.44,South,Kochi,Net Banking
ORD105525,2023-01-26,CUST01477,38.0,Female,Consumer,Electronics,USB-C Cable,5100.11,1,0.25,3825.08,240.71,North,Delhi,Cash on Delivery
ORD105173,2023-01-26,CUST01317,43.0,Female,Corporate,Electronics,Smartphone Case,2111.11,1,0.2,1688.89,322.3,North,Delhi,Debit Card
ORD106075,2023-01-26,CUST01764,45.0,Female,Consumer,Electronics,USB-C Cable,3463.4,2,0.15,5887.78,1543.78,North,Delhi,Debit Card
ORD101650,2023-01-27,CUST01683,19.0,Female,Consumer,Books & Stationery,Planner Diary,128.18,1,0.15,108.95,26.39,South,Chennai,Credit Card
ORD102297,2023-01-27,CUST00547,65.0,Male,Consumer,Clothing,Winter Jacket,2767.33,1,0.15,2352.23,657.3,North,Chandigarh,UPI
ORD105090,2023-01-27,CUST00610,40.0,Female,Corporate,Electronics,Smartwatch,8577.87,1,0.1,7720.08,1792.45,South,Chennai,Cash on Delivery
ORD104742,2023-01-27,CUST00085,22.0,Female,Consumer,Sports & Outdoors,Dumbbell Set,3249.07,2,0.15,5523.42,1620.83,North,Delhi,Cash on Delivery
ORD101402,2023-01-27,CUST00732,30.0,Female,Consumer,Books & Stationery,Fiction Novel,289.15,1,0.1,260.24,75.29,East,Kolkata,UPI
ORD102858,2023-01-27,CUST00517,48.0,Female,Consumer,Clothing,Kids Hoodie,1470.73,1,0.05,1397.19,454.14,South,Hyderabad,Credit Card
ORD100285,2023-01-27,CUST00165,39.0,Female,Consumer,Books & Stationery,Planner Diary,793.79,3,0.0,2381.37,872.38,South,Bengaluru,Cash on Delivery
ORD100628,2023-01-27,CUST00985,20.0,Female,Small Business,Home & Kitchen,Ceramic Mug Set,5557.31,1,0.0,5557.31,1256.93,West,Ahmedabad,UPI
ORD105065,2023-01-27,CUST01794,36.0,Male,Small Business,Clothing,Kids Hoodie,1420.99,1,0.15,1207.84,354.56,West,Surat,UPI
ORD100856,2023-01-27,CUST00215,38.0,Female,Small Business,Clothing,Men's T-Shirt,475.13,1,0.1,427.62,150.1,East,Kolkata,UPI
ORD100291,2023-01-28,CUST00322,37.0,Other,Corporate,Electronics,USB-C Cable,6719.41,1,0.0,6719.41,2696.38,North,Chandigarh,Credit Card
ORD106330,2023-01-28,CUST00609,30.0,Female,Small Business,Home & Kitchen,Storage Rack,3179.01,2,0.1,5722.22,738.72,South,Hyderabad,UPI
ORD102899,2023-01-28,CUST01362,38.0,Female,Consumer,Books & Stationery,Desk Organizer,545.79,1,0.0,545.79,167.76,Central,Nagpur,Net Banking
ORD100145,2023-01-28,CUST01238,49.0,Female,Consumer,Home & Kitchen,Mixer Grinder,4158.96,1,0.1,3743.06,485.83,South,Chennai,Net Banking
ORD101030,2023-01-28,CUST00529,25.0,Female,Corporate,Clothing,Women's Jeans,1888.86,1,0.1,1699.97,411.1,West,Pune,UPI
ORD101780,2023-01-28,CUST00559,18.0,Male,Consumer,Clothing,Women's Jeans,2225.97,2,0.0,4451.94,1248.22,South,Kochi,UPI
ORD105238,2023-01-28,CUST01390,52.0,Female,Consumer,Clothing,Winter Jacket,887.15,1,0.0,887.15,384.7,North,Delhi,Cash on Delivery
ORD106352,2023-01-28,CUST01730,35.0,Female,Consumer,Beauty & Personal Care,Hair Dryer,243.96,1,0.15,207.37,49.74,South,Hyderabad,Credit Card
ORD100610,2023-01-29,CUST00986,39.0,Male,Consumer,Electronics,USB-C Cable,4806.94,5,0.05,22832.96,9205.28,West,Pune,Debit Card
ORD101013,2023-01-29,CUST00420,56.0,Male,Consumer,Electronics,Smartphone Case,3483.33,1,0.05,3309.16,942.51,East,Kolkata,Net Banking
ORD104838,2023-01-29,CUST01973,18.0,Male,Corporate,Home & Kitchen,Non-Stick Pan,1064.76,1,0.0,1064.76,265.64,West,Surat,Debit Card
ORD103388,2023-01-29,CUST00323,18.0,Female,Small Business,Home & Kitchen,Water Bottle,487.13,2,0.2,779.41,227.17,North,Jaipur,Cash on Delivery
ORD101273,2023-01-29,CUST01741,25.0,Male,Small Business,Beauty & Personal Care,Lipstick,1760.71,1,0.0,1760.71,739.77,North,Lucknow,Debit Card
ORD103959,2023-01-29,CUST00521,51.0,Female,Consumer,Books & Stationery,Desk Organizer,975.72,1,0.0,975.72,220.84,West,Pune,UPI
ORD102417,2023-01-29,CUST01397,42.0,Male,Consumer,Electronics,USB-C Cable,1809.53,1,0.2,1447.62,103.1,North,Jaipur,UPI
ORD105580,2023-01-29,CUST00747,23.0,Male,Consumer,Electronics,Smartwatch,5523.13,1,0.0,5523.13,1658.49,South,Kochi,Debit Card
ORD103910,2023-01-29,CUST01663,41.0,Female,Corporate,Electronics,Smartwatch,707.13,1,0.1,636.42,110.72,North,Chandigarh,UPI
ORD101416,2023-01-29,CUST00066,40.0,Male,Corporate,Clothing,Sports Cap,2381.19,1,0.05,2262.13,465.85,West,Ahmedabad,UPI
ORD105738,2023-01-29,CUST01481,36.0,Female,Consumer,Clothing,Sports Cap,1128.02,5,0.05,5358.1,970.2,North,Lucknow,UPI
ORD105099,2023-01-29,CUST01215,32.0,Female,Corporate,Home & Kitchen,Air Fryer,4888.95,3,0.25,11000.14,780.41,North,Delhi,UPI
ORD105604,2023-01-29,CUST00378,28.0,Male,Corporate,Home & Kitchen,Water Bottle,4249.63,1,0.15,3612.19,761.81,South,Hyderabad,Credit Card
ORD102857,2023-01-29,CUST01041,32.0,Female,Small Business,Electronics,Smartwatch,8859.15,1,0.0,8859.15,2286.08,South,Chennai,Cash on Delivery
ORD106375,2023-01-29,CUST00335,41.0,Male,Corporate,Home & Kitchen,Storage Rack,4948.6,1,0.1,4453.74,1706.01,North,Lucknow,UPI
ORD103423,2023-01-29,CUST00772,34.0,Male,Corporate,Furniture,Bookshelf,9995.1,1,0.0,9995.1,2002.99,South,Chennai,UPI
ORD102467,2023-01-29,CUST01543,41.0,Male,Consumer,Home & Kitchen,Storage Rack,2448.94,4,0.05,9305.97,2248.86,West,Pune,Debit Card
ORD104979,2023-01-29,CUST00655,26.0,Female,Consumer,Home & Kitchen,Air Fryer,1344.58,1,0.0,1344.58,441.1,West,Mumbai,UPI
ORD104747,2023-01-29,CUST01963,43.0,Female,Corporate,Clothing,Running Shoes,2050.48,1,0.1,1845.43,262.71,West,Ahmedabad,Debit Card
ORD105292,2023-01-29,CUST00887,46.0,Male,Small Business,Clothing,Kids Hoodie,788.0,2,0.1,1418.4,297.7,South,Chennai,UPI
ORD101349,2023-01-30,CUST01635,31.0,Male,Corporate,Electronics,Webcam,4558.56,2,0.1,8205.41,2749.05,East,Kolkata,UPI
ORD103967,2023-01-30,CUST00913,42.0,Female,Corporate,Home & Kitchen,Storage Rack,3948.31,1,0.15,3356.06,1075.3,South,Kochi,UPI
ORD100335,2023-01-30,CUST01557,33.0,Male,Corporate,Clothing,Running Shoes,1116.14,2,0.05,2120.67,689.46,South,Bengaluru,Cash on Delivery
ORD104317,2023-01-30,CUST00787,38.0,Male,Consumer,Clothing,Men's T-Shirt,2214.51,1,0.1,1993.06,609.92,South,Hyderabad,Debit Card
ORD103409,2023-01-30,CUST00237,23.0,Other,Consumer,Electronics,Bluetooth Speaker,6951.57,2,0.0,13903.14,4123.48,South,Kochi,UPI
ORD105161,2023-01-30,CUST00136,36.0,Female,Consumer,Clothing,Running Shoes,2987.03,1,0.0,2987.03,1182.54,North,Jaipur,Debit Card
ORD100599,2023-01-30,CUST01493,31.0,Female,Corporate,Clothing,Men's T-Shirt,585.59,4,0.0,2342.36,794.12,Central,Nagpur,Debit Card
ORD103637,2023-01-30,CUST00168,48.0,Female,Small Business,Home & Kitchen,Water Bottle,2356.05,1,0.0,2356.05,733.79,South,Hyderabad,UPI
ORD106458,2023-01-30,CUST01576,18.0,Male,Consumer,Beauty & Personal Care,Face Wash,544.73,4,0.05,2069.97,670.59,Central,Bhopal,Debit Card
ORD100168,2023-01-30,CUST00159,38.0,Male,Consumer,Clothing,Running Shoes,2784.45,1,0.05,2645.23,1049.14,West,Ahmedabad,UPI
ORD104057,2023-01-30,CUST00546,26.0,Female,Consumer,Home & Kitchen,Water Bottle,3485.86,2,0.0,6971.72,3014.56,East,Bhubaneswar,UPI
ORD103874,2023-01-31,CUST01538,26.0,Female,Corporate,Clothing,Formal Shirt,2158.77,1,0.0,2158.77,511.74,North,Jaipur,UPI
ORD104216,2023-01-31,CUST02042,45.0,Female,Small Business,Home & Kitchen,Non-Stick Pan,5453.01,2,0.1,9815.42,2486.83,West,Mumbai,Credit Card
ORD102203,2023-01-31,CUST02081,50.0,Female,Corporate,Clothing,Sports Cap,1818.19,1,0.05,1727.28,351.04,East,Kolkata,Cash on Delivery
ORD101072,2023-01-31,CUST01320,25.0,Female,Corporate,Electronics,Smartphone Case,6426.24,1,0.1,5783.62,1909.88,West,Surat,Debit Card
ORD101794,2023-01-31,CUST01176,44.0,Female,Small Business,Home & Kitchen,Non-Stick Pan,1506.27,1,0.1,1355.64,305.54,North,Chandigarh,Debit Card
ORD102939,2023-01-31,CUST01307,19.0,Female,Consumer,Clothing,Running Shoes,2801.55,3,0.05,7984.42,2418.07,South,Kochi,Net Banking
ORD101422,2023-01-31,CUST00197,36.0,Male,Corporate,Clothing,Men's T-Shirt,520.03,1,0.05,494.03,151.01,West,Mumbai,Debit Card
ORD105016,2023-01-31,CUST01495,36.0,Female,Consumer,Clothing,Men's T-Shirt,1932.19,1,0.15,1642.36,406.67,West,Surat,UPI
ORD101826,2023-01-31,CUST02077,24.0,Female,Consumer,Clothing,Formal Shirt,2207.28,1,0.2,1765.82,382.65,West,Ahmedabad,Debit Card
ORD101866,2023-02-01,CUST00802,46.0,Female,Corporate,Books & Stationery,Desk Organizer,815.05,1,0.0,815.05,356.37,West,Pune,UPI
ORD104843,2023-02-01,CUST00329,49.0,Female,Corporate,Home & Kitchen,Bedsheet Set,2908.21,1,0.25,2181.16,-145.09,East,Kolkata,Cash on Delivery
ORD100472,2023-02-01,CUST01434,30.0,Female,Corporate,Clothing,Sports Cap,2250.61,1,0.0,2250.61,690.5,Central,Nagpur,Cash on Delivery
ORD101548,2023-02-01,CUST00772,34.0,Male,Corporate,Electronics,Bluetooth Speaker,7125.62,1,0.2,5700.5,517.91,East,Bhubaneswar,Cash on Delivery
ORD102365,2023-02-02,CUST00412,20.0,Female,Corporate,Clothing,Sports Cap,1503.3,1,0.0,1503.3,608.98,South,Chennai,Net Banking
ORD105983,2023-02-02,CUST00619,38.0,Male,Corporate,Electronics,Smartwatch,2689.36,2,0.0,5378.72,1255.83,West,Ahmedabad,Cash on Delivery
ORD102776,2023-02-02,CUST01882,48.0,Female,Small Business,Home & Kitchen,Ceramic Mug Set,2954.05,1,0.0,2954.05,1283.85,East,Kolkata,Credit Card
ORD104389,2023-02-02,CUST00503,38.0,Male,Small Business,Electronics,Smartphone Case,707.87,1,0.1,637.08,226.04,West,Pune,UPI
ORD104089,2023-02-03,CUST00660,32.0,Female,Small Business,Home & Kitchen,Ceramic Mug Set,2523.19,1,0.0,2523.19,568.99,North,Chandigarh,Debit Card
ORD100347,2023-02-03,CUST00166,18.0,Male,Corporate,Home & Kitchen,Ceramic Mug Set,2752.82,1,0.05,2615.18,500.62,East,Patna,Debit Card
ORD101194,2023-02-03,CUST00579,18.0,Female,Small Business,Beauty & Personal Care,Perfume,1914.38,1,0.1,1722.94,335.3,East,Bhubaneswar,Net Banking
ORD100486,2023-02-03,CUST00128,25.0,Female,Corporate,Clothing,Winter Jacket,346.56,1,0.0,346.56,146.26,East,Kolkata,UPI
ORD100514,2023-02-03,CUST00102,40.0,Male,Consumer,Furniture,Wardrobe,8955.37,1,0.15,7612.06,1883.13,Central,Bhopal,Cash on Delivery
ORD102837,2023-02-03,CUST00642,36.0,Female,Consumer,Home & Kitchen,Water Bottle,1757.22,1,0.0,1757.22,524.19,South,Kochi,Cash on Delivery
ORD100058,2023-02-03,CUST01237,41.0,Female,Consumer,Clothing,Winter Jacket,1557.71,1,0.0,1557.71,602.25,Central,Bhopal,UPI
ORD102283,2023-02-03,CUST01926,45.0,Other,Consumer,Furniture,Wardrobe,11878.22,1,0.0,11878.22,3084.21,East,Kolkata,Credit Card
ORD105954,2023-02-03,CUST00360,35.0,Female,Consumer,Electronics,Power Bank,3846.24,4,0.05,14615.71,4411.93,West,Surat,UPI
ORD105094,2023-02-03,CUST00154,26.0,Male,Consumer,Sports & Outdoors,Football,1967.82,2,0.0,3935.64,1278.43,West,Mumbai,Credit Card
ORD104393,2023-02-03,CUST01688,18.0,Female,Consumer,Home & Kitchen,Bedsheet Set,2812.33,1,0.0,2812.33,572.47,Central,Raipur,Cash on Delivery
ORD100957,2023-02-04,CUST00328,44.0,Female,Small Business,Clothing,Kids Hoodie,835.06,1,0.2,668.05,140.62,South,Chennai,Cash on Delivery
ORD100334,2023-02-04,CUST01312,39.0,Male,Corporate,Electronics,Laptop Stand,4703.55,1,0.25,3527.66,887.2,Central,Nagpur,Debit Card
ORD100029,2023-02-04,CUST00475,32.0,Male,Consumer,Home & Kitchen,Non-Stick Pan,836.19,1,0.0,836.19,369.27,East,Patna,Cash on Delivery
ORD102606,2023-02-04,CUST01378,45.0,Female,Consumer,Electronics,USB-C Cable,7553.23,1,0.0,7553.23,2172.89,Central,Raipur,Net Banking
ORD104676,2023-02-04,CUST00285,28.0,Female,Corporate,Beauty & Personal Care,Trimmer,1944.29,2,0.0,3888.58,1472.63,Central,Bhopal,UPI
ORD102644,2023-02-05,CUST00675,31.0,Female,Consumer,Home & Kitchen,Mixer Grinder,3514.45,1,0.15,2987.28,802.27,West,Ahmedabad,Cash on Delivery
ORD106410,2023-02-05,CUST02026,24.0,Female,Corporate,Home & Kitchen,Water Bottle,4678.59,1,0.0,4678.59,1082.74,Central,Raipur,UPI
ORD104341,2023-02-05,CUST01720,35.0,Female,Small Business,Home & Kitchen,LED Table Lamp,5527.43,2,0.05,10502.12,2961.04,East,Bhubaneswar,Cash on Delivery
ORD102231,2023-02-05,CUST01643,27.0,Male,Small Business,Furniture,Office Chair,3859.08,1,0.05,3666.13,1020.45,East,Kolkata,Net Banking
ORD101465,2023-02-05,CUST01299,39.0,Female,Corporate,Clothing,Running Shoes,2076.07,2,0.25,3114.11,429.03,South,Hyderabad,Credit Card
ORD104924,2023-02-06,CUST00592,40.0,Female,Small Business,Books & Stationery,Desk Organizer,484.89,1,0.0,484.89,122.74,South,Kochi,UPI
ORD105639,2023-02-06,CUST00788,31.0,Male,Small Business,Furniture,Wardrobe,3905.67,1,0.1,3515.1,1258.74,North,Jaipur,
ORD105547,2023-02-06,CUST01982,18.0,Male,Consumer,Home & Kitchen,Non-Stick Pan,4278.43,1,0.05,4064.51,1365.98,South,Kochi,UPI
ORD104387,2023-02-06,CUST01963,43.0,Female,Corporate,Home & Kitchen,Storage Rack,2842.58,1,0.05,2700.45,921.46,Central,Raipur,Net Banking
ORD105624,2023-02-06,CUST01691,18.0,Female,Consumer,Electronics,Bluetooth Speaker,3906.18,1,0.1,3515.56,1281.94,North,Jaipur,UPI
ORD103671,2023-02-06,CUST01616,18.0,Male,Corporate,Clothing,Men's T-Shirt,1074.5,3,0.15,2739.98,374.3,Central,Bhopal,UPI
ORD105414,2023-02-06,CUST00045,19.0,Female,Consumer,Electronics,Bluetooth Speaker,5752.09,1,0.05,5464.49,1450.41,South,Kochi,Credit Card
ORD104563,2023-02-06,CUST01138,27.0,Male,Corporate,Electronics,Smartwatch,3859.37,1,0.0,3859.37,802.8,North,Jaipur,Credit Card
ORD102562,2023-02-07,CUST00023,37.0,Female,Corporate,Home & Kitchen,Storage Rack,1188.01,1,0.05,1128.61,419.85,South,Kochi,UPI
ORD103978,2023-02-07,CUST01241,18.0,Female,Small Business,Furniture,Study Table,13816.01,2,0.1,24868.82,6370.38,West,Ahmedabad,
ORD103958,2023-02-07,CUST00516,18.0,Male,Consumer,Furniture,Wardrobe,8226.0,2,0.0,16452.0,3464.96,West,Surat,Credit Card
ORD105976,2023-02-07,CUST00412,,Female,Corporate,Home & Kitchen,Bedsheet Set,3882.41,1,0.05,3688.29,654.91,West,Surat,Cash on Delivery
ORD105287,2023-02-07,CUST01509,29.0,Male,Corporate,Clothing,Men's T-Shirt,2628.41,1,0.1,2365.57,897.13,North,Jaipur,UPI
ORD102780,2023-02-07,CUST01075,21.0,Male,Consumer,Beauty & Personal Care,Lipstick,902.11,2,0.0,1804.22,736.51,West,Mumbai,Credit Card
ORD106152,2023-02-07,CUST01746,19.0,Female,Small Business,Clothing,Men's T-Shirt,689.23,1,0.2,551.38,45.98,East,Kolkata,UPI
ORD103808,2023-02-07,CUST00223,34.0,Male,Corporate,Sports & Outdoors,Cricket Bat,2375.04,1,0.25,1781.28,348.02,West,Surat,Debit Card
ORD104107,2023-02-07,CUST00246,21.0,Female,Consumer,Electronics,Power Bank,8906.04,1,0.05,8460.74,3525.42,North,Delhi,Debit Card
ORD103662,2023-02-07,CUST01667,27.0,Male,Consumer,Electronics,Smartphone Case,4974.08,2,0.1,8953.34,2062.04,South,Bengaluru,UPI
ORD100701,2023-02-08,CUST00608,27.0,Other,Corporate,Clothing,Kids Hoodie,1862.64,5,0.05,8847.54,3231.58,East,Patna,UPI
ORD100148,2023-02-08,CUST01085,35.0,Male,Consumer,Clothing,Winter Jacket,1025.04,1,0.05,973.79,396.54,East,Kolkata,Debit Card
ORD105413,2023-02-08,CUST02021,18.0,Female,Consumer,Clothing,Sports Cap,1199.94,4,0.0,4799.76,1643.43,West,Ahmedabad,Net Banking
ORD102329,2023-02-08,CUST00504,25.0,Female,Small Business,Electronics,Smartphone Case,8078.87,1,0.2,6463.1,1610.91,East,Bhubaneswar,UPI
ORD106209,2023-02-08,CUST01305,18.0,Female,Corporate,Books & Stationery,Sketch Pens,621.07,1,0.0,621.07,220.58,West,Mumbai,Cash on Delivery
ORD104372,2023-02-08,CUST01819,45.0,Female,Consumer,Electronics,Smartphone Case,2754.34,1,0.2,2203.47,409.04,South,Bengaluru,UPI
ORD103009,2023-02-08,CUST00938,35.0,Male,Small Business,Beauty & Personal Care,Sunscreen SPF50,1319.88,1,0.1,1187.89,138.07,North,Delhi,Credit Card
ORD100977,2023-02-08,CUST01011,27.0,Male,Consumer,Beauty & Personal Care,Sunscreen SPF50,1288.31,1,0.05,1223.89,412.82,Central,Bhopal,UPI
ORD103993,2023-02-08,CUST00612,27.0,Female,Consumer,Clothing,Women's Jeans,2796.74,1,0.2,2237.39,484.72,West,Surat,Net Banking
ORD105501,2023-02-08,CUST01897,34.0,Male,Consumer,Clothing,Formal Shirt,2827.37,2,0.0,5654.74,1728.04,West,Surat,UPI
ORD100300,2023-02-08,CUST02080,37.0,Male,Consumer,Books & Stationery,Planner Diary,228.24,1,0.1,205.42,44.94,Central,Raipur,Debit Card
ORD104951,2023-02-08,CUST00484,41.0,Male,Corporate,Beauty & Personal Care,Trimmer,1088.27,3,0.05,3101.57,592.84,Central,Bhopal,Credit Card
ORD102986,2023-02-08,CUST01602,22.0,Male,Corporate,Beauty & Personal Care,Trimmer,1645.22,2,0.0,3290.44,1090.53,West,Ahmedabad,UPI
ORD106120,2023-02-09,CUST01186,20.0,Male,Small Business,Books & Stationery,Sketch Pens,177.88,1,0.05,168.99,56.73,Central,Bhopal,Credit Card
ORD106096,2023-02-09,CUST02021,18.0,Female,Consumer,Home & Kitchen,Bedsheet Set,2835.8,1,0.25,2126.85,211.42,South,Kochi,Debit Card
ORD106170,2023-02-09,CUST02030,46.0,Female,Corporate,Furniture,Study Table,14466.79,1,0.0,14466.79,4051.04,East,Patna,Debit Card
ORD103487,2023-02-09,CUST00590,38.0,Male,Small Business,Beauty & Personal Care,Hair Dryer,390.13,1,0.0,390.13,151.76,Central,Bhopal,Credit Card
ORD102064,2023-02-09,CUST01461,31.0,Female,Consumer,Beauty & Personal Care,Perfume,1915.6,2,0.1,3448.08,1334.81,South,Kochi,UPI
ORD105091,2023-02-09,CUST00459,26.0,Male,Consumer,Clothing,Summer Dress,812.6,1,0.0,812.6,189.17,West,Pune,Cash on Delivery
ORD102023,2023-02-09,CUST01347,18.0,Male,Consumer,Home & Kitchen,LED Table Lamp,1779.79,3,0.1,4805.43,1662.92,East,Patna,Debit Card
ORD103809,2023-02-09,CUST01411,41.0,Female,Consumer,Clothing,Sports Cap,949.6,1,0.15,807.16,103.89,East,Kolkata,Net Banking
ORD106329,2023-02-09,CUST01856,30.0,Female,Consumer,Electronics,Wireless Earbuds,1730.92,1,0.0,1730.92,490.24,East,Bhubaneswar,Cash on Delivery
ORD102653,2023-02-09,CUST00702,35.0,Male,Corporate,Electronics,Smartphone Case,3653.79,1,0.05,3471.1,741.98,West,Ahmedabad,Debit Card
ORD105027,2023-02-09,CUST00155,41.0,Male,Consumer,Clothing,Running Shoes,2851.63,2,0.0,5703.26,2491.34,South,Hyderabad,Credit Card
ORD101302,2023-02-09,CUST01901,21.0,Male,Consumer,Home & Kitchen,Mixer Grinder,329.6,1,0.0,329.6,68.25,Central,Raipur,Debit Card
ORD103449,2023-02-10,CUST00840,43.0,Male,Corporate,Electronics,Power Bank,6540.25,2,0.0,13080.5,4066.09,South,Bengaluru,Cash on Delivery
ORD104745,2023-02-10,CUST01865,44.0,Female,Consumer,Electronics,Bluetooth Speaker,7597.09,2,0.0,15194.18,4648.57,North,Chandigarh,Cash on Delivery
ORD104650,2023-02-10,CUST01903,37.0,Female,Consumer,Furniture,Bookshelf,9585.38,1,0.05,9106.11,3090.93,West,Surat,Debit Card
ORD105324,2023-02-11,CUST01704,38.0,Female,Consumer,Beauty & Personal Care,Hair Dryer,301.57,2,0.05,572.98,216.41,North,Jaipur,Cash on Delivery
ORD104721,2023-02-11,CUST00026,39.0,Male,Consumer,Home & Kitchen,Air Fryer,447.51,1,0.1,402.76,118.31,East,Bhubaneswar,UPI
ORD106465,2023-02-11,CUST01723,23.0,Female,Consumer,Home & Kitchen,Non-Stick Pan,3468.67,1,0.05,3295.24,695.94,North,Jaipur,Credit Card
ORD102905,2023-02-11,CUST01209,34.0,Female,Corporate,Beauty & Personal Care,Lipstick,1577.85,1,0.0,1577.85,462.7,East,Patna,Debit Card
ORD105585,2023-02-11,CUST01227,42.0,Female,Small Business,Clothing,Men's T-Shirt,1222.26,1,0.0,1222.26,514.54,South,Bengaluru,Cash on Delivery
ORD106172,2023-02-11,CUST00629,22.0,Female,Consumer,Electronics,Smartwatch,3433.0,1,0.15,2918.05,779.79,West,Surat,Debit Card
ORD100818,2023-02-11,CUST00976,21.0,Other,Corporate,Home & Kitchen,Ceramic Mug Set,2362.32,1,0.15,2007.97,268.23,North,Jaipur,Credit Card
ORD104335,2023-02-11,CUST00386,41.0,Male,Small Business,Beauty & Personal Care,Hair Dryer,1554.13,1,0.0,1554.13,418.16,South,Kochi,Credit Card
ORD102601,2023-02-11,CUST00771,45.0,Male,Consumer,Books & Stationery,Fiction Novel,772.23,1,0.1,695.01,129.38,South,Hyderabad,Cash on Delivery
ORD105263,2023-02-11,CUST00905,29.0,Male,Consumer,Beauty & Personal Care,Trimmer,1846.33,5,0.15,7846.9,1848.68,West,Ahmedabad,UPI
ORD105815,2023-02-12,CUST01888,30.0,Female,Consumer,Home & Kitchen,Storage Rack,2648.09,2,0.15,4501.75,808.12,North,Chandigarh,Debit Card
ORD105122,2023-02-12,CUST01517,26.0,Male,Corporate,Beauty & Personal Care,Face Wash,609.86,2,0.25,914.79,-13.31,West,Mumbai,Cash on Delivery
ORD106168,2023-02-12,CUST00495,18.0,Male,Consumer,Beauty & Personal Care,Lipstick,1911.49,1,0.2,1529.19,206.52,West,Ahmedabad,Debit Card
ORD103164,2023-02-12,CUST00986,39.0,Male,Consumer,Beauty & Personal Care,Face Wash,1952.66,1,0.15,1659.76,256.36,Central,Raipur,UPI
ORD100528,2023-02-12,CUST01603,53.0,Female,Corporate,Clothing,Running Shoes,2908.88,1,0.1,2617.99,915.31,North,Chandigarh,UPI
ORD103024,2023-02-12,CUST02063,18.0,Female,Consumer,Beauty & Personal Care,Sunscreen SPF50,526.33,1,0.1,473.7,161.07,North,Delhi,UPI
ORD100458,2023-02-12,CUST01107,18.0,Female,Consumer,Beauty & Personal Care,Perfume,1175.46,2,0.2,1880.74,68.23,East,Kolkata,Credit Card
ORD105668,2023-02-12,CUST01503,38.0,Female,Small Business,Books & Stationery,Planner Diary,966.75,1,0.1,870.08,156.27,West,Ahmedabad,UPI
ORD103743,2023-02-12,CUST00591,31.0,Female,Consumer,Electronics,USB-C Cable,4453.75,2,0.15,7571.38,1308.61,North,Lucknow,Credit Card
ORD104009,2023-02-12,CUST01618,22.0,Male,Consumer,Electronics,Webcam,3125.45,2,0.1,5625.81,1034.5,South,Chennai,Net Banking
ORD104891,2023-02-12,CUST01890,33.0,Male,Consumer,Electronics,Smartphone Case,7964.2,2,0.1,14335.56,5504.9,South,Kochi,UPI
ORD101716,2023-02-13,CUST00828,39.0,Male,Consumer,Home & Kitchen,Ceramic Mug Set,2222.87,1,0.1,2000.58,233.69,South,Chennai,Cash on Delivery
ORD103233,2023-02-13,CUST01093,49.0,Female,Corporate,Clothing,Winter Jacket,900.21,2,0.0,1800.42,522.99,West,Ahmedabad,Cash on Delivery
ORD102448,2023-02-13,CUST01480,25.0,Male,Consumer,Sports & Outdoors,Dumbbell Set,3551.21,1,0.1,3196.09,1008.74,South,Chennai,Credit Card
ORD105225,2023-02-13,CUST02087,29.0,Female,Consumer,Clothing,Running Shoes,1551.36,2,0.05,2947.58,980.47,West,Surat,UPI
ORD102732,2023-02-13,CUST01931,33.0,Male,Small Business,Electronics,Wireless Earbuds,5363.5,1,0.1,4827.15,1389.17,North,Jaipur,Debit Card
ORD101998,2023-02-13,CUST00656,39.0,Male,Small Business,Home & Kitchen,Air Fryer,5402.39,1,0.1,4862.15,824.8,South,Hyderabad,UPI
ORD104236,2023-02-13,CUST01203,35.0,Male,Consumer,Clothing,Formal Shirt,1477.95,5,0.0,7389.75,2431.55,North,Chandigarh,UPI
ORD105635,2023-02-13,CUST01379,31.0,Male,Consumer,Electronics,Power Bank,4843.3,1,0.05,4601.14,1099.64,North,Lucknow,UPI
ORD103562,2023-02-13,CUST01525,30.0,Male,Consumer,Clothing,Sports Cap,1825.84,1,0.15,1551.96,288.39,East,Bhubaneswar,Debit Card
ORD101413,2023-02-13,CUST01057,55.0,Male,Corporate,Clothing,Sports Cap,2472.82,2,0.1,4451.08,779.12,North,Jaipur,Net Banking
ORD101100,2023-02-13,CUST00820,27.0,Male,Consumer,Beauty & Personal Care,Face Wash,587.19,1,0.0,587.19,174.4,North,Delhi,UPI
ORD104209,2023-02-13,CUST00933,40.0,Male,Corporate,Furniture,Wardrobe,12877.74,1,0.2,10302.19,403.89,North,Chandigarh,Credit Card
ORD100424,2023-02-13,CUST00164,51.0,Female,Corporate,Home & Kitchen,Storage Rack,2808.73,1,0.05,2668.29,1027.59,North,Chandigarh,Debit Card
ORD101940,2023-02-14,CUST02007,35.0,Male,Consumer,Electronics,Smartphone Case,3463.27,1,0.0,3463.27,1179.82,North,Lucknow,Debit Card
ORD100006,2023-02-14,CUST00891,36.0,Female,Corporate,Electronics,Smartwatch,7236.93,1,0.0,7236.93,3127.37,West,Ahmedabad,Cash on Delivery
ORD104283,2023-02-14,CUST00104,53.0,Female,Corporate,Beauty & Personal Care,Trimmer,1079.74,1,0.0,1079.74,232.28,South,Kochi,Credit Card
ORD102677,2023-02-14,CUST00957,35.0,Male,Consumer,Electronics,Wireless Earbuds,5041.61,1,0.1,4537.45,1518.3,East,Patna,Debit Card
ORD106422,2023-02-14,CUST02032,24.0,Male,Small Business,Furniture,Study Table,4815.18,1,0.0,4815.18,1553.21,North,Chandigarh,Cash on Delivery
ORD105219,2023-02-14,CUST00173,37.0,Male,Corporate,Clothing,Women's Jeans,449.46,2,0.0,898.92,373.54,East,Patna,Debit Card
ORD101714,2023-02-14,CUST01942,51.0,Female,Small Business,Home & Kitchen,Bedsheet Set,3442.7,1,0.0,3442.7,777.38,East,Bhubaneswar,UPI
ORD104360,2023-02-15,CUST00857,38.0,Female,Corporate,Electronics,Smartphone Case,3769.33,5,0.05,17904.32,3567.41,West,Surat,Credit Card
ORD102331,2023-02-15,CUST01139,35.0,Female,Small Business,Clothing,Men's T-Shirt,2292.94,1,0.0,2292.94,869.72,West,Ahmedabad,UPI
ORD104085,2023-02-15,CUST02021,18.0,Female,Consumer,Home & Kitchen,Mixer Grinder,1400.1,1,0.0,1400.1,390.98,West,Ahmedabad,Debit Card
ORD104455,2023-02-15,CUST01837,30.0,Female,Consumer,Books & Stationery,Sketch Pens,285.81,1,0.25,214.36,47.98,South,Kochi,UPI
ORD101621,2023-02-15,CUST01353,37.0,Female,Small Business,Clothing,Men's T-Shirt,2703.31,1,0.0,2703.31,545.84,East,Patna,Net Banking
ORD106404,2023-02-15,CUST00529,25.0,Female,Corporate,Beauty & Personal Care,Face Wash,1873.74,1,0.15,1592.68,211.86,South,Chennai,Credit Card
ORD104792,2023-02-16,CUST02033,29.0,Female,Consumer,Electronics,Smartphone Case,3853.54,1,0.15,3275.51,921.09,North,Lucknow,UPI
ORD101520,2023-02-16,CUST00268,18.0,Female,Consumer,Clothing,Men's T-Shirt,457.79,2,0.0,915.58,288.4,South,Kochi,Debit Card
ORD105472,2023-02-16,CUST01114,31.0,Male,Consumer,Furniture,Bookshelf,10248.5,1,0.0,10248.5,3566.36,South,Bengaluru,
ORD100616,2023-02-16,CUST01107,18.0,Female,Consumer,Books & Stationery,Sketch Pens,715.65,2,0.05,1359.74,257.22,West,Ahmedabad,Credit Card
ORD101319,2023-02-16,CUST00332,22.0,Male,Consumer,Electronics,Smartphone Case,6989.01,1,0.1,6290.11,1665.45,South,Hyderabad,Net Banking
ORD101711,2023-02-17,CUST00214,22.0,Female,Consumer,Beauty & Personal Care,Sunscreen SPF50,263.46,1,0.05,250.29,65.48,East,Kolkata,Debit Card
ORD102759,2023-02-17,CUST00505,43.0,Female,Consumer,Home & Kitchen,Ceramic Mug Set,3092.37,1,0.05,2937.75,1033.09,North,Jaipur,UPI
ORD104251,2023-02-17,CUST00230,18.0,Female,Consumer,Electronics,Webcam,5378.54,1,0.2,4302.83,628.87,South,Kochi,Cash on Delivery
ORD101725,2023-02-17,CUST01262,43.0,Female,Consumer,Electronics,USB-C Cable,5652.33,1,0.15,4804.48,555.22,North,Jaipur,UPI
ORD104380,2023-02-17,CUST00478,38.0,Male,Consumer,Books & Stationery,Sketch Pens,616.48,1,0.0,616.48,168.89,South,Kochi,Net Banking
ORD105087,2023-02-17,CUST00714,37.0,Female,Consumer,Furniture,Bookshelf,7958.58,1,0.0,7958.58,2423.11,South,Chennai,Credit Card
ORD102060,2023-02-17,CUST01242,24.0,Female,Corporate,Sports & Outdoors,Yoga Mat,2672.67,1,0.0,2672.67,778.2,West,Surat,Credit Card
ORD103726,2023-02-17,CUST00509,41.0,Male,Consumer,Sports & Outdoors,Camping Tent,4625.32,2,0.05,8788.11,2472.72,East,Bhubaneswar,Net Banking
ORD104267,2023-02-17,CUST00723,27.0,Male,Small Business,Home & Kitchen,Non-Stick Pan,2094.03,1,0.2,1675.22,430.32,East,Patna,UPI
ORD102246,2023-02-18,CUST00449,,Male,Consumer,Clothing,Formal Shirt,997.44,1,0.0,997.44,251.9,North,Delhi,Credit Card
ORD103122,2023-02-18,CUST01501,50.0,Female,Small Business,Books & Stationery,Notebook Pack,426.09,1,0.0,426.09,92.34,North,Jaipur,UPI
ORD102510,2023-02-18,CUST01591,33.0,Female,Consumer,Books & Stationery,Notebook Pack,186.63,4,0.15,634.54,66.92,South,Bengaluru,Credit Card
ORD103539,2023-02-18,CUST01445,19.0,Male,Consumer,Beauty & Personal Care,Sunscreen SPF50,310.38,1,0.05,294.86,84.07,North,Lucknow,Credit Card
ORD106153,2023-02-18,CUST01757,31.0,Female,Corporate,Electronics,Laptop Stand,4829.79,1,0.1,4346.81,1624.77,Central,Bhopal,UPI
ORD106448,2023-02-18,CUST00902,18.0,Male,Consumer,Home & Kitchen,Ceramic Mug Set,701.12,2,0.05,1332.13,488.68,South,Hyderabad,Credit Card
ORD100704,2023-02-18,CUST02025,42.0,Male,Small Business,Home & Kitchen,Non-Stick Pan,3801.51,1,0.0,3801.51,1185.4,East,Kolkata,Debit Card
ORD100083,2023-02-18,CUST00027,28.0,Male,Consumer,Clothing,Sports Cap,1762.5,1,0.0,1762.5,638.23,North,Delhi,UPI
ORD104611,2023-02-18,CUST01310,19.0,Male,Consumer,Furniture,Office Chair,10255.94,1,0.0,10255.94,3147.71,North,Chandigarh,Debit Card
ORD102609,2023-02-18,CUST00537,18.0,Male,Consumer,Clothing,Sports Cap,2082.17,2,0.0,4164.34,1439.9,North,Delhi,UPI
ORD103509,2023-02-18,CUST01179,44.0,Female,Corporate,Clothing,Summer Dress,1200.78,1,0.0,1200.78,536.62,South,Chennai,UPI
ORD102011,2023-02-18,CUST00921,50.0,Male,Corporate,Home & Kitchen,Ceramic Mug Set,3888.49,1,0.0,3888.49,1691.05,North,Lucknow,UPI
ORD101929,2023-02-19,CUST01148,29.0,Male,Consumer,Electronics,Laptop Stand,5842.08,2,0.1,10515.74,3556.46,South,Chennai,Credit Card
ORD105433,2023-02-19,CUST01995,24.0,Female,Consumer,Beauty & Personal Care,Trimmer,1622.3,1,0.05,1541.18,535.16,Central,Raipur,UPI
ORD101258,2023-02-19,CUST00553,28.0,Male,Consumer,Clothing,Formal Shirt,2212.3,1,0.2,1769.84,9.11,West,Pune,Cash on Delivery
ORD100032,2023-02-19,CUST01770,26.0,Female,Consumer,Clothing,Running Shoes,1953.71,2,0.1,3516.68,859.89,West,Surat,UPI
ORD105197,2023-02-19,CUST00624,33.0,Male,Corporate,Furniture,Coffee Table,10935.46,1,0.0,10935.46,3097.86,Central,Raipur,Credit Card
ORD106360,2023-02-19,CUST01188,46.0,Male,Small Business,Clothing,Kids Hoodie,701.6,1,0.15,596.36,114.95,North,Jaipur,UPI
ORD103157,2023-02-19,CUST00131,25.0,Female,Consumer,Clothing,Formal Shirt,954.29,1,0.1,858.86,131.61,South,Bengaluru,UPI
ORD105592,2023-02-20,CUST00808,52.0,Female,Corporate,Electronics,Webcam,2011.45,1,0.2,1609.16,52.26,South,Bengaluru,Cash on Delivery
ORD106272,2023-02-20,CUST01390,52.0,Female,Consumer,Beauty & Personal Care,Perfume,235.37,2,0.05,447.2,73.39,West,Ahmedabad,Credit Card
ORD102081,2023-02-20,CUST00496,23.0,Male,Consumer,Home & Kitchen,Mixer Grinder,3784.13,1,0.1,3405.72,738.82,East,Patna,Cash on Delivery
ORD105571,2023-02-20,CUST01264,18.0,Male,Consumer,Furniture,Office Chair,9066.12,2,0.05,17225.63,5594.05,Central,Nagpur,UPI
ORD100859,2023-02-20,CUST01711,18.0,Female,Consumer,Home & Kitchen,Storage Rack,266.88,1,0.2,213.5,46.0,South,Bengaluru,Net Banking
ORD101038,2023-02-20,CUST01039,27.0,Female,Consumer,Home & Kitchen,Water Bottle,3532.46,1,0.2,2825.97,737.74,East,Patna,Credit Card
ORD103688,2023-02-20,CUST01390,52.0,Female,Consumer,Electronics,USB-C Cable,3708.85,1,0.15,3152.52,430.49,South,Chennai,Debit Card
ORD102726,2023-02-20,CUST00434,22.0,Male,Consumer,Sports & Outdoors,Cycling Helmet,6044.54,1,0.1,5440.09,797.74,Central,Raipur,Net Banking
ORD102008,2023-02-20,CUST01895,18.0,Male,Corporate,Sports & Outdoors,Cycling Helmet,2630.54,1,0.15,2235.96,267.92,West,Pune,Cash on Delivery
ORD102549,2023-02-20,CUST00580,44.0,Female,Consumer,Electronics,Webcam,6172.46,1,0.05,5863.84,1999.61,East,Kolkata,Net Banking
ORD103511,2023-02-21,CUST00430,34.0,Female,Small Business,Beauty & Personal Care,Perfume,1661.36,1,0.0,1661.36,562.27,North,Chandigarh,Credit Card
ORD100850,2023-02-21,CUST01665,29.0,Male,Consumer,Home & Kitchen,Mixer Grinder,5777.16,1,0.1,5199.44,1177.94,South,Bengaluru,Cash on Delivery
ORD102357,2023-02-21,CUST00180,32.0,Male,Corporate,Home & Kitchen,Bedsheet Set,4080.65,1,0.1,3672.58,410.66,Central,Raipur,UPI
ORD103290,2023-02-21,CUST01834,46.0,Female,Corporate,Books & Stationery,Desk Organizer,404.46,1,0.05,384.24,135.57,South,Bengaluru,Cash on Delivery
ORD103295,2023-02-21,CUST00681,30.0,Male,Consumer,Sports & Outdoors,Yoga Mat,3722.48,1,0.1,3350.23,1247.37,South,Bengaluru,
ORD101788,2023-02-21,CUST01020,34.0,Male,Consumer,Books & Stationery,Planner Diary,916.91,1,0.1,825.22,308.13,West,Mumbai,Net Banking
ORD105767,2023-02-21,CUST01241,18.0,Female,Small Business,Clothing,Winter Jacket,2671.0,3,0.15,6811.05,823.51,South,Bengaluru,UPI
ORD103321,2023-02-21,CUST00435,33.0,Female,Corporate,Clothing,Formal Shirt,1170.94,1,0.0,1170.94,294.43,Central,Raipur,UPI
ORD103400,2023-02-21,CUST00373,51.0,Male,Consumer,Home & Kitchen,Bedsheet Set,4252.97,2,0.0,8505.94,3271.97,East,Kolkata,UPI
ORD100722,2023-02-21,CUST01698,42.0,Female,Corporate,Beauty & Personal Care,Sunscreen SPF50,352.75,1,0.1,317.48,103.06,West,Pune,Credit Card
ORD103791,2023-02-21,CUST01273,18.0,Female,Consumer,Beauty & Personal Care,Sunscreen SPF50,511.19,1,0.15,434.51,148.34,South,Kochi,Credit Card
ORD104731,2023-02-22,CUST01778,29.0,Male,Consumer,Books & Stationery,Notebook Pack,571.93,1,0.0,571.93,148.11,East,Patna,Credit Card
ORD103038,2023-02-22,CUST00852,36.0,Male,Corporate,Clothing,Running Shoes,990.54,2,0.25,1485.81,28.79,South,Hyderabad,Credit Card
ORD101606,2023-02-22,CUST01946,18.0,Male,Consumer,Clothing,Sports Cap,1724.21,2,0.2,2758.74,8.77,East,Patna,UPI
ORD103018,2023-02-22,CUST00545,34.0,Female,Consumer,Beauty & Personal Care,Sunscreen SPF50,779.54,1,0.05,740.56,137.05,West,Pune,UPI
ORD101187,2023-02-22,CUST01709,21.0,Female,Consumer,Clothing,Winter Jacket,333.02,1,0.25,249.76,30.98,Central,Nagpur,UPI
ORD101695,2023-02-22,CUST00130,29.0,Female,Consumer,Books & Stationery,Sketch Pens,350.35,1,0.0,350.35,84.29,East,Patna,Net Banking
ORD101190,2023-02-22,CUST00706,21.0,Female,Small Business,Home & Kitchen,LED Table Lamp,2758.4,2,0.15,4689.28,331.47,South,Kochi,Debit Card
ORD102046,2023-02-22,CUST01486,20.0,Female,Corporate,Electronics,Smartphone Case,8551.21,1,0.0,8551.21,2093.34,Central,Nagpur,Cash on Delivery
ORD104780,2023-02-22,CUST00404,48.0,Female,Consumer,Home & Kitchen,Non-Stick Pan,3546.37,2,0.15,6028.83,1907.27,North,Lucknow,Net Banking
ORD105462,2023-02-22,CUST00647,24.0,Male,Small Business,Electronics,Bluetooth Speaker,7270.17,1,0.1,6543.15,2193.48,Central,Nagpur,UPI
ORD103139,2023-02-23,CUST01776,38.0,Female,Consumer,Home & Kitchen,Non-Stick Pan,2697.39,1,0.1,2427.65,283.3,East,Bhubaneswar,UPI
ORD104862,2023-02-23,CUST00319,31.0,Male,Consumer,Clothing,Sports Cap,2446.93,2,0.0,4893.86,1159.89,Central,Raipur,UPI
ORD104994,2023-02-23,CUST01682,29.0,Female,Corporate,Electronics,Webcam,7143.21,2,0.0,14286.42,4803.6,East,Kolkata,Cash on Delivery
ORD100369,2023-02-23,CUST01453,18.0,Female,Corporate,Beauty & Personal Care,Sunscreen SPF50,1061.54,3,0.25,2388.46,-101.17,South,Chennai,Credit Card
ORD105256,2023-02-23,CUST01974,31.0,Male,Consumer,Home & Kitchen,Bedsheet Set,5417.56,1,0.0,5417.56,1214.89,South,Kochi,Debit Card
ORD104112,2023-02-23,CUST01418,34.0,Male,Corporate,Furniture,Wardrobe,11426.59,2,0.1,20567.86,6522.74,West,Ahmedabad,Credit Card
ORD101997,2023-02-23,CUST00537,18.0,Male,Consumer,Furniture,Bean Bag,7148.88,1,0.0,7148.88,2166.57,West,Surat,Credit Card
ORD101604,2023-02-23,CUST00584,34.0,Male,Consumer,Electronics,Smartwatch,6571.46,1,0.1,5914.31,719.72,West,Pune,UPI
ORD102884,2023-02-23,CUST00407,36.0,Male,Small Business,Home & Kitchen,Water Bottle,4158.6,2,0.15,7069.62,1284.88,Central,Nagpur,Net Banking
ORD103265,2023-02-23,CUST01752,30.0,Male,Small Business,Home & Kitchen,Air Fryer,3476.36,1,0.0,3476.36,995.92,West,Pune,Credit Card
ORD103849,2023-02-23,CUST01528,28.0,Male,Consumer,Clothing,Kids Hoodie,2287.67,1,0.1,2058.9,308.11,Central,Raipur,Debit Card
ORD103307,2023-02-23,CUST01474,19.0,Male,Corporate,Home & Kitchen,Non-Stick Pan,4085.52,1,0.1,3676.97,547.19,East,Patna,UPI
ORD106467,2023-02-24,CUST01433,49.0,Female,Consumer,Electronics,Wireless Earbuds,5617.15,1,0.15,4774.58,1028.76,West,Ahmedabad,Net Banking
ORD102171,2023-02-24,CUST01013,44.0,Male,Consumer,Electronics,Smartwatch,4448.17,5,0.0,22240.85,8510.13,North,Jaipur,Credit Card
ORD100354,2023-02-24,CUST01317,43.0,Female,Corporate,Books & Stationery,Fiction Novel,769.04,1,0.25,576.78,13.27,West,Mumbai,Credit Card
ORD105814,2023-02-24,CUST00198,36.0,Female,Consumer,Sports & Outdoors,Football,3824.14,2,0.05,7265.87,2134.76,North,Chandigarh,UPI
ORD103869,2023-02-24,CUST00145,62.0,Male,Consumer,Beauty & Personal Care,Hair Dryer,661.09,1,0.05,628.04,108.41,West,Ahmedabad,Debit Card
ORD103174,2023-02-24,CUST01361,18.0,Female,Corporate,Electronics,Smartphone Case,4979.74,3,0.2,11951.38,1516.07,West,Mumbai,Credit Card
ORD104801,2023-02-24,CUST00209,28.0,Male,Consumer,Electronics,Laptop Stand,2606.34,2,0.15,4430.78,735.84,South,Bengaluru,UPI
ORD102883,2023-02-25,CUST00988,31.0,Female,Small Business,Clothing,Kids Hoodie,1705.85,2,0.1,3070.53,501.88,West,Mumbai,Credit Card
ORD102279,2023-02-25,CUST01013,44.0,Male,Consumer,Books & Stationery,Fiction Novel,609.26,2,0.0,1218.52,342.96,West,Pune,Debit Card
ORD102401,2023-02-25,CUST00773,46.0,Other,Corporate,Clothing,Running Shoes,2653.54,1,0.0,2653.54,1010.35,Central,Nagpur,Cash on Delivery
ORD100374,2023-02-25,CUST01767,38.0,Female,Small Business,Clothing,Sports Cap,706.74,2,0.05,1342.81,300.86,West,Mumbai,Credit Card
ORD102341,2023-02-25,CUST00971,34.0,Female,Consumer,Clothing,Sports Cap,1023.86,2,0.15,1740.56,317.85,West,Surat,UPI
ORD103518,2023-02-25,CUST00223,34.0,Male,Corporate,Electronics,Wireless Earbuds,4135.11,1,0.1,3721.6,589.8,North,Jaipur,UPI
ORD101798,2023-02-25,CUST01301,50.0,Male,Consumer,Electronics,Laptop Stand,2298.92,1,0.05,2183.97,430.49,West,Pune,UPI
ORD102586,2023-02-25,CUST02075,34.0,Male,Small Business,Sports & Outdoors,Yoga Mat,3942.76,2,0.05,7491.24,2276.65,West,Mumbai,Cash on Delivery
ORD104381,2023-02-25,CUST00422,28.0,Female,Consumer,Home & Kitchen,Air Fryer,5240.77,1,0.0,5240.77,1898.33,Central,Bhopal,Credit Card
ORD105827,2023-02-25,CUST01416,18.0,Female,Consumer,Electronics,USB-C Cable,1669.53,2,0.2,2671.25,422.16,North,Delhi,Cash on Delivery
ORD106199,2023-02-26,CUST01001,50.0,Male,Corporate,Beauty & Personal Care,Lipstick,474.5,1,0.25,355.88,39.75,South,Kochi,UPI
ORD101265,2023-02-26,CUST00974,27.0,Female,Corporate,Furniture,Bookshelf,10063.36,1,0.05,9560.19,2572.39,West,Ahmedabad,Cash on Delivery
ORD105994,2023-02-26,CUST00150,18.0,Female,Small Business,Home & Kitchen,Mixer Grinder,2141.25,2,0.0,4282.5,1262.41,West,Ahmedabad,Debit Card
ORD100436,2023-02-26,CUST01041,32.0,Female,Small Business,Home & Kitchen,LED Table Lamp,4250.36,1,0.0,4250.36,1248.78,North,Lucknow,Credit Card
ORD106007,2023-02-26,CUST02025,42.0,Male,Small Business,Electronics,Webcam,6108.48,1,0.15,5192.21,1723.34,West,Surat,Debit Card
ORD104434,2023-02-26,CUST00932,63.0,Female,Corporate,Electronics,Laptop Stand,3353.78,2,0.05,6372.18,2110.81,West,Mumbai,UPI
ORD102796,2023-02-26,CUST01858,20.0,Female,Consumer,Electronics,Wireless Earbuds,7077.22,2,0.0,14154.44,3594.32,West,Mumbai,Net Banking
ORD101797,2023-02-26,CUST00434,22.0,Male,Consumer,Furniture,Study Table,3483.04,2,0.0,6966.08,1673.83,East,Kolkata,Net Banking
ORD105444,2023-02-26,CUST00807,18.0,Female,Corporate,Beauty & Personal Care,Hair Dryer,1454.81,1,0.0,1454.81,476.57,Central,Raipur,Cash on Delivery
ORD106345,2023-02-26,CUST00619,38.0,Male,Corporate,Electronics,Smartphone Case,4746.28,1,0.1,4271.65,1541.44,East,Bhubaneswar,UPI
ORD102554,2023-02-26,CUST01563,26.0,Male,Small Business,Electronics,Webcam,4691.51,1,0.2,3753.21,65.26,Central,Raipur,Credit Card
ORD101338,2023-02-26,CUST00647,24.0,Male,Small Business,Furniture,Study Table,13556.55,1,0.1,12200.9,4021.18,East,Patna,Cash on Delivery
ORD101493,2023-02-26,CUST01634,43.0,Female,Small Business,Clothing,Men's T-Shirt,2202.73,2,0.15,3744.64,799.32,West,Mumbai,Credit Card
ORD102563,2023-02-26,CUST01980,18.0,Female,Corporate,Beauty & Personal Care,Perfume,1151.35,1,0.25,863.51,-22.42,West,Surat,Cash on Delivery
ORD100077,2023-02-27,CUST00749,23.0,Female,Corporate,Home & Kitchen,Ceramic Mug Set,4008.04,1,0.15,3406.83,1055.89,Central,Raipur,Credit Card
ORD103297,2023-02-27,CUST00631,30.0,Female,Consumer,Clothing,Sports Cap,523.22,2,0.0,1046.44,464.04,East,Patna,Debit Card
ORD100476,2023-02-27,CUST00721,23.0,Male,Small Business,Books & Stationery,Sketch Pens,240.09,2,0.1,432.16,75.15,South,Bengaluru,UPI
ORD101391,2023-02-27,CUST00740,26.0,Female,Small Business,Sports & Outdoors,Dumbbell Set,4307.52,1,0.0,4307.52,1769.55,North,Lucknow,UPI
ORD104701,2023-02-27,CUST00402,32.0,Male,Small Business,Books & Stationery,Notebook Pack,270.1,3,0.0,810.3,297.76,North,Delhi,UPI
ORD105545,2023-02-28,CUST01814,29.0,Female,Small Business,Clothing,Running Shoes,1075.64,1,0.05,1021.86,181.28,South,Hyderabad,Debit Card
ORD105080,2023-02-28,CUST00547,65.0,Male,Consumer,Beauty & Personal Care,Perfume,286.69,1,0.0,286.69,84.58,North,Chandigarh,Credit Card
ORD100983,2023-02-28,CUST01701,33.0,Female,Corporate,Home & Kitchen,Ceramic Mug Set,730.97,1,0.0,730.97,182.14,South,Kochi,Debit Card
ORD100068,2023-02-28,CUST01797,26.0,Female,Consumer,Beauty & Personal Care,Trimmer,198.92,2,0.0,397.84,105.01,West,Ahmedabad,UPI
ORD103285,2023-03-01,CUST01217,32.0,Female,Corporate,Home & Kitchen,Bedsheet Set,4295.5,1,0.2,3436.4,550.57,West,Mumbai,Debit Card
ORD103058,2023-03-01,CUST01278,39.0,Female,Consumer,Beauty & Personal Care,Face Wash,303.94,1,0.2,243.15,52.78,South,Kochi,UPI
ORD101135,2023-03-01,CUST00643,18.0,Female,Small Business,Sports & Outdoors,Camping Tent,6853.14,5,0.1,30839.13,9152.85,South,Bengaluru,Net Banking
ORD100586,2023-03-01,CUST01626,31.0,Female,Corporate,Beauty & Personal Care,Face Wash,974.75,1,0.15,828.54,161.87,South,Hyderabad,Credit Card
ORD102770,2023-03-01,CUST00128,25.0,Female,Corporate,Electronics,Smartphone Case,8439.19,2,0.05,16034.46,5778.92,North,Delhi,Credit Card
ORD102739,2023-03-01,CUST00138,47.0,Female,Corporate,Electronics,Webcam,1780.15,1,0.0,1780.15,736.9,South,Kochi,UPI
ORD100109,2023-03-02,CUST00801,35.0,Male,Consumer,Clothing,Formal Shirt,1281.48,1,0.05,1217.41,425.55,South,Kochi,Net Banking
ORD102546,2023-03-02,CUST02019,39.0,Female,Corporate,Clothing,Women's Jeans,2980.56,1,0.2,2384.45,454.18,North,Chandigarh,Cash on Delivery
ORD103355,2023-03-02,CUST00656,39.0,Male,Small Business,Home & Kitchen,Ceramic Mug Set,449.47,2,0.0,898.94,335.4,East,Kolkata,Debit Card
ORD103057,2023-03-02,CUST01255,18.0,Male,Small Business,Clothing,Women's Jeans,1520.47,1,0.05,1444.45,384.18,South,Hyderabad,Debit Card
ORD104410,2023-03-02,CUST01046,29.0,Female,Small Business,Electronics,Webcam,6370.96,5,0.05,30262.06,6748.73,South,Chennai,UPI
ORD103855,2023-03-02,CUST01182,33.0,Male,Consumer,Home & Kitchen,Water Bottle,1965.99,1,0.0,1965.99,439.93,East,Bhubaneswar,Cash on Delivery
ORD101034,2023-03-02,CUST00648,37.0,Male,Corporate,Books & Stationery,Desk Organizer,555.24,1,0.1,499.72,60.83,West,Pune,Cash on Delivery
ORD104397,2023-03-02,CUST01010,45.0,Female,Corporate,Home & Kitchen,Bedsheet Set,5048.01,1,0.0,5048.01,1258.35,South,Kochi,Debit Card
ORD102558,2023-03-02,CUST00266,35.0,Female,Corporate,Sports & Outdoors,Camping Tent,6249.0,1,0.1,5624.1,1674.63,East,Patna,Net Banking
ORD100497,2023-03-02,CUST01143,39.0,Male,Consumer,Beauty & Personal Care,Face Wash,369.28,1,0.0,369.28,81.69,West,Ahmedabad,Net Banking
ORD106133,2023-03-02,CUST01877,31.0,Male,Consumer,Books & Stationery,Notebook Pack,911.15,1,0.1,820.04,266.57,North,Jaipur,UPI
ORD101939,2023-03-02,CUST00951,24.0,Male,Consumer,Home & Kitchen,Ceramic Mug Set,1750.69,1,0.0,1750.69,569.7,East,Kolkata,Cash on Delivery
ORD105610,2023-03-02,CUST01091,20.0,Female,Corporate,Electronics,Smartwatch,2451.5,2,0.1,4412.7,918.27,Central,Bhopal,Credit Card
ORD104806,2023-03-03,CUST01555,36.0,Male,Corporate,Beauty & Personal Care,Face Wash,1626.12,1,0.0,1626.12,645.94,South,Chennai,Credit Card
ORD105930,2023-03-03,CUST01760,18.0,Female,Small Business,Home & Kitchen,Bedsheet Set,4270.27,1,0.1,3843.24,1278.79,North,Delhi,UPI
ORD102932,2023-03-03,CUST00578,30.0,Male,Corporate,Clothing,Running Shoes,1860.18,1,0.15,1581.15,119.56,South,Chennai,Net Banking
ORD100311,2023-03-03,CUST01522,46.0,Female,Consumer,Sports & Outdoors,Cycling Helmet,5624.34,2,0.1,10123.81,3183.39,North,Lucknow,Debit Card
ORD103717,2023-03-03,CUST00106,22.0,Male,Corporate,Clothing,Kids Hoodie,2072.2,2,0.05,3937.18,1241.42,East,Kolkata,Cash on Delivery
ORD102238,2023-03-03,CUST00301,33.0,Male,Corporate,Electronics,Smartphone Case,5735.19,1,0.05,5448.43,1957.52,West,Mumbai,Cash on Delivery
ORD101289,2023-03-03,CUST01838,36.0,Female,Consumer,Electronics,Smartwatch,6568.81,2,0.1,11823.86,2115.9,West,Pune,UPI
ORD100672,2023-03-04,CUST01105,30.0,Male,Consumer,Books & Stationery,Notebook Pack,382.31,1,0.0,382.31,86.9,Central,Bhopal,Debit Card
ORD104305,2023-03-04,CUST01956,25.0,Female,Corporate,Clothing,Winter Jacket,1332.74,1,0.1,1199.47,352.76,South,Chennai,Debit Card
ORD102342,2023-03-04,CUST01830,35.0,Male,Consumer,Clothing,Formal Shirt,1257.24,2,0.1,2263.03,306.07,North,Jaipur,UPI
ORD105137,2023-03-04,CUST00050,19.0,Female,Consumer,Clothing,Summer Dress,2918.0,2,0.0,5836.0,1701.69,South,Chennai,Debit Card
ORD104291,2023-03-04,CUST01841,33.0,Male,Small Business,Clothing,Sports Cap,352.42,1,0.0,352.42,72.04,West,Mumbai,Credit Card
ORD101597,2023-03-04,CUST00520,27.0,Male,Small Business,Electronics,USB-C Cable,4340.92,5,0.05,20619.37,7775.03,East,Kolkata,Cash on Delivery
ORD101310,2023-03-04,CUST00956,47.0,Male,Corporate,Clothing,Sports Cap,2650.03,2,0.1,4770.05,1439.44,South,Bengaluru,Credit Card
ORD104366,2023-03-04,CUST00632,28.0,Male,Consumer,Books & Stationery,Planner Diary,554.77,1,0.1,499.29,108.76,East,Bhubaneswar,Credit Card
ORD102136,2023-03-04,CUST00700,32.0,Female,Small Business,Electronics,Laptop Stand,4531.38,2,0.0,9062.76,3214.25,South,Bengaluru,Debit Card
ORD101985,2023-03-05,CUST01070,18.0,Male,Consumer,Clothing,Summer Dress,1237.45,1,0.15,1051.83,199.53,South,Hyderabad,UPI
ORD101318,2023-03-05,CUST00215,38.0,Female,Small Business,Electronics,Smartphone Case,3556.19,1,0.2,2844.95,822.1,East,Patna,Credit Card
ORD101132,2023-03-05,CUST01153,34.0,Male,Consumer,Sports & Outdoors,Camping Tent,5000.59,3,0.1,13501.59,3711.77,North,Delhi,Credit Card
ORD104300,2023-03-05,CUST00511,22.0,Female,Corporate,Home & Kitchen,Storage Rack,5140.17,1,0.0,5140.17,1138.41,Central,Bhopal,Cash on Delivery
ORD104097,2023-03-05,CUST02058,34.0,Female,Consumer,Electronics,Laptop Stand,5566.11,1,0.0,5566.11,1950.49,Central,Bhopal,UPI
ORD104538,2023-03-05,CUST01891,24.0,Female,Corporate,Beauty & Personal Care,Sunscreen SPF50,377.25,1,0.1,339.52,70.69,North,Delhi,Cash on Delivery
ORD106324,2023-03-05,CUST01816,48.0,Male,Consumer,Books & Stationery,Desk Organizer,343.02,1,0.1,308.72,52.7,East,Kolkata,Net Banking
ORD104895,2023-03-05,CUST02010,26.0,Male,Corporate,Books & Stationery,Notebook Pack,345.69,5,0.0,1728.45,717.5,North,Delhi,Debit Card
ORD102049,2023-03-05,CUST01188,46.0,Male,Small Business,Home & Kitchen,Mixer Grinder,245.17,1,0.15,208.39,18.09,South,Hyderabad,UPI
ORD100613,2023-03-05,CUST01584,45.0,Male,Consumer,Books & Stationery,Sketch Pens,930.82,1,0.1,837.74,175.84,North,Lucknow,Cash on Delivery
ORD101676,2023-03-05,CUST01210,41.0,Male,Consumer,Electronics,Bluetooth Speaker,1872.41,1,0.0,1872.41,442.4,Central,Nagpur,Net Banking
ORD103127,2023-03-05,CUST01282,29.0,Male,Corporate,Sports & Outdoors,Cricket Bat,6577.15,2,0.1,11838.87,1815.39,North,Chandigarh,Debit Card
ORD105527,2023-03-05,CUST00756,41.0,Male,Small Business,Furniture,Bean Bag,7992.22,2,0.0,15984.44,6129.5,Central,Bhopal,Credit Card
ORD100439,2023-03-05,CUST01585,49.0,Male,Consumer,Clothing,Kids Hoodie,1287.53,1,0.1,1158.78,291.86,West,Ahmedabad,Net Banking
ORD104032,2023-03-05,CUST00986,39.0,Male,Consumer,Books & Stationery,Planner Diary,882.25,1,0.0,882.25,269.94,South,Kochi,Credit Card
ORD103546,2023-03-06,CUST00720,66.0,Female,Consumer,Beauty & Personal Care,Trimmer,1618.88,2,0.05,3075.87,993.26,West,Mumbai,Credit Card
ORD105326,2023-03-06,CUST00839,35.0,Female,Small Business,Beauty & Personal Care,Hair Dryer,831.15,2,0.1,1496.07,223.33,North,Lucknow,Debit Card
ORD106107,2023-03-06,CUST01774,44.0,Female,Consumer,Beauty & Personal Care,Perfume,1433.58,1,0.1,1290.22,447.78,South,Bengaluru,Debit Card
ORD103558,2023-03-06,CUST01248,32.0,Male,Consumer,Beauty & Personal Care,Perfume,1302.4,1,0.0,1302.4,274.04,North,Jaipur,Credit Card
ORD101216,2023-03-06,CUST01896,27.0,Male,Consumer,Books & Stationery,Desk Organizer,468.12,1,0.15,397.9,105.41,West,Pune,Net Banking
ORD100960,2023-03-06,CUST02060,18.0,Female,Consumer,Sports & Outdoors,Dumbbell Set,2465.25,1,0.15,2095.46,660.13,West,Ahmedabad,UPI
ORD101814,2023-03-06,CUST00448,23.0,Male,Consumer,Clothing,Kids Hoodie,927.3,5,0.15,3941.02,1373.25,East,Kolkata,Debit Card
ORD103990,2023-03-07,CUST00793,21.0,Male,Small Business,Clothing,Women's Jeans,1415.03,1,0.0,1415.03,315.2,South,Kochi,Cash on Delivery
ORD103222,2023-03-07,CUST01552,26.0,Female,Consumer,Electronics,Power Bank,5328.53,4,0.1,19182.71,4793.16,North,Delhi,Cash on Delivery
ORD105253,2023-03-07,CUST00528,24.0,Male,Corporate,Sports & Outdoors,Cycling Helmet,686.62,2,0.05,1304.58,368.75,Central,Bhopal,UPI
ORD103942,2023-03-07,CUST02002,36.0,Female,Consumer,Sports & Outdoors,Cycling Helmet,6901.94,1,0.1,6211.75,1966.82,South,Kochi,Debit Card
ORD102118,2023-03-07,CUST01672,30.0,Male,Consumer,Home & Kitchen,Non-Stick Pan,565.9,1,0.15,481.02,138.67,East,Kolkata,UPI
ORD100201,2023-03-07,CUST01089,18.0,Male,Corporate,Electronics,USB-C Cable,4939.07,1,0.1,4445.16,519.64,North,Lucknow,UPI
ORD106297,2023-03-07,CUST00818,,Female,Consumer,Electronics,Smartphone Case,5578.09,2,0.0,11156.18,2736.99,North,Jaipur,Net Banking
ORD105915,2023-03-07,CUST01848,48.0,Female,Consumer,Electronics,Webcam,3532.5,1,0.15,3002.62,445.06,North,Lucknow,UPI
ORD100434,2023-03-07,CUST00957,35.0,Male,Consumer,Beauty & Personal Care,Hair Dryer,1031.78,1,0.1,928.6,207.19,South,Hyderabad,UPI
ORD100449,2023-03-07,CUST00446,30.0,Male,Consumer,Sports & Outdoors,Cricket Bat,937.5,1,0.05,890.62,232.92,South,Kochi,Credit Card
ORD100846,2023-03-08,CUST01749,24.0,Female,Consumer,Home & Kitchen,Water Bottle,1807.85,2,0.1,3254.13,1254.6,Central,Bhopal,UPI
ORD101795,2023-03-08,CUST00053,34.0,Female,Consumer,Beauty & Personal Care,Sunscreen SPF50,1831.44,1,0.1,1648.3,222.52,West,Pune,Debit Card
ORD103516,2023-03-08,CUST00892,32.0,Male,Consumer,Furniture,Bookshelf,9717.4,1,0.25,7288.05,164.25,East,Bhubaneswar,UPI
ORD104161,2023-03-08,CUST00836,34.0,Male,Consumer,Clothing,Women's Jeans,1881.15,1,0.2,1504.92,30.64,West,Ahmedabad,Debit Card
ORD103825,2023-03-08,CUST00272,18.0,Male,Consumer,Books & Stationery,Desk Organizer,708.2,1,0.25,531.15,110.75,South,Bengaluru,UPI
ORD105053,2023-03-08,CUST00415,52.0,Female,Consumer,Electronics,Webcam,8061.5,1,0.05,7658.42,2789.19,East,Patna,Debit Card
ORD103490,2023-03-08,CUST00473,39.0,Female,Corporate,Beauty & Personal Care,Trimmer,1932.8,1,0.15,1642.88,175.99,West,Pune,UPI
ORD100440,2023-03-08,CUST00804,23.0,Female,Consumer,Clothing,Winter Jacket,1022.59,1,0.0,1022.59,401.93,West,Mumbai,UPI
ORD100299,2023-03-08,CUST01195,33.0,Female,Consumer,Clothing,Sports Cap,1014.25,1,0.15,862.11,286.57,East,Bhubaneswar,UPI
ORD106249,2023-03-09,CUST00699,18.0,Female,Corporate,Beauty & Personal Care,Sunscreen SPF50,902.63,1,0.05,857.5,342.4,North,Chandigarh,Net Banking
ORD100899,2023-03-09,CUST01411,41.0,Female,Consumer,Beauty & Personal Care,Face Wash,1459.31,2,0.05,2772.69,674.81,East,Kolkata,Net Banking
ORD101598,2023-03-09,CUST00895,38.0,Other,Consumer,Books & Stationery,Planner Diary,764.67,3,0.0,2294.01,919.91,South,Hyderabad,Credit Card
ORD104208,2023-03-09,CUST00119,33.0,Male,Consumer,Electronics,Webcam,7129.77,1,0.2,5703.82,237.84,South,Hyderabad,Debit Card
ORD105073,2023-03-09,CUST02027,41.0,Female,Consumer,Home & Kitchen,Air Fryer,2445.82,1,0.25,1834.37,470.54,South,Chennai,Credit Card
ORD104328,2023-03-09,CUST00126,28.0,Male,Consumer,Furniture,Bean Bag,10274.47,4,0.0,41097.88,17617.13,South,Hyderabad,Credit Card
ORD105177,2023-03-10,CUST00956,47.0,Male,Corporate,Furniture,Bookshelf,4193.64,2,0.0,8387.28,3238.02,South,Kochi,UPI
ORD105332,2023-03-10,CUST01076,59.0,Female,Corporate,Beauty & Personal Care,Lipstick,1882.2,5,0.15,7999.35,2301.7,South,Hyderabad,Debit Card
ORD101126,2023-03-10,CUST00164,51.0,Female,Corporate,Home & Kitchen,Mixer Grinder,2217.7,1,0.0,2217.7,844.84,West,Surat,Credit Card
ORD102306,2023-03-10,CUST00381,18.0,Male,Consumer,Clothing,Winter Jacket,2697.81,1,0.1,2428.03,663.22,Central,Raipur,Cash on Delivery
ORD101654,2023-03-10,CUST00338,18.0,Male,Consumer,Electronics,Smartphone Case,4336.92,1,0.0,4336.92,1623.61,South,Kochi,Net Banking
ORD100650,2023-03-10,CUST01512,29.0,Male,Corporate,Books & Stationery,Fiction Novel,251.16,1,0.1,226.04,82.67,East,Patna,UPI
ORD103615,2023-03-10,CUST00988,31.0,Female,Small Business,Clothing,Women's Jeans,1416.59,1,0.1,1274.93,488.33,South,Kochi,UPI
ORD105967,2023-03-10,CUST00786,47.0,Female,Corporate,Clothing,Women's Jeans,355.71,2,0.2,569.14,170.82,West,Surat,Credit Card
ORD104835,2023-03-10,CUST01098,39.0,Male,Consumer,Clothing,Men's T-Shirt,338.85,3,0.15,864.07,92.93,North,Delhi,Credit Card
ORD105805,2023-03-11,CUST00030,35.0,Female,Small Business,Clothing,Kids Hoodie,532.14,1,0.0,532.14,176.93,South,Bengaluru,UPI
ORD101644,2023-03-11,CUST02074,35.0,Male,Consumer,Electronics,Webcam,7368.97,1,0.0,7368.97,2900.8,Central,Raipur,Net Banking
ORD103378,2023-03-11,CUST01568,39.0,Female,Consumer,Furniture,Bookshelf,13014.6,1,0.2,10411.68,1783.67,South,Bengaluru,Credit Card
ORD105005,2023-03-11,CUST01575,32.0,Female,Consumer,Home & Kitchen,LED Table Lamp,1623.45,1,0.0,1623.45,595.35,West,Surat,Cash on Delivery
ORD101286,2023-03-11,CUST01548,44.0,Male,Corporate,Clothing,Formal Shirt,2872.1,1,0.15,2441.28,490.16,South,Kochi,UPI
ORD102544,2023-03-11,CUST01377,18.0,Female,Consumer,Home & Kitchen,Non-Stick Pan,4483.32,1,0.15,3810.82,566.36,North,Delhi,UPI
ORD105431,2023-03-11,CUST01808,43.0,Female,Consumer,Electronics,Webcam,2981.77,1,0.2,2385.42,272.12,North,Delhi,UPI
ORD104539,2023-03-11,CUST00792,41.0,Male,Consumer,Sports & Outdoors,Cycling Helmet,879.9,1,0.0,879.9,250.52,West,Mumbai,Cash on Delivery
ORD101950,2023-03-11,CUST01417,32.0,Female,Consumer,Sports & Outdoors,Cricket Bat,5964.79,1,0.0,5964.79,1893.67,North,Chandigarh,UPI
ORD100603,2023-03-11,CUST00927,43.0,Female,Small Business,Beauty & Personal Care,Trimmer,1476.61,1,0.2,1181.29,170.47,North,Lucknow,UPI
ORD100056,2023-03-11,CUST01244,31.0,Female,Corporate,Clothing,Sports Cap,984.47,1,0.05,935.25,390.28,Central,Raipur,UPI
ORD106390,2023-03-11,CUST01930,31.0,Female,Consumer,Clothing,Running Shoes,1835.93,2,0.05,3488.27,1439.68,Central,Nagpur,Credit Card
ORD106019,2023-03-12,CUST00970,21.0,Male,Corporate,Electronics,Wireless Earbuds,6836.46,1,0.1,6152.81,1509.71,South,Chennai,Credit Card
ORD101081,2023-03-12,CUST01076,59.0,Female,Corporate,Electronics,Smartphone Case,2953.71,1,0.05,2806.02,1015.33,South,Bengaluru,Credit Card
ORD102626,2023-03-12,CUST02031,25.0,Other,Small Business,Clothing,Women's Jeans,1121.51,1,0.1,1009.36,134.88,West,Ahmedabad,Credit Card
ORD104113,2023-03-12,CUST01948,42.0,Female,Corporate,Books & Stationery,Desk Organizer,133.53,3,0.0,400.59,116.86,South,Kochi,Net Banking
ORD100164,2023-03-12,CUST01071,28.0,Female,Corporate,Beauty & Personal Care,Sunscreen SPF50,1449.81,1,0.2,1159.85,180.44,West,Mumbai,Debit Card
ORD104898,2023-03-12,CUST01126,63.0,Male,Consumer,Electronics,Smartwatch,4547.29,2,0.1,8185.12,1264.25,East,Kolkata,Debit Card
ORD106204,2023-03-12,CUST00284,28.0,Male,Corporate,Sports & Outdoors,Dumbbell Set,2732.97,1,0.05,2596.32,543.14,North,Delhi,Debit Card
ORD103113,2023-03-13,CUST00761,24.0,Female,Corporate,Furniture,Bookshelf,3226.17,1,0.05,3064.86,754.52,South,Kochi,Debit Card
ORD100422,2023-03-13,CUST01522,46.0,Female,Consumer,Home & Kitchen,Bedsheet Set,4358.29,1,0.05,4140.38,1581.38,South,Chennai,UPI
ORD105629,2023-03-13,CUST01325,,Male,Consumer,Sports & Outdoors,Dumbbell Set,2542.67,1,0.2,2034.14,456.52,West,Ahmedabad,Credit Card
ORD106024,2023-03-13,CUST01052,51.0,Female,Consumer,Beauty & Personal Care,Trimmer,1767.9,1,0.05,1679.5,471.29,South,Hyderabad,Credit Card
ORD105342,2023-03-13,CUST01138,27.0,Male,Corporate,Electronics,Smartwatch,2764.4,1,0.15,2349.74,689.68,South,Kochi,UPI
ORD100409,2023-03-13,CUST00309,27.0,Female,Consumer,Sports & Outdoors,Dumbbell Set,836.92,1,0.15,711.38,76.0,West,Surat,UPI
ORD100995,2023-03-13,CUST00113,43.0,Male,Small Business,Sports & Outdoors,Cycling Helmet,6673.12,1,0.25,5004.84,259.8,East,Kolkata,Credit Card
ORD101116,2023-03-13,CUST00185,47.0,Male,Corporate,Furniture,Office Chair,8131.76,1,0.2,6505.41,223.29,South,Kochi,UPI
ORD104512,2023-03-13,CUST02065,34.0,Male,Corporate,Home & Kitchen,Water Bottle,2836.54,2,0.2,4538.46,36.28,South,Hyderabad,UPI
ORD103727,2023-03-14,CUST01418,34.0,Male,Corporate,Home & Kitchen,Mixer Grinder,3422.66,2,0.0,6845.32,2343.71,West,Ahmedabad,Net Banking
ORD105396,2023-03-14,CUST01497,33.0,Female,Consumer,Books & Stationery,Fiction Novel,181.17,1,0.05,172.11,70.85,South,Kochi,Net Banking
ORD103100,2023-03-14,CUST00087,38.0,Female,Consumer,Electronics,Webcam,1080.89,2,0.0,2161.78,787.88,West,Ahmedabad,UPI
ORD103061,2023-03-14,CUST00318,42.0,Female,Consumer,Sports & Outdoors,Cricket Bat,3220.68,1,0.0,3220.68,825.97,South,Chennai,Debit Card
ORD100190,2023-03-15,CUST01859,27.0,Male,Consumer,Beauty & Personal Care,Lipstick,976.36,1,0.1,878.72,252.5,North,Lucknow,Credit Card
ORD101925,2023-03-15,CUST01737,36.0,Male,Consumer,Clothing,Sports Cap,1028.34,1,0.0,1028.34,424.79,East,Patna,Debit Card
ORD105718,2023-03-15,CUST01057,55.0,Male,Corporate,Clothing,Winter Jacket,1363.26,1,0.1,1226.93,232.43,North,Chandigarh,Net Banking
ORD100283,2023-03-15,CUST01176,44.0,Female,Small Business,Clothing,Sports Cap,1077.52,1,0.0,1077.52,448.56,South,Chennai,
ORD102250,2023-03-15,CUST01808,43.0,Female,Consumer,Electronics,Laptop Stand,4214.57,1,0.1,3793.11,807.09,North,Delhi,Debit Card
ORD105842,2023-03-15,CUST00665,18.0,Male,Small Business,Beauty & Personal Care,Sunscreen SPF50,678.42,1,0.1,610.58,143.74,East,Bhubaneswar,Debit Card
ORD101441,2023-03-15,CUST01987,23.0,Female,Consumer,Books & Stationery,Desk Organizer,360.32,1,0.0,360.32,129.97,South,Chennai,Net Banking
ORD100222,2023-03-15,CUST02033,29.0,Female,Consumer,Beauty & Personal Care,Perfume,1431.72,2,0.2,2290.75,205.33,East,Bhubaneswar,Debit Card
ORD103634,2023-03-15,CUST02002,,Female,Consumer,Furniture,Wardrobe,14371.03,2,0.1,25867.85,6627.19,North,Chandigarh,Net Banking
ORD104167,2023-03-16,CUST01290,19.0,Male,Consumer,Home & Kitchen,Bedsheet Set,2475.82,4,0.0,9903.28,3878.5,East,Patna,UPI
ORD106241,2023-03-16,CUST01846,55.0,Female,Consumer,Beauty & Personal Care,Trimmer,879.28,1,0.1,791.35,163.99,Central,Bhopal,Net Banking
ORD104142,2023-03-16,CUST00399,27.0,Female,Consumer,Clothing,Running Shoes,714.06,3,0.1,1927.96,246.07,East,Kolkata,UPI
ORD103401,2023-03-16,CUST00173,37.0,Male,Corporate,Home & Kitchen,Mixer Grinder,3059.65,1,0.15,2600.7,601.72,South,Chennai,Cash on Delivery
ORD100372,2023-03-16,CUST00780,32.0,Male,Small Business,Electronics,USB-C Cable,5161.28,1,0.2,4129.02,271.05,Central,Raipur,Cash on Delivery
ORD103986,2023-03-17,CUST00154,26.0,Male,Consumer,Clothing,Summer Dress,2158.34,1,0.0,2158.34,676.41,East,Bhubaneswar,Credit Card
ORD101567,2023-03-17,CUST01427,25.0,Other,Corporate,Furniture,Office Chair,13266.38,2,0.1,23879.48,5866.99,Central,Bhopal,UPI
ORD102827,2023-03-17,CUST00637,18.0,Female,Consumer,Home & Kitchen,Ceramic Mug Set,3274.27,1,0.2,2619.42,686.7,South,Chennai,Debit Card
ORD101575,2023-03-17,CUST01526,25.0,Male,Corporate,Clothing,Winter Jacket,1080.08,1,0.15,918.07,257.82,West,Mumbai,Debit Card
ORD100037,2023-03-18,CUST00924,49.0,Male,Consumer,Home & Kitchen,Bedsheet Set,4806.24,1,0.0,4806.24,1245.99,North,Lucknow,Credit Card
ORD100339,2023-03-18,CUST00766,18.0,Male,Consumer,Clothing,Running Shoes,490.47,1,0.2,392.38,82.54,North,Chandigarh,Cash on Delivery
ORD105727,2023-03-18,CUST01679,32.0,Male,Consumer,Clothing,Sports Cap,2511.93,1,0.05,2386.33,407.28,South,Bengaluru,Debit Card
ORD104767,2023-03-18,CUST00705,32.0,Male,Small Business,Clothing,Formal Shirt,2314.63,2,0.15,3934.87,1123.93,North,Chandigarh,UPI
ORD106267,2023-03-18,CUST01954,37.0,Male,Consumer,Home & Kitchen,Air Fryer,1209.96,1,0.05,1149.46,251.79,South,Chennai,Cash on Delivery
ORD104427,2023-03-18,CUST00980,59.0,Male,Consumer,Furniture,Coffee Table,11721.64,1,0.0,11721.64,4793.2,South,Bengaluru,
ORD102222,2023-03-18,CUST00656,39.0,Male,Small Business,Clothing,Winter Jacket,2828.07,1,0.0,2828.07,1087.62,South,Kochi,
ORD101628,2023-03-18,CUST01536,43.0,Female,Consumer,Home & Kitchen,Air Fryer,259.26,2,0.15,440.74,133.01,North,Jaipur,Cash on Delivery
ORD104169,2023-03-18,CUST01350,45.0,Female,Corporate,Furniture,Bean Bag,3073.99,1,0.1,2766.59,931.15,South,Kochi,Net Banking
ORD105288,2023-03-18,CUST01511,19.0,Male,Consumer,Beauty & Personal Care,Lipstick,1681.73,3,0.0,5045.19,2084.63,Central,Raipur,UPI
ORD100259,2023-03-18,CUST00531,33.0,Male,Small Business,Clothing,Women's Jeans,2150.46,2,0.0,4300.92,988.4,East,Patna,UPI
ORD105904,2023-03-19,CUST01853,18.0,Female,Small Business,Clothing,Sports Cap,950.19,1,0.0,950.19,401.21,West,Ahmedabad,Cash on Delivery
ORD101890,2023-03-19,CUST01081,35.0,Female,Consumer,Sports & Outdoors,Football,5725.81,1,0.05,5439.52,914.76,North,Lucknow,Net Banking
ORD101809,2023-03-19,CUST00167,23.0,Female,Consumer,Electronics,Bluetooth Speaker,2024.62,2,0.15,3441.85,896.86,South,Chennai,UPI
ORD104420,2023-03-19,CUST00838,49.0,Male,Consumer,Books & Stationery,Notebook Pack,494.19,1,0.0,494.19,169.11,East,Patna,UPI
ORD101762,2023-03-19,CUST00416,47.0,Male,Consumer,Home & Kitchen,Air Fryer,3320.61,3,0.0,9961.83,3710.15,South,Chennai,Credit Card
ORD104388,2023-03-19,CUST00764,31.0,Male,Consumer,Clothing,Running Shoes,1579.94,4,0.05,6003.77,1089.65,North,Chandigarh,Cash on Delivery
ORD106023,2023-03-19,CUST00982,39.0,Male,Corporate,Home & Kitchen,Ceramic Mug Set,1214.05,1,0.05,1153.35,427.74,West,Ahmedabad,Cash on Delivery
ORD103944,2023-03-20,CUST00000,30.0,Male,Consumer,Clothing,Winter Jacket,2112.75,1,0.1,1901.48,340.8,North,Delhi,Cash on Delivery
ORD105801,2023-03-20,CUST01243,29.0,Female,Consumer,Furniture,Study Table,1696.81,1,0.0,1696.81,424.61,Central,Nagpur,UPI
ORD100888,2023-03-20,CUST01610,42.0,Female,Consumer,Sports & Outdoors,Football,3746.47,1,0.05,3559.15,995.12,North,Lucknow,Cash on Delivery
ORD105132,2023-03-20,CUST01527,37.0,Female,Small Business,Electronics,USB-C Cable,6484.48,1,0.25,4863.36,261.34,East,Patna,UPI
ORD105107,2023-03-20,CUST01682,29.0,Female,Corporate,Beauty & Personal Care,Sunscreen SPF50,941.32,1,0.1,847.19,313.92,South,Bengaluru,UPI
ORD103033,2023-03-21,CUST01397,42.0,Male,Consumer,Beauty & Personal Care,Hair Dryer,1533.42,1,0.0,1533.42,417.81,South,Bengaluru,Debit Card
ORD101523,2023-03-21,CUST00660,32.0,Female,Small Business,Sports & Outdoors,Yoga Mat,4297.43,2,0.0,8594.86,3819.09,South,Chennai,Debit Card
ORD100206,2023-03-21,CUST02090,27.0,Male,Corporate,Home & Kitchen,Water Bottle,2455.38,5,0.25,9207.68,-496.43,Central,Nagpur,Credit Card
ORD101723,2023-03-21,CUST01771,21.0,Male,Consumer,Sports & Outdoors,Dumbbell Set,2681.04,1,0.1,2412.94,796.55,South,Chennai,Net Banking
ORD100370,2023-03-21,CUST01375,20.0,Male,Corporate,Clothing,Kids Hoodie,1261.75,1,0.1,1135.58,151.03,North,Lucknow,UPI
ORD103523,2023-03-21,CUST00644,54.0,Male,Corporate,Beauty & Personal Care,Sunscreen SPF50,650.93,1,0.05,618.38,177.53,North,Delhi,UPI
ORD100433,2023-03-21,CUST00262,19.0,Female,Consumer,Furniture,Coffee Table,5526.77,1,0.0,5526.77,1842.34,North,Jaipur,Debit Card
ORD102154,2023-03-21,CUST01943,18.0,Female,Consumer,Electronics,Webcam,7265.51,5,0.05,34511.17,7839.78,West,Ahmedabad,Net Banking
ORD106029,2023-03-21,CUST00431,45.0,Female,Consumer,Beauty & Personal Care,Sunscreen SPF50,1071.12,1,0.15,910.45,312.99,South,Hyderabad,UPI
ORD105620,2023-03-22,CUST00166,18.0,Male,Corporate,Beauty & Personal Care,Trimmer,996.64,1,0.05,946.81,172.07,South,Chennai,Credit Card
ORD106135,2023-03-22,CUST02009,39.0,Female,Corporate,Clothing,Men's T-Shirt,1406.43,1,0.0,1406.43,620.84,West,Surat,Credit Card
ORD102945,2023-03-22,CUST00905,29.0,Male,Consumer,Electronics,Smartwatch,6303.77,3,0.0,18911.31,4369.91,South,Kochi,Debit Card
ORD103198,2023-03-22,CUST00958,32.0,Female,Small Business,Home & Kitchen,Non-Stick Pan,700.96,1,0.0,700.96,170.54,North,Chandigarh,Debit Card
ORD102615,2023-03-22,CUST00186,25.0,Female,Consumer,Furniture,Office Chair,14552.08,2,0.1,26193.74,7612.84,South,Kochi,Credit Card
ORD103097,2023-03-22,CUST01027,24.0,Male,Small Business,Home & Kitchen,Air Fryer,2067.53,1,0.2,1654.02,254.11,West,Surat,UPI
ORD101184,2023-03-22,CUST00584,34.0,Male,Consumer,Clothing,Kids Hoodie,1807.76,3,0.1,4880.95,1486.89,East,Bhubaneswar,Debit Card
ORD102854,2023-03-22,CUST01670,50.0,Female,Consumer,Clothing,Formal Shirt,1875.04,1,0.25,1406.28,-10.41,North,Delhi,Net Banking
ORD100664,2023-03-22,CUST01642,52.0,Male,Consumer,Sports & Outdoors,Yoga Mat,1618.45,1,0.2,1294.76,186.66,West,Mumbai,Net Banking
ORD105707,2023-03-23,CUST00748,47.0,Male,Consumer,Electronics,Power Bank,3383.77,1,0.25,2537.83,170.02,South,Bengaluru,Net Banking
ORD100400,2023-03-23,CUST01670,50.0,Female,Consumer,Electronics,USB-C Cable,8726.11,1,0.05,8289.8,2294.24,North,Jaipur,Cash on Delivery
ORD103797,2023-03-23,CUST00072,24.0,Male,Consumer,Beauty & Personal Care,Face Wash,746.56,1,0.05,709.23,164.71,South,Kochi,Cash on Delivery
ORD104065,2023-03-23,CUST00880,30.0,Female,Consumer,Books & Stationery,Sketch Pens,489.22,1,0.05,464.76,144.66,Central,Bhopal,Net Banking
ORD104146,2023-03-23,CUST01984,23.0,Female,Small Business,Beauty & Personal Care,Perfume,982.32,1,0.0,982.32,307.93,North,Chandigarh,Credit Card
ORD101297,2023-03-24,CUST01463,36.0,Female,Corporate,Sports & Outdoors,Cycling Helmet,3953.4,3,0.1,10674.18,3366.64,Central,Raipur,Credit Card
ORD105720,2023-03-24,CUST01494,18.0,Other,Consumer,Home & Kitchen,LED Table Lamp,3803.64,1,0.1,3423.28,996.56,South,Bengaluru,UPI
ORD101275,2023-03-24,CUST00963,33.0,Female,Corporate,Beauty & Personal Care,Trimmer,157.31,1,0.05,149.44,33.15,West,Ahmedabad,UPI
ORD100883,2023-03-24,CUST00488,28.0,Male,Consumer,Sports & Outdoors,Cycling Helmet,6161.38,5,0.0,30806.9,6559.92,West,Mumbai,Cash on Delivery
ORD103785,2023-03-24,CUST00249,42.0,Male,Consumer,Electronics,USB-C Cable,3606.64,1,0.05,3426.31,920.35,East,Bhubaneswar,Net Banking
ORD101593,2023-03-24,CUST00741,26.0,Male,Consumer,Home & Kitchen,Air Fryer,4845.31,3,0.05,13809.13,3249.35,North,Chandigarh,UPI
ORD105535,2023-03-24,CUST01434,30.0,Female,Corporate,Clothing,Kids Hoodie,1791.03,1,0.0,1791.03,802.23,North,Jaipur,Credit Card
ORD102270,2023-03-24,CUST00027,28.0,Male,Consumer,Electronics,Bluetooth Speaker,3497.72,2,0.15,5946.12,1689.18,West,Pune,UPI
ORD104210,2023-03-25,CUST00577,27.0,Female,Corporate,Home & Kitchen,Mixer Grinder,1757.07,1,0.0,1757.07,461.6,West,Mumbai,UPI
ORD101705,2023-03-25,CUST01914,42.0,Female,Corporate,Clothing,Running Shoes,1166.24,1,0.15,991.3,234.5,Central,Nagpur,Credit Card
ORD104666,2023-03-25,CUST00242,28.0,Male,Consumer,Books & Stationery,Notebook Pack,334.51,2,0.1,602.12,191.75,Central,Raipur,Credit Card
ORD103167,2023-03-25,CUST00646,41.0,Female,Consumer,Electronics,Smartwatch,7216.53,1,0.0,7216.53,3001.01,South,Bengaluru,Debit Card
ORD105661,2023-03-25,CUST01278,39.0,Female,Consumer,Furniture,Wardrobe,10246.49,2,0.0,20492.98,5063.96,West,Mumbai,Debit Card
ORD105081,2023-03-25,CUST00520,27.0,Male,Small Business,Furniture,Bean Bag,5342.83,1,0.0,5342.83,1488.66,West,Pune,UPI
ORD105514,2023-03-25,CUST01818,18.0,Male,Consumer,Clothing,Running Shoes,613.05,2,0.05,1164.79,242.14,West,Surat,Cash on Delivery
ORD103077,2023-03-25,CUST01181,43.0,Female,Small Business,Clothing,Kids Hoodie,693.88,2,0.0,1387.76,291.56,West,Pune,UPI
ORD102086,2023-03-25,CUST00553,28.0,Male,Consumer,Clothing,Kids Hoodie,2757.91,2,0.0,5515.82,2011.9,West,Ahmedabad,Credit Card
ORD102641,2023-03-25,CUST00868,43.0,Female,Corporate,Home & Kitchen,Air Fryer,1958.95,1,0.1,1763.06,373.5,East,Bhubaneswar,Credit Card
ORD103228,2023-03-25,CUST01303,28.0,Male,Corporate,Electronics,Laptop Stand,7036.83,1,0.05,6684.99,1743.41,North,Jaipur,Credit Card
ORD106046,2023-03-25,CUST01144,30.0,Male,Consumer,Home & Kitchen,Air Fryer,4624.62,1,0.0,4624.62,1620.13,North,Jaipur,Credit Card
ORD103864,2023-03-25,CUST00112,35.0,Male,Consumer,Electronics,Bluetooth Speaker,3498.55,1,0.1,3148.7,846.28,West,Surat,UPI
ORD106224,2023-03-25,CUST01467,27.0,Male,Consumer,Furniture,Bean Bag,10413.34,1,0.2,8330.67,1531.76,West,Surat,UPI
ORD101462,2023-03-26,CUST00362,26.0,Male,Consumer,Furniture,Coffee Table,5605.85,2,0.05,10651.12,2861.06,West,Surat,Debit Card
ORD101177,2023-03-26,CUST01963,43.0,Female,Corporate,Furniture,Bookshelf,8366.22,1,0.0,8366.22,1782.72,East,Kolkata,Credit Card
ORD100982,2023-03-26,CUST01059,25.0,Female,Consumer,Clothing,Men's T-Shirt,642.92,1,0.0,642.92,168.61,West,Pune,UPI
ORD105540,2023-03-26,CUST00168,48.0,Female,Small Business,Clothing,Women's Jeans,1616.02,1,0.05,1535.22,320.97,West,Ahmedabad,UPI
ORD106068,2023-03-26,CUST01259,47.0,Male,Consumer,Books & Stationery,Sketch Pens,659.68,1,0.0,659.68,147.47,North,Chandigarh,Net Banking
ORD105783,2023-03-26,CUST00057,38.0,Female,Consumer,Home & Kitchen,Mixer Grinder,4529.24,1,0.0,4529.24,1293.24,Central,Bhopal,Credit Card
ORD104790,2023-03-26,CUST00528,24.0,Male,Corporate,Beauty & Personal Care,Lipstick,1684.04,1,0.0,1684.04,737.14,East,Bhubaneswar,UPI
ORD105105,2023-03-26,CUST01523,36.0,Female,Small Business,Electronics,USB-C Cable,5237.44,1,0.05,4975.57,1825.13,North,Chandigarh,Credit Card
ORD100099,2023-03-26,CUST01345,30.0,Male,Corporate,Beauty & Personal Care,Face Wash,947.49,2,0.05,1800.23,365.12,West,Ahmedabad,UPI
ORD105752,2023-03-26,CUST00332,22.0,Male,Consumer,Electronics,Wireless Earbuds,4871.69,2,0.05,9256.21,1657.22,East,Patna,Credit Card
ORD101541,2023-03-26,CUST00315,27.0,Male,Corporate,Electronics,Smartwatch,7029.74,2,0.1,12653.53,3727.22,North,Chandigarh,Credit Card
ORD100634,2023-03-26,CUST02095,18.0,Female,Consumer,Books & Stationery,Sketch Pens,677.42,1,0.0,677.42,138.59,East,Patna,Cash on Delivery
ORD106142,2023-03-27,CUST01538,26.0,Female,Corporate,Clothing,Running Shoes,1990.55,1,0.0,1990.55,630.78,South,Kochi,Cash on Delivery
ORD102298,2023-03-27,CUST01828,23.0,Female,Consumer,Clothing,Sports Cap,2531.53,1,0.0,2531.53,838.46,South,Kochi,Credit Card
ORD104849,2023-03-27,CUST01524,36.0,Male,Corporate,Electronics,Bluetooth Speaker,4573.36,2,0.1,8232.05,2757.02,Central,Nagpur,UPI
ORD104613,2023-03-27,CUST01824,19.0,Male,Small Business,Beauty & Personal Care,Perfume,589.63,2,0.05,1120.3,199.95,South,Kochi,Debit Card
ORD104204,2023-03-27,CUST01855,48.0,Male,Consumer,Clothing,Formal Shirt,2712.64,4,0.1,9765.5,2787.85,West,Ahmedabad,Credit Card
ORD101758,2023-03-28,CUST01289,26.0,Other,Consumer,Furniture,Bean Bag,4295.89,1,0.1,3866.3,490.1,South,Hyderabad,Cash on Delivery
ORD104884,2023-03-28,CUST01247,48.0,Male,Consumer,Beauty & Personal Care,Sunscreen SPF50,891.03,2,0.0,1782.06,632.0,North,Lucknow,Credit Card
ORD102505,2023-03-28,CUST00357,34.0,Female,Consumer,Home & Kitchen,LED Table Lamp,332.96,1,0.0,332.96,134.41,East,Bhubaneswar,UPI
ORD100123,2023-03-28,CUST01593,43.0,Female,Small Business,Furniture,Wardrobe,13849.02,4,0.0,55396.08,21980.46,North,Lucknow,Credit Card
ORD105920,2023-03-28,CUST00005,43.0,Male,Consumer,Furniture,Bean Bag,10435.96,1,0.2,8348.77,2302.5,East,Bhubaneswar,Credit Card
ORD103180,2023-03-29,CUST01279,48.0,Male,Consumer,Home & Kitchen,Air Fryer,1139.93,1,0.05,1082.93,275.8,West,Mumbai,UPI
ORD104741,2023-03-29,CUST00764,31.0,Male,Consumer,Clothing,Women's Jeans,2324.36,3,0.0,6973.08,1486.87,West,Pune,UPI
ORD102551,2023-03-29,CUST01832,63.0,Male,Consumer,Clothing,Summer Dress,1908.88,1,0.1,1717.99,655.16,Central,Bhopal,Debit Card
ORD102201,2023-03-29,CUST01785,48.0,Male,Corporate,Home & Kitchen,Air Fryer,2439.51,1,0.05,2317.53,731.08,South,Kochi,Debit Card
ORD102194,2023-03-29,CUST01451,22.0,Male,Small Business,Electronics,Smartwatch,5224.66,1,0.0,5224.66,1680.75,Central,Nagpur,Debit Card
ORD100454,2023-03-29,CUST01312,39.0,Male,Corporate,Books & Stationery,Fiction Novel,507.67,1,0.15,431.52,34.06,Central,Raipur,UPI
ORD100770,2023-03-29,CUST00351,33.0,Male,Corporate,Home & Kitchen,Bedsheet Set,5165.52,1,0.15,4390.69,818.82,South,Kochi,UPI
ORD101067,2023-03-29,CUST01422,38.0,Other,Consumer,Home & Kitchen,Bedsheet Set,5897.77,1,0.2,4718.22,952.98,North,Jaipur,Net Banking
ORD102678,2023-03-30,CUST00765,41.0,Male,Consumer,Home & Kitchen,Water Bottle,2851.54,2,0.05,5417.93,873.75,Central,Raipur,Net Banking
ORD105546,2023-03-30,CUST01250,37.0,Other,Consumer,Beauty & Personal Care,Sunscreen SPF50,1820.75,2,0.2,2913.2,245.02,South,Chennai,UPI
ORD100676,2023-03-30,CUST00231,24.0,Female,Consumer,Home & Kitchen,Water Bottle,1889.51,3,0.1,5101.68,863.76,North,Lucknow,Cash on Delivery
ORD102219,2023-03-30,CUST00529,25.0,Female,Corporate,Home & Kitchen,Non-Stick Pan,1331.59,1,0.0,1331.59,581.41,East,Bhubaneswar,Credit Card
ORD105556,2023-03-30,CUST00561,28.0,Female,Consumer,Electronics,Laptop Stand,2117.51,1,0.0,2117.51,656.66,East,Kolkata,Credit Card
ORD104673,2023-03-30,CUST00571,25.0,Female,Consumer,Clothing,Kids Hoodie,1419.26,1,0.0,1419.26,552.77,North,Jaipur,Debit Card
ORD101411,2023-03-30,CUST01584,45.0,Male,Consumer,Sports & Outdoors,Dumbbell Set,2041.29,1,0.05,1939.23,433.34,South,Kochi,UPI
ORD103673,2023-03-30,CUST00552,37.0,Male,Corporate,Furniture,Coffee Table,2426.3,2,0.1,4367.34,1499.45,South,Bengaluru,UPI
ORD100181,2023-03-31,CUST01746,19.0,Female,Small Business,Furniture,Study Table,4241.66,1,0.0,4241.66,864.89,South,Kochi,UPI
ORD106121,2023-03-31,CUST01489,33.0,Female,Consumer,Clothing,Running Shoes,1180.55,1,0.05,1121.52,453.58,West,Pune,Credit Card
ORD100546,2023-03-31,CUST01323,37.0,Male,Consumer,Electronics,Laptop Stand,6333.57,2,0.05,12033.78,3914.67,South,Hyderabad,Cash on Delivery
ORD103042,2023-03-31,CUST00471,30.0,Male,Consumer,Electronics,Power Bank,1494.15,1,0.2,1195.32,103.58,North,Lucknow,UPI
ORD100809,2023-03-31,CUST00201,36.0,Female,Consumer,Clothing,Winter Jacket,1511.67,1,0.05,1436.09,433.64,North,Chandigarh,UPI
ORD102043,2023-04-01,CUST01078,21.0,Female,Small Business,Electronics,Smartphone Case,8986.1,1,0.1,8087.49,2511.48,North,Delhi,Credit Card
ORD102036,2023-04-01,CUST01409,43.0,Male,Corporate,Home & Kitchen,Mixer Grinder,821.06,2,0.0,1642.12,727.56,East,Bhubaneswar,Debit Card
ORD102334,2023-04-01,CUST00953,48.0,Female,Corporate,Electronics,Laptop Stand,7136.0,1,0.0,7136.0,2909.54,East,Bhubaneswar,Cash on Delivery
ORD104260,2023-04-01,CUST01459,35.0,Male,Corporate,Home & Kitchen,Non-Stick Pan,3403.26,1,0.15,2892.77,749.27,East,Kolkata,Cash on Delivery
ORD100694,2023-04-01,CUST01690,18.0,Male,Consumer,Books & Stationery,Sketch Pens,251.95,4,0.2,806.24,157.82,Central,Raipur,Debit Card
ORD105518,2023-04-01,CUST00583,54.0,Male,Corporate,Clothing,Formal Shirt,2365.14,2,0.15,4020.74,1268.22,West,Pune,Credit Card
ORD102249,2023-04-01,CUST00107,31.0,Female,Consumer,Electronics,Smartphone Case,5396.77,1,0.05,5126.93,1285.6,West,Ahmedabad,Cash on Delivery
ORD102308,2023-04-01,CUST01256,28.0,Female,Consumer,Clothing,Winter Jacket,1527.48,1,0.0,1527.48,579.77,West,Surat,Net Banking
ORD106437,2023-04-01,CUST01988,45.0,Male,Consumer,Beauty & Personal Care,Hair Dryer,1124.27,1,0.25,843.2,88.06,Central,Raipur,UPI
ORD103851,2023-04-02,CUST01229,31.0,Female,Consumer,Clothing,Summer Dress,2827.21,1,0.15,2403.13,171.76,South,Kochi,Debit Card
ORD100079,2023-04-02,CUST01495,36.0,Female,Consumer,Electronics,USB-C Cable,3439.76,1,0.05,3267.77,833.91,South,Bengaluru,Net Banking
ORD102426,2023-04-02,CUST00829,43.0,Female,Consumer,Beauty & Personal Care,Hair Dryer,317.59,1,0.2,254.07,3.99,West,Mumbai,Cash on Delivery
ORD101668,2023-04-02,CUST01640,57.0,Male,Consumer,Sports & Outdoors,Dumbbell Set,1163.94,1,0.0,1163.94,499.06,East,Patna,UPI
ORD106182,2023-04-02,CUST01837,30.0,Female,Consumer,Clothing,Running Shoes,634.58,1,0.2,507.66,19.9,West,Ahmedabad,Net Banking
ORD100333,2023-04-02,CUST00179,45.0,Female,Consumer,Electronics,Laptop Stand,2734.32,1,0.1,2460.89,553.87,North,Lucknow,Debit Card
ORD103251,2023-04-02,CUST02069,37.0,Female,Consumer,Electronics,Laptop Stand,1198.81,1,0.0,1198.81,309.24,West,Surat,Cash on Delivery
ORD100429,2023-04-03,CUST02041,32.0,Male,Consumer,Home & Kitchen,Ceramic Mug Set,2142.89,1,0.1,1928.6,643.9,North,Lucknow,Net Banking
ORD100460,2023-04-03,CUST00396,42.0,Male,Consumer,Home & Kitchen,Storage Rack,4796.03,1,0.15,4076.63,783.97,South,Chennai,Credit Card
ORD103215,2023-04-03,CUST01237,41.0,Female,Consumer,Electronics,USB-C Cable,3998.54,1,0.05,3798.61,663.78,South,Bengaluru,Net Banking
ORD103769,2023-04-03,CUST00312,37.0,Female,Consumer,Home & Kitchen,Ceramic Mug Set,1564.21,1,0.15,1329.58,394.29,South,Hyderabad,Net Banking
ORD101252,2023-04-03,CUST01604,52.0,Male,Consumer,Clothing,Sports Cap,1076.17,1,0.0,1076.17,280.74,West,Pune,Credit Card
ORD106477,2023-04-03,CUST00444,33.0,Male,Small Business,Clothing,Formal Shirt,1074.06,1,0.1,966.65,114.58,East,Patna,UPI
ORD100750,2023-04-03,CUST00400,46.0,Female,Small Business,Electronics,USB-C Cable,6220.68,1,0.15,5287.58,1036.33,North,Delhi,Cash on Delivery
ORD103253,2023-04-03,CUST01806,36.0,Male,Corporate,Electronics,Power Bank,7485.48,1,0.2,5988.38,35.65,Central,Nagpur,Cash on Delivery
ORD103788,2023-04-04,CUST00922,19.0,Male,Consumer,Furniture,Coffee Table,9843.17,2,0.1,17717.71,4471.1,North,Delhi,Credit Card
ORD102832,2023-04-04,CUST00984,45.0,Female,Consumer,Beauty & Personal Care,Hair Dryer,726.97,1,0.0,726.97,243.14,West,Ahmedabad,UPI
ORD103837,2023-04-04,CUST01405,39.0,Other,Corporate,Electronics,Wireless Earbuds,756.47,2,0.0,1512.94,344.98,South,Kochi,Cash on Delivery
ORD105093,2023-04-04,CUST01299,39.0,Female,Corporate,Clothing,Formal Shirt,2040.19,1,0.2,1632.15,21.75,West,Surat,Credit Card
ORD104150,2023-04-04,CUST00901,18.0,Male,Consumer,Books & Stationery,Planner Diary,142.58,3,0.0,427.74,162.4,South,Kochi,Net Banking
ORD100938,2023-04-04,CUST01604,52.0,Male,Consumer,Home & Kitchen,Air Fryer,2784.34,1,0.1,2505.91,751.88,South,Hyderabad,Debit Card
ORD101960,2023-04-04,CUST00960,30.0,Male,Corporate,Beauty & Personal Care,Sunscreen SPF50,462.0,1,0.1,415.8,106.34,North,Jaipur,Debit Card
ORD100380,2023-04-04,CUST01221,47.0,Female,Consumer,Furniture,Wardrobe,12729.81,2,0.05,24186.64,6062.22,South,Chennai,UPI
ORD104735,2023-04-05,CUST00774,33.0,Female,Consumer,Books & Stationery,Fiction Novel,638.75,1,0.15,542.94,72.06,Central,Raipur,Debit Card
ORD105089,2023-04-05,CUST00761,24.0,Female,Corporate,Clothing,Winter Jacket,436.53,2,0.25,654.79,73.29,North,Lucknow,UPI
ORD100644,2023-04-05,CUST01315,32.0,Female,Consumer,Home & Kitchen,Storage Rack,5855.75,2,0.05,11125.92,2233.76,West,Surat,Debit Card
ORD104996,2023-04-05,CUST01514,21.0,Female,Consumer,Clothing,Men's T-Shirt,2919.8,1,0.0,2919.8,869.5,West,Pune,UPI
ORD100459,2023-04-05,CUST00339,33.0,Male,Consumer,Sports & Outdoors,Yoga Mat,6682.87,1,0.0,6682.87,2001.84,North,Lucknow,Cash on Delivery
ORD100090,2023-04-05,CUST01497,33.0,Female,Consumer,Sports & Outdoors,Football,3835.64,2,0.0,7671.28,1542.76,East,Bhubaneswar,Credit Card
ORD102706,2023-04-06,CUST00254,27.0,Male,Consumer,Electronics,Bluetooth Speaker,4508.08,1,0.05,4282.68,1104.24,South,Bengaluru,Net Banking
ORD104247,2023-04-06,CUST02050,47.0,Female,Corporate,Electronics,Power Bank,1496.38,2,0.05,2843.12,768.19,South,Bengaluru,Credit Card
ORD104730,2023-04-06,CUST01985,35.0,Other,Small Business,Sports & Outdoors,Football,5114.86,1,0.0,5114.86,1947.98,East,Patna,Cash on Delivery
ORD102355,2023-04-06,CUST00475,32.0,Male,Consumer,Clothing,Sports Cap,521.89,1,0.05,495.8,110.82,Central,Nagpur,UPI
ORD101033,2023-04-06,CUST01254,56.0,Female,Consumer,Furniture,Study Table,14766.83,1,0.1,13290.15,2440.33,Central,Nagpur,Credit Card
ORD106260,2023-04-06,CUST00173,37.0,Male,Corporate,Clothing,Kids Hoodie,2572.45,1,0.0,2572.45,856.72,Central,Bhopal,Debit Card
ORD104630,2023-04-06,CUST00271,42.0,Female,Corporate,Beauty & Personal Care,Hair Dryer,1309.41,1,0.05,1243.94,232.19,North,Chandigarh,UPI
ORD101481,2023-04-06,CUST00807,18.0,Female,Corporate,Electronics,Smartphone Case,8409.55,1,0.15,7148.12,1687.46,East,Kolkata,Credit Card
ORD100604,2023-04-06,CUST00981,24.0,Male,Small Business,Beauty & Personal Care,Hair Dryer,584.7,2,0.0,1169.4,398.33,North,Lucknow,UPI
ORD100132,2023-04-06,CUST00622,33.0,Female,Corporate,Home & Kitchen,Bedsheet Set,2816.05,1,0.25,2112.04,-62.86,West,Pune,Credit Card
ORD103929,2023-04-06,CUST01684,38.0,Female,Consumer,Furniture,Wardrobe,11619.87,2,0.05,22077.75,6625.37,East,Bhubaneswar,UPI
ORD105816,2023-04-06,CUST00707,43.0,Female,Small Business,Electronics,Wireless Earbuds,6442.34,3,0.0,19327.02,5445.61,East,Patna,Cash on Delivery
ORD103760,2023-04-06,CUST01654,47.0,Female,Corporate,Sports & Outdoors,Dumbbell Set,5397.53,2,0.05,10255.31,3854.16,East,Patna,Credit Card
ORD101721,2023-04-07,CUST00463,50.0,Female,Corporate,Electronics,Wireless Earbuds,6341.42,2,0.15,10780.41,2652.83,West,Mumbai,Debit Card
ORD101821,2023-04-07,CUST01057,55.0,Male,Corporate,Clothing,Formal Shirt,773.08,1,0.2,618.46,108.76,Central,Bhopal,UPI
ORD105029,2023-04-07,CUST01439,41.0,Male,Corporate,Electronics,Webcam,2164.1,2,0.2,3462.56,1032.52,West,Ahmedabad,Net Banking
ORD101535,2023-04-07,CUST00148,29.0,Female,Small Business,Furniture,Coffee Table,8056.14,1,0.25,6042.1,-367.0,West,Pune,Debit Card
ORD106226,2023-04-07,CUST02070,38.0,Male,Corporate,Clothing,Summer Dress,2460.52,2,0.1,4428.94,1390.18,South,Kochi,UPI
ORD101846,2023-04-07,CUST01554,30.0,Female,Consumer,Home & Kitchen,Bedsheet Set,1321.4,2,0.15,2246.38,463.23,South,Bengaluru,UPI
ORD102338,2023-04-07,CUST01067,44.0,Female,Small Business,Sports & Outdoors,Cricket Bat,1630.27,1,0.1,1467.24,165.98,Central,Nagpur,UPI
ORD104798,2023-04-08,CUST01147,22.0,Female,Consumer,Home & Kitchen,Storage Rack,3805.05,2,0.15,6468.58,1094.64,South,Chennai,UPI
ORD106211,2023-04-08,CUST00420,56.0,Male,Consumer,Electronics,Wireless Earbuds,3186.69,1,0.0,3186.69,1073.59,South,Kochi,Credit Card
ORD102366,2023-04-08,CUST00179,45.0,Female,Consumer,Home & Kitchen,Ceramic Mug Set,4664.47,3,0.1,12594.07,4356.8,North,Delhi,Cash on Delivery
ORD102580,2023-04-08,CUST00618,18.0,Male,Consumer,Furniture,Office Chair,4339.27,2,0.1,7810.69,2878.4,West,Surat,Credit Card
ORD101417,2023-04-08,CUST00792,41.0,Male,Consumer,Electronics,Smartphone Case,8741.27,1,0.0,8741.27,3157.27,Central,Raipur,Debit Card
ORD104902,2023-04-08,CUST00754,18.0,Male,Consumer,Books & Stationery,Fiction Novel,580.46,1,0.0,580.46,124.77,Central,Nagpur,UPI
ORD104400,2023-04-08,CUST01437,50.0,Female,Corporate,Furniture,Coffee Table,4081.96,1,0.1,3673.76,941.19,Central,Nagpur,Credit Card
ORD100040,2023-04-08,CUST01381,39.0,Male,Consumer,Clothing,Winter Jacket,2424.05,1,0.0,2424.05,809.31,West,Surat,
ORD104800,2023-04-09,CUST01667,27.0,Male,Consumer,Beauty & Personal Care,Trimmer,464.0,1,0.05,440.8,84.19,Central,Raipur,UPI
ORD104312,2023-04-09,CUST01811,28.0,Male,Corporate,Home & Kitchen,Air Fryer,731.97,1,0.0,731.97,253.7,North,Lucknow,Cash on Delivery
ORD102686,2023-04-09,CUST02000,34.0,Female,Consumer,Furniture,Wardrobe,2003.53,1,0.05,1903.35,382.73,West,Surat,Credit Card
ORD100718,2023-04-09,CUST00011,42.0,Female,Small Business,Sports & Outdoors,Camping Tent,3901.21,1,0.1,3511.09,1011.56,North,Delhi,UPI
ORD100812,2023-04-09,CUST01792,53.0,Male,Consumer,Electronics,Laptop Stand,5569.52,1,0.0,5569.52,1852.35,West,Ahmedabad,UPI
ORD104976,2023-04-09,CUST01759,25.0,Female,Consumer,Clothing,Running Shoes,625.65,2,0.0,1251.3,343.91,Central,Raipur,UPI
ORD102702,2023-04-10,CUST01563,26.0,Male,Small Business,Clothing,Men's T-Shirt,729.57,2,0.0,1459.14,445.2,West,Ahmedabad,Debit Card
ORD103681,2023-04-10,CUST02060,18.0,Female,Consumer,Home & Kitchen,Ceramic Mug Set,5255.81,1,0.15,4467.44,1422.81,North,Chandigarh,Debit Card
ORD101253,2023-04-10,CUST01772,33.0,Female,Consumer,Beauty & Personal Care,Perfume,586.14,3,0.1,1582.58,468.88,West,Ahmedabad,Net Banking
ORD105602,2023-04-10,CUST02064,35.0,Male,Small Business,Home & Kitchen,Water Bottle,3489.54,1,0.0,3489.54,1394.41,South,Hyderabad,UPI
ORD102478,2023-04-10,CUST01977,30.0,Male,Consumer,Home & Kitchen,Ceramic Mug Set,2416.48,1,0.25,1812.36,-26.48,Central,Raipur,Cash on Delivery
ORD104202,2023-04-10,CUST01107,18.0,Female,Consumer,Home & Kitchen,Ceramic Mug Set,3150.37,1,0.25,2362.78,417.37,Central,Raipur,Cash on Delivery
ORD105449,2023-04-10,CUST00657,57.0,Female,Corporate,Home & Kitchen,Air Fryer,1285.27,1,0.0,1285.27,282.74,West,Ahmedabad,Debit Card
ORD104066,2023-04-11,CUST00846,41.0,Male,Consumer,Electronics,Power Bank,8852.6,2,0.1,15934.68,5923.41,North,Delhi,UPI
ORD106104,2023-04-11,CUST00786,47.0,Female,Corporate,Clothing,Winter Jacket,2810.36,1,0.0,2810.36,718.76,West,Pune,Debit Card
ORD105654,2023-04-11,CUST01690,18.0,Male,Consumer,Electronics,Smartphone Case,7846.42,1,0.1,7061.78,2341.44,West,Ahmedabad,Debit Card
ORD102167,2023-04-11,CUST01698,42.0,Female,Corporate,Home & Kitchen,Non-Stick Pan,960.92,1,0.1,864.83,166.58,Central,Bhopal,Cash on Delivery
ORD104278,2023-04-11,CUST00976,21.0,Other,Corporate,Electronics,Webcam,6925.19,1,0.0,6925.19,1941.41,South,Bengaluru,Debit Card
ORD106479,2023-04-11,CUST00574,33.0,Male,Consumer,Books & Stationery,Sketch Pens,372.29,1,0.25,279.22,44.25,East,Bhubaneswar,UPI
ORD106038,2023-04-11,CUST01653,32.0,Male,Corporate,Electronics,Smartphone Case,4459.86,1,0.0,4459.86,1098.09,East,Patna,Debit Card
ORD105141,2023-04-11,CUST00685,49.0,Female,Consumer,Clothing,Men's T-Shirt,2872.07,1,0.1,2584.86,782.27,Central,Nagpur,Cash on Delivery
ORD106438,2023-04-11,CUST01178,18.0,Male,Small Business,Furniture,Coffee Table,10045.45,3,0.15,25615.9,8634.73,Central,Nagpur,UPI
ORD104399,2023-04-11,CUST01998,48.0,Male,Consumer,Beauty & Personal Care,Trimmer,1980.65,1,0.1,1782.58,399.27,South,Chennai,Cash on Delivery
ORD103588,2023-04-11,CUST01121,41.0,Female,Corporate,Clothing,Summer Dress,1785.58,1,0.0,1785.58,802.4,West,Pune,UPI
ORD100655,2023-04-12,CUST02021,18.0,Female,Consumer,Home & Kitchen,Bedsheet Set,974.87,1,0.1,877.38,339.4,South,Kochi,Net Banking
ORD100294,2023-04-12,CUST01412,28.0,Female,Small Business,Clothing,Women's Jeans,866.5,2,0.05,1646.35,368.13,East,Patna,Credit Card
ORD101646,2023-04-12,CUST00829,43.0,Female,Consumer,Home & Kitchen,LED Table Lamp,1120.61,1,0.2,896.49,162.91,West,Mumbai,Credit Card
ORD100772,2023-04-12,CUST01805,43.0,Female,Consumer,Sports & Outdoors,Camping Tent,6227.23,2,0.0,12454.46,4907.22,West,Surat,Net Banking
ORD100588,2023-04-12,CUST01876,41.0,Male,Corporate,Clothing,Formal Shirt,2787.74,3,0.15,7108.74,456.26,West,Ahmedabad,Cash on Delivery
ORD102900,2023-04-12,CUST01020,34.0,Male,Consumer,Electronics,Wireless Earbuds,4542.91,1,0.05,4315.76,1429.56,West,Surat,Cash on Delivery
ORD106041,2023-04-12,CUST00749,23.0,Female,Corporate,Clothing,Formal Shirt,1154.65,1,0.0,1154.65,486.21,Central,Bhopal,UPI
ORD101836,2023-04-13,CUST01094,47.0,Other,Consumer,Electronics,Power Bank,2037.29,1,0.15,1731.7,453.42,South,Hyderabad,Debit Card
ORD101592,2023-04-13,CUST02050,47.0,Female,Corporate,Electronics,Webcam,5685.23,1,0.0,5685.23,2283.96,East,Patna,Credit Card
ORD105271,2023-04-13,CUST00973,26.0,Female,Consumer,Books & Stationery,Fiction Novel,873.36,1,0.1,786.02,123.18,North,Chandigarh,UPI
ORD101161,2023-04-13,CUST00295,20.0,Male,Small Business,Electronics,USB-C Cable,7988.55,1,0.0,7988.55,3083.93,North,Chandigarh,UPI
ORD105575,2023-04-13,CUST01262,43.0,Female,Consumer,Clothing,Men's T-Shirt,318.24,2,0.05,604.66,182.55,East,Bhubaneswar,UPI
ORD104186,2023-04-13,CUST01890,33.0,Male,Consumer,Beauty & Personal Care,Hair Dryer,1508.61,1,0.0,1508.61,561.67,East,Bhubaneswar,UPI
ORD106027,2023-04-13,CUST01062,33.0,Female,Consumer,Electronics,USB-C Cable,6526.32,1,0.0,6526.32,2048.39,South,Hyderabad,Debit Card
ORD100587,2023-04-13,CUST00956,47.0,Male,Corporate,Books & Stationery,Desk Organizer,841.35,1,0.25,631.01,-2.34,North,Chandigarh,UPI
ORD105655,2023-04-14,CUST00620,29.0,Female,Corporate,Electronics,USB-C Cable,4355.68,1,0.2,3484.54,405.71,North,Chandigarh,UPI
ORD101119,2023-04-14,CUST01016,33.0,Female,Small Business,Clothing,Winter Jacket,933.16,5,0.0,4665.8,1353.5,West,Surat,Credit Card
ORD105902,2023-04-14,CUST00311,47.0,Female,Consumer,Books & Stationery,Desk Organizer,335.66,1,0.0,335.66,100.33,East,Patna,Debit Card
ORD103411,2023-04-14,CUST00331,30.0,Female,Corporate,Clothing,Summer Dress,1219.97,1,0.1,1097.97,378.08,West,Ahmedabad,Credit Card
ORD103535,2023-04-14,CUST00764,31.0,Male,Consumer,Beauty & Personal Care,Trimmer,942.79,1,0.1,848.51,118.12,North,Chandigarh,UPI
ORD101199,2023-04-14,CUST00856,55.0,Female,Consumer,Sports & Outdoors,Cricket Bat,6747.18,1,0.2,5397.74,302.54,East,Kolkata,Debit Card
ORD100539,2023-04-14,CUST01260,33.0,Female,Corporate,Beauty & Personal Care,Perfume,1906.46,2,0.0,3812.92,1551.48,East,Bhubaneswar,Net Banking
ORD101365,2023-04-15,CUST00370,32.0,Male,Consumer,Furniture,Coffee Table,10381.66,1,0.1,9343.49,2973.58,North,Delhi,Cash on Delivery
ORD101734,2023-04-15,CUST00589,29.0,Female,Corporate,Electronics,Bluetooth Speaker,5411.91,1,0.0,5411.91,1687.68,South,Hyderabad,Cash on Delivery
ORD102315,2023-04-15,CUST00111,47.0,Male,Corporate,Electronics,USB-C Cable,3744.83,1,0.0,3744.83,1163.28,South,Kochi,Credit Card
ORD101387,2023-04-15,CUST00272,18.0,Male,Consumer,Books & Stationery,Planner Diary,964.1,2,0.15,1638.97,284.07,South,Hyderabad,Credit Card
ORD105149,2023-04-15,CUST00967,24.0,Male,Consumer,Sports & Outdoors,Cricket Bat,2828.81,1,0.0,2828.81,978.41,West,Mumbai,UPI
ORD105167,2023-04-15,CUST01697,40.0,Male,Small Business,Home & Kitchen,Ceramic Mug Set,3585.16,1,0.05,3405.9,1421.94,North,Lucknow,Net Banking
ORD105724,2023-04-15,CUST01992,24.0,Male,Consumer,Clothing,Summer Dress,590.64,1,0.05,561.11,181.07,South,Kochi,Net Banking
ORD104086,2023-04-15,CUST00466,25.0,Male,Consumer,Home & Kitchen,Water Bottle,1643.45,1,0.0,1643.45,381.55,West,Surat,Credit Card
ORD104587,2023-04-15,CUST01531,50.0,Male,Corporate,Clothing,Running Shoes,972.59,1,0.0,972.59,267.71,North,Lucknow,UPI
ORD102476,2023-04-15,CUST01656,34.0,Female,Corporate,Electronics,Power Bank,4673.72,2,0.05,8880.07,3698.72,East,Kolkata,Debit Card
ORD101246,2023-04-15,CUST00158,51.0,Female,Consumer,Clothing,Sports Cap,1498.86,5,0.05,7119.58,1204.67,West,Pune,Cash on Delivery
ORD106495,2023-04-15,CUST01881,48.0,Female,Small Business,Home & Kitchen,LED Table Lamp,927.44,1,0.15,788.32,168.18,North,Lucknow,UPI
ORD104331,2023-04-16,CUST01116,48.0,Male,Consumer,Clothing,Men's T-Shirt,2229.18,1,0.0,2229.18,542.75,South,Chennai,Cash on Delivery
ORD101868,2023-04-16,CUST01499,18.0,Female,Consumer,Home & Kitchen,Storage Rack,4963.72,1,0.1,4467.35,1515.21,North,Lucknow,Credit Card
ORD106016,2023-04-16,CUST01369,38.0,Male,Consumer,Furniture,Office Chair,10109.59,1,0.05,9604.11,3088.67,North,Delhi,Debit Card
ORD104871,2023-04-16,CUST00841,47.0,Female,Consumer,Clothing,Winter Jacket,2217.19,1,0.0,2217.19,946.17,South,Kochi,Debit Card
ORD102994,2023-04-16,CUST01742,28.0,Male,Corporate,Electronics,Laptop Stand,3122.54,1,0.15,2654.16,889.66,South,Kochi,Debit Card
ORD101291,2023-04-16,CUST01496,38.0,Female,Consumer,Electronics,USB-C Cable,8176.25,1,0.0,8176.25,2385.18,Central,Raipur,Cash on Delivery
ORD104643,2023-04-16,CUST01971,33.0,Female,Consumer,Beauty & Personal Care,Lipstick,1312.61,1,0.0,1312.61,296.86,East,Patna,Cash on Delivery
ORD101684,2023-04-16,CUST00316,24.0,Male,Consumer,Electronics,Laptop Stand,3624.99,1,0.0,3624.99,1026.11,West,Surat,Cash on Delivery
ORD105531,2023-04-17,CUST00471,30.0,Male,Consumer,Electronics,Laptop Stand,5584.88,4,0.0,22339.52,8747.09,East,Bhubaneswar,UPI
ORD105442,2023-04-17,CUST00746,37.0,Male,Corporate,Clothing,Men's T-Shirt,2938.0,1,0.1,2644.2,733.33,South,Bengaluru,Cash on Delivery
ORD105182,2023-04-17,CUST00553,28.0,Male,Consumer,Clothing,Women's Jeans,1455.42,1,0.0,1455.42,455.41,North,Chandigarh,Credit Card
ORD100556,2023-04-17,CUST01309,30.0,Female,Small Business,Electronics,Laptop Stand,6582.51,4,0.1,23697.04,8654.9,East,Patna,Cash on Delivery
ORD101984,2023-04-17,CUST01123,45.0,Female,Corporate,Beauty & Personal Care,Lipstick,1494.49,1,0.1,1345.04,151.62,South,Bengaluru,UPI
ORD104184,2023-04-17,CUST00336,45.0,Female,Consumer,Clothing,Running Shoes,318.69,5,0.1,1434.1,367.65,Central,Bhopal,Credit Card
ORD104466,2023-04-17,CUST00455,45.0,Female,Corporate,Home & Kitchen,Mixer Grinder,4674.86,4,0.1,16829.5,3432.39,Central,Nagpur,Debit Card
ORD104497,2023-04-17,CUST00314,27.0,Female,Consumer,Clothing,Summer Dress,1379.79,4,0.05,5243.2,846.8,West,Ahmedabad,Debit Card
ORD105510,2023-04-17,CUST01390,52.0,Female,Consumer,Home & Kitchen,LED Table Lamp,3877.19,3,0.1,10468.41,3660.29,South,Chennai,UPI
ORD102599,2023-04-17,CUST01209,34.0,Female,Corporate,Electronics,Smartphone Case,2763.73,1,0.1,2487.36,313.38,South,Chennai,Debit Card
ORD100703,2023-04-18,CUST00471,30.0,Male,Consumer,Clothing,Women's Jeans,364.96,5,0.1,1642.32,401.28,South,Hyderabad,Debit Card
ORD101697,2023-04-18,CUST01323,37.0,Male,Consumer,Furniture,Bean Bag,13913.69,1,0.1,12522.32,2613.46,West,Ahmedabad,Credit Card
ORD102521,2023-04-18,CUST01505,39.0,Female,Consumer,Clothing,Women's Jeans,2163.59,1,0.05,2055.41,608.98,West,Mumbai,Cash on Delivery
ORD105295,2023-04-18,CUST00146,20.0,Male,Consumer,Beauty & Personal Care,Sunscreen SPF50,1364.94,1,0.2,1091.95,278.8,South,Kochi,Credit Card
ORD104141,2023-04-18,CUST00027,28.0,Male,Consumer,Clothing,Running Shoes,1182.6,1,0.0,1182.6,469.51,East,Kolkata,UPI
ORD102764,2023-04-18,CUST01731,30.0,Female,Small Business,Sports & Outdoors,Cricket Bat,4445.78,1,0.2,3556.62,912.05,South,Chennai,UPI
ORD101993,2023-04-19,CUST00948,52.0,Other,Consumer,Books & Stationery,Planner Diary,155.57,2,0.1,280.03,43.98,East,Kolkata,Net Banking
ORD106158,2023-04-19,CUST01976,35.0,Female,Consumer,Books & Stationery,Desk Organizer,266.16,1,0.15,226.24,70.46,East,Bhubaneswar,UPI
ORD105549,2023-04-19,CUST00561,28.0,Female,Consumer,Sports & Outdoors,Yoga Mat,4697.57,2,0.05,8925.38,2893.45,West,Mumbai,UPI
ORD104463,2023-04-19,CUST00832,29.0,Male,Corporate,Electronics,Smartwatch,1681.28,1,0.0,1681.28,643.34,Central,Bhopal,Credit Card
ORD106188,2023-04-19,CUST00710,18.0,Female,Consumer,Clothing,Formal Shirt,942.88,1,0.0,942.88,265.15,North,Delhi,Cash on Delivery
ORD103953,2023-04-19,CUST00681,30.0,Male,Consumer,Furniture,Bookshelf,9089.41,3,0.2,21814.58,6460.29,North,Jaipur,Debit Card
ORD105796,2023-04-19,CUST01468,18.0,Female,Small Business,Clothing,Formal Shirt,394.12,3,0.05,1123.24,202.49,North,Lucknow,Cash on Delivery
ORD102666,2023-04-20,CUST01049,31.0,Male,Corporate,Beauty & Personal Care,Hair Dryer,1992.86,1,0.05,1893.22,739.55,East,Kolkata,Cash on Delivery
ORD104634,2023-04-20,CUST01361,18.0,Female,Corporate,Books & Stationery,Planner Diary,279.23,1,0.05,265.27,55.6,South,Chennai,UPI
ORD101749,2023-04-20,CUST01238,49.0,Female,Consumer,Beauty & Personal Care,Face Wash,1061.44,2,0.05,2016.74,621.37,North,Jaipur,Credit Card
ORD100562,2023-04-20,CUST00259,34.0,Male,Consumer,Sports & Outdoors,Yoga Mat,4135.86,1,0.1,3722.27,852.08,South,Hyderabad,Cash on Delivery
ORD103551,2023-04-20,CUST00197,36.0,Male,Corporate,Beauty & Personal Care,Face Wash,1987.93,1,0.05,1888.53,359.7,South,Chennai,Cash on Delivery
ORD101585,2023-04-20,CUST00939,30.0,Female,Corporate,Clothing,Summer Dress,1239.69,1,0.05,1177.71,188.44,South,Bengaluru,Credit Card
ORD100946,2023-04-20,CUST01817,44.0,Female,Small Business,Electronics,Bluetooth Speaker,6030.59,2,0.0,12061.18,4685.53,Central,Raipur,UPI
ORD100997,2023-04-20,CUST01122,18.0,Female,Consumer,Home & Kitchen,Mixer Grinder,3193.55,1,0.0,3193.55,1394.63,Central,Bhopal,UPI
ORD104568,2023-04-21,CUST01335,20.0,Male,Corporate,Books & Stationery,Planner Diary,698.85,1,0.1,628.96,198.67,South,Chennai,Debit Card
ORD104698,2023-04-21,CUST01691,18.0,Female,Consumer,Furniture,Study Table,11738.33,1,0.0,11738.33,3024.71,South,Hyderabad,UPI
ORD100179,2023-04-21,CUST00224,40.0,Female,Consumer,Home & Kitchen,LED Table Lamp,3562.9,1,0.05,3384.76,749.72,West,Ahmedabad,UPI
ORD100021,2023-04-22,CUST01841,33.0,Male,Small Business,Electronics,Smartphone Case,8078.9,1,0.1,7271.01,1651.02,East,Patna,Cash on Delivery
ORD100726,2023-04-22,CUST01817,44.0,Female,Small Business,Clothing,Running Shoes,1024.26,1,0.05,973.05,217.66,South,Chennai,UPI
ORD105390,2023-04-22,CUST01744,38.0,Male,Consumer,Electronics,Smartphone Case,8351.43,2,0.05,15867.72,3432.66,North,Chandigarh,Debit Card
ORD101434,2023-04-22,CUST00823,18.0,Female,Consumer,Electronics,Bluetooth Speaker,5192.04,2,0.1,9345.67,1758.49,East,Kolkata,Credit Card
ORD100590,2023-04-22,CUST01405,39.0,Other,Corporate,Clothing,Sports Cap,2029.56,2,0.05,3856.16,857.52,Central,Bhopal,Cash on Delivery
ORD102013,2023-04-22,CUST00626,49.0,Male,Consumer,Electronics,Laptop Stand,4825.78,1,0.25,3619.34,-199.12,South,Hyderabad,Cash on Delivery
ORD104686,2023-04-22,CUST01714,,Female,Corporate,Clothing,Formal Shirt,1366.27,2,0.05,2595.91,1060.24,North,Delhi,Debit Card
ORD102455,2023-04-22,CUST02047,40.0,Male,Consumer,Electronics,Bluetooth Speaker,5948.0,1,0.05,5650.6,2353.99,East,Patna,UPI
ORD100754,2023-04-22,CUST01864,40.0,Male,Small Business,Books & Stationery,Planner Diary,393.61,2,0.15,669.14,180.74,North,Chandigarh,Cash on Delivery
ORD100930,2023-04-22,CUST00421,39.0,Male,Consumer,Clothing,Women's Jeans,1111.75,1,0.1,1000.58,369.65,West,Ahmedabad,Credit Card
ORD102284,2023-04-23,CUST00840,43.0,Male,Corporate,Sports & Outdoors,Dumbbell Set,3086.91,1,0.2,2469.53,450.63,South,Bengaluru,Debit Card
ORD100262,2023-04-23,CUST00781,18.0,Male,Consumer,Home & Kitchen,LED Table Lamp,3916.63,1,0.0,3916.63,1725.36,South,Kochi,Debit Card
ORD104847,2023-04-23,CUST00414,52.0,Female,Corporate,Home & Kitchen,Bedsheet Set,4352.05,2,0.1,7833.69,2200.66,North,Jaipur,UPI
ORD102110,2023-04-23,CUST00632,28.0,Male,Consumer,Furniture,Office Chair,5801.32,1,0.2,4641.06,529.58,North,Lucknow,UPI
ORD100832,2023-04-23,CUST00054,36.0,Female,Corporate,Furniture,Bookshelf,9118.11,5,0.15,38751.97,7780.26,South,Chennai,Cash on Delivery
ORD104457,2023-04-23,CUST01945,23.0,Other,Consumer,Clothing,Kids Hoodie,1697.53,2,0.0,3395.06,694.92,West,Ahmedabad,UPI
ORD100919,2023-04-23,CUST02052,29.0,Female,Consumer,Beauty & Personal Care,Perfume,1457.97,1,0.15,1239.27,76.77,South,Chennai,UPI
ORD100066,2023-04-23,CUST01258,38.0,Male,Consumer,Furniture,Bookshelf,14604.68,2,0.25,21907.02,677.14,North,Delhi,UPI
ORD103328,2023-04-23,CUST00706,21.0,Female,Small Business,Clothing,Summer Dress,1954.45,1,0.15,1661.28,179.56,North,Lucknow,Net Banking
ORD102743,2023-04-23,CUST01066,26.0,Female,Consumer,Beauty & Personal Care,Trimmer,1207.61,2,0.2,1932.18,77.44,South,Hyderabad,UPI
ORD102411,2023-04-23,CUST00768,38.0,Female,Small Business,Clothing,Running Shoes,662.49,2,0.05,1258.73,222.33,North,Lucknow,Debit Card
ORD102156,2023-04-24,CUST00803,38.0,Female,Consumer,Sports & Outdoors,Camping Tent,5119.05,1,0.1,4607.15,1314.15,South,Kochi,Debit Card
ORD101720,2023-04-24,CUST01988,45.0,Male,Consumer,Electronics,Wireless Earbuds,1698.86,3,0.1,4586.92,1717.11,Central,Raipur,Debit Card
ORD105723,2023-04-24,CUST01716,54.0,Male,Consumer,Clothing,Sports Cap,2154.11,2,0.0,4308.22,1235.77,Central,Bhopal,Debit Card
ORD102359,2023-04-24,CUST00491,30.0,Female,Consumer,Home & Kitchen,Air Fryer,1744.0,1,0.0,1744.0,550.02,South,Chennai,Net Banking
ORD103600,2023-04-24,CUST00629,22.0,Female,Consumer,Electronics,Wireless Earbuds,1494.81,1,0.0,1494.81,360.83,South,Chennai,UPI
ORD106169,2023-04-24,CUST00090,37.0,Female,Consumer,Furniture,Wardrobe,10739.8,3,0.2,25775.52,3406.66,North,Chandigarh,Credit Card
ORD102393,2023-04-25,CUST01874,42.0,Female,Corporate,Clothing,Formal Shirt,1136.02,1,0.1,1022.42,395.63,West,Pune,UPI
ORD106290,2023-04-25,CUST01119,39.0,Male,Consumer,Books & Stationery,Notebook Pack,321.32,1,0.05,305.25,91.23,Central,Bhopal,Credit Card
ORD104118,2023-04-25,CUST01403,25.0,Female,Consumer,Electronics,Smartphone Case,8227.97,1,0.05,7816.57,2368.92,East,Patna,Credit Card
ORD105318,2023-04-25,CUST01266,18.0,Male,Consumer,Books & Stationery,Fiction Novel,544.43,2,0.0,1088.86,475.95,East,Kolkata,Debit Card
ORD100430,2023-04-25,CUST00446,30.0,Male,Consumer,Beauty & Personal Care,Perfume,1072.3,1,0.1,965.07,159.88,East,Patna,Debit Card
ORD104407,2023-04-25,CUST01969,,Female,Small Business,Home & Kitchen,Water Bottle,3659.79,1,0.0,3659.79,1157.79,East,Bhubaneswar,UPI
ORD105984,2023-04-25,CUST01772,33.0,Female,Consumer,Electronics,Power Bank,8157.7,1,0.15,6934.04,2408.06,East,Bhubaneswar,Cash on Delivery
ORD103255,2023-04-25,CUST00578,30.0,Male,Corporate,Beauty & Personal Care,Trimmer,1795.8,1,0.05,1706.01,463.2,Central,Bhopal,Net Banking
ORD101278,2023-04-25,CUST00179,45.0,Female,Consumer,Home & Kitchen,Water Bottle,3466.75,1,0.0,3466.75,1151.61,East,Kolkata,Net Banking
ORD103611,2023-04-25,CUST00207,47.0,Female,Consumer,Home & Kitchen,LED Table Lamp,5901.56,1,0.0,5901.56,1846.46,North,Lucknow,UPI
ORD102594,2023-04-25,CUST01035,43.0,Male,Consumer,Books & Stationery,Desk Organizer,640.88,2,0.05,1217.67,457.28,North,Delhi,Net Banking
ORD102537,2023-04-25,CUST01231,18.0,Male,Consumer,Books & Stationery,Desk Organizer,472.21,2,0.1,849.98,153.6,East,Bhubaneswar,Credit Card
ORD105719,2023-04-26,CUST00388,47.0,Male,Consumer,Clothing,Winter Jacket,2946.94,1,0.0,2946.94,824.67,West,Surat,
ORD105684,2023-04-26,CUST02071,32.0,Male,Consumer,Clothing,Winter Jacket,2917.0,2,0.15,4958.9,1156.18,North,Lucknow,UPI
ORD105856,2023-04-26,CUST00172,41.0,Female,Consumer,Sports & Outdoors,Yoga Mat,1967.14,1,0.1,1770.43,382.33,East,Bhubaneswar,UPI
ORD103554,2023-04-26,CUST01365,24.0,Female,Corporate,Books & Stationery,Fiction Novel,896.11,1,0.0,896.11,193.63,North,Delhi,UPI
ORD104296,2023-04-26,CUST00828,39.0,Male,Consumer,Sports & Outdoors,Yoga Mat,865.0,1,0.0,865.0,322.22,South,Kochi,Debit Card
ORD105841,2023-04-26,CUST00810,47.0,Female,Small Business,Sports & Outdoors,Cricket Bat,5891.97,1,0.0,5891.97,1332.39,East,Patna,UPI
ORD104378,2023-04-27,CUST00115,24.0,Male,Small Business,Beauty & Personal Care,Trimmer,1528.44,2,0.15,2598.35,543.72,East,Patna,Debit Card
ORD100152,2023-04-27,CUST00131,25.0,Female,Consumer,Electronics,Webcam,8338.83,3,0.25,18762.37,-263.35,East,Kolkata,UPI
ORD105536,2023-04-27,CUST01718,60.0,Female,Corporate,Clothing,Winter Jacket,2692.29,1,0.25,2019.22,-31.31,West,Ahmedabad,Cash on Delivery
ORD105688,2023-04-28,CUST01379,31.0,Male,Consumer,Beauty & Personal Care,Hair Dryer,1750.03,1,0.0,1750.03,431.97,South,Bengaluru,Cash on Delivery
ORD104622,2023-04-28,CUST01232,18.0,Male,Consumer,Clothing,Kids Hoodie,2278.37,2,0.0,4556.74,1727.3,Central,Bhopal,UPI
ORD105777,2023-04-28,CUST00435,33.0,Female,Corporate,Sports & Outdoors,Yoga Mat,6975.6,1,0.1,6278.04,2153.22,West,Surat,Credit Card
ORD101693,2023-04-28,CUST01698,42.0,Female,Corporate,Books & Stationery,Notebook Pack,786.52,1,0.0,786.52,285.67,North,Lucknow,Credit Card
ORD104856,2023-04-28,CUST00732,30.0,Female,Consumer,Clothing,Kids Hoodie,2721.6,2,0.0,5443.2,2268.59,West,Ahmedabad,Net Banking
ORD106189,2023-04-28,CUST01315,32.0,Female,Consumer,Clothing,Formal Shirt,411.74,3,0.15,1049.94,354.06,East,Bhubaneswar,Credit Card
ORD103896,2023-04-28,CUST01489,33.0,Female,Consumer,Electronics,Bluetooth Speaker,826.03,3,0.2,1982.47,360.65,West,Ahmedabad,Credit Card
ORD105950,2023-04-28,CUST01473,53.0,Female,Corporate,Furniture,Office Chair,3365.85,1,0.0,3365.85,782.79,West,Pune,Cash on Delivery
ORD104896,2023-04-29,CUST02033,29.0,Female,Consumer,Beauty & Personal Care,Lipstick,1694.16,2,0.05,3218.9,723.84,East,Bhubaneswar,UPI
ORD102760,2023-04-29,CUST01969,18.0,Female,Small Business,Beauty & Personal Care,Trimmer,883.45,1,0.1,795.1,100.9,North,Chandigarh,Cash on Delivery
ORD103542,2023-04-29,CUST01400,30.0,Female,Consumer,Beauty & Personal Care,Perfume,491.64,2,0.25,737.46,-19.13,West,Mumbai,Cash on Delivery
ORD100576,2023-04-29,CUST00966,,Male,Consumer,Clothing,Men's T-Shirt,1731.86,3,0.0,5195.58,1552.75,South,Kochi,Credit Card
ORD105164,2023-04-29,CUST01717,24.0,Female,Small Business,Clothing,Kids Hoodie,1756.58,1,0.1,1580.92,449.93,South,Kochi,UPI
ORD102747,2023-04-29,CUST00436,27.0,Female,Consumer,Clothing,Kids Hoodie,1766.06,1,0.1,1589.45,562.71,South,Hyderabad,UPI
ORD101947,2023-04-29,CUST01781,30.0,Male,Corporate,Books & Stationery,Desk Organizer,638.25,1,0.0,638.25,157.02,East,Patna,UPI
ORD103525,2023-04-29,CUST01142,44.0,Female,Corporate,Clothing,Women's Jeans,1120.88,1,0.1,1008.79,272.55,West,Surat,UPI
ORD100844,2023-04-30,CUST01766,20.0,Female,Corporate,Books & Stationery,Desk Organizer,925.51,1,0.1,832.96,180.56,West,Surat,Cash on Delivery
ORD101909,2023-04-30,CUST01839,39.0,Female,Consumer,Books & Stationery,Desk Organizer,925.77,2,0.0,1851.54,449.34,South,Bengaluru,Credit Card
ORD104867,2023-04-30,CUST01074,27.0,Male,Small Business,Clothing,Kids Hoodie,775.61,1,0.1,698.05,261.43,East,Kolkata,UPI
ORD104004,2023-04-30,CUST00896,61.0,Female,Consumer,Clothing,Winter Jacket,1741.37,1,0.05,1654.3,591.15,East,Bhubaneswar,Cash on Delivery
ORD101423,2023-04-30,CUST01722,61.0,Male,Consumer,Clothing,Men's T-Shirt,1693.31,1,0.0,1693.31,657.77,East,Kolkata,UPI
ORD102483,2023-04-30,CUST01921,32.0,Female,Corporate,Clothing,Kids Hoodie,463.37,1,0.0,463.37,203.73,West,Ahmedabad,Credit Card
ORD105999,2023-04-30,CUST00827,42.0,Female,Corporate,Home & Kitchen,Ceramic Mug Set,1499.55,2,0.0,2999.1,1320.67,West,Mumbai,Debit Card
ORD105977,2023-05-01,CUST00081,28.0,Male,Corporate,Home & Kitchen,Air Fryer,3471.83,1,0.1,3124.65,1062.59,West,Surat,Net Banking
ORD103730,2023-05-01,CUST00406,48.0,Female,Small Business,Clothing,Formal Shirt,1117.09,1,0.05,1061.24,403.1,South,Chennai,Cash on Delivery
ORD100775,2023-05-01,CUST02065,34.0,Male,Corporate,Clothing,Summer Dress,2968.77,1,0.15,2523.45,481.09,South,Bengaluru,UPI
ORD101764,2023-05-01,CUST00503,38.0,Male,Small Business,Clothing,Summer Dress,749.49,1,0.1,674.54,155.13,East,Bhubaneswar,Debit Card
ORD100519,2023-05-01,CUST01395,33.0,Male,Small Business,Clothing,Sports Cap,1346.01,1,0.05,1278.71,501.04,Central,Bhopal,Cash on Delivery
ORD101790,2023-05-01,CUST01343,26.0,Female,Consumer,Electronics,Power Bank,2767.66,1,0.0,2767.66,1067.09,East,Bhubaneswar,Credit Card
ORD100760,2023-05-02,CUST00636,23.0,Male,Corporate,Beauty & Personal Care,Perfume,1802.45,1,0.05,1712.33,344.9,West,Ahmedabad,Debit Card
ORD106219,2023-05-02,CUST00191,31.0,Other,Small Business,Beauty & Personal Care,Perfume,1006.49,2,0.0,2012.98,817.08,North,Lucknow,Debit Card
ORD104272,2023-05-02,CUST00305,27.0,Male,Small Business,Clothing,Winter Jacket,2661.06,4,0.1,9579.82,1344.64,South,Hyderabad,UPI
ORD104297,2023-05-02,CUST00885,38.0,Male,Small Business,Sports & Outdoors,Cycling Helmet,3658.31,1,0.15,3109.56,311.25,North,Chandigarh,UPI
ORD102037,2023-05-02,CUST01245,31.0,Female,Small Business,Home & Kitchen,Storage Rack,2083.04,1,0.05,1978.89,745.26,East,Bhubaneswar,Cash on Delivery
ORD101221,2023-05-02,CUST00930,34.0,Male,Consumer,Beauty & Personal Care,Perfume,1513.72,1,0.1,1362.35,321.21,Central,Raipur,Credit Card
ORD105228,2023-05-02,CUST00250,62.0,Male,Consumer,Beauty & Personal Care,Sunscreen SPF50,504.82,1,0.0,504.82,203.51,South,Bengaluru,Credit Card
ORD102894,2023-05-02,CUST00260,48.0,Male,Corporate,Furniture,Study Table,12238.25,1,0.0,12238.25,5466.06,East,Bhubaneswar,Net Banking
ORD106128,2023-05-02,CUST00712,20.0,Male,Small Business,Beauty & Personal Care,Face Wash,1019.39,1,0.0,1019.39,286.79,East,Patna,UPI
ORD100801,2023-05-03,CUST01200,28.0,Male,Consumer,Beauty & Personal Care,Face Wash,500.85,1,0.0,500.85,202.24,East,Patna,Cash on Delivery
ORD103631,2023-05-03,CUST01785,48.0,Male,Corporate,Home & Kitchen,Air Fryer,2516.62,1,0.0,2516.62,624.67,East,Patna,Cash on Delivery
ORD102115,2023-05-03,CUST00922,19.0,Male,Consumer,Clothing,Men's T-Shirt,2204.76,1,0.05,2094.52,343.33,South,Kochi,UPI
ORD101710,2023-05-03,CUST01200,28.0,Male,Consumer,Electronics,Bluetooth Speaker,7613.44,2,0.05,14465.54,4597.97,North,Chandigarh,Credit Card
ORD100665,2023-05-03,CUST00744,27.0,Female,Small Business,Beauty & Personal Care,Hair Dryer,1011.22,1,0.25,758.42,-37.71,East,Patna,Credit Card
ORD100589,2023-05-03,CUST01458,51.0,Male,Corporate,Beauty & Personal Care,Lipstick,1080.58,2,0.15,1836.99,315.42,Central,Nagpur,UPI
ORD101637,2023-05-03,CUST01203,35.0,Male,Consumer,Clothing,Women's Jeans,2710.21,1,0.2,2168.17,611.42,West,Ahmedabad,UPI
ORD101109,2023-05-04,CUST00418,29.0,Male,Consumer,Sports & Outdoors,Dumbbell Set,5785.61,2,0.1,10414.1,3756.44,South,Bengaluru,Cash on Delivery
ORD100790,2023-05-04,CUST01843,43.0,Female,Consumer,Home & Kitchen,LED Table Lamp,3739.38,1,0.1,3365.44,991.27,South,Kochi,Debit Card
ORD104985,2023-05-04,CUST01983,37.0,Female,Corporate,Home & Kitchen,Non-Stick Pan,2281.92,1,0.1,2053.73,688.64,South,Kochi,Cash on Delivery
ORD104003,2023-05-04,CUST00748,47.0,Male,Consumer,Clothing,Women's Jeans,1340.7,1,0.05,1273.66,351.49,East,Kolkata,Credit Card
ORD104552,2023-05-04,CUST00499,32.0,Male,Consumer,Furniture,Bookshelf,12368.95,1,0.0,12368.95,2681.92,East,Bhubaneswar,Cash on Delivery
ORD106216,2023-05-04,CUST01591,33.0,Female,Consumer,Beauty & Personal Care,Face Wash,1822.94,1,0.2,1458.35,357.35,West,Mumbai,Credit Card
ORD103480,2023-05-04,CUST01356,24.0,Male,Consumer,Clothing,Formal Shirt,521.28,1,0.0,521.28,168.24,West,Mumbai,UPI
ORD103545,2023-05-05,CUST00424,23.0,Male,Consumer,Electronics,Bluetooth Speaker,4390.49,1,0.05,4170.97,876.78,East,Patna,UPI
ORD103078,2023-05-05,CUST01190,59.0,Female,Consumer,Clothing,Running Shoes,1297.24,1,0.2,1037.79,134.2,Central,Raipur,Net Banking
ORD102439,2023-05-05,CUST01480,25.0,Male,Consumer,Clothing,Women's Jeans,2177.09,1,0.25,1632.82,77.3,North,Lucknow,UPI
ORD105327,2023-05-05,CUST00013,26.0,Male,Consumer,Clothing,Kids Hoodie,1653.19,1,0.0,1653.19,495.76,North,Lucknow,Debit Card
ORD100698,2023-05-05,CUST01966,18.0,Female,Consumer,Clothing,Women's Jeans,640.53,1,0.15,544.45,85.52,East,Kolkata,UPI
ORD102396,2023-05-05,CUST00051,18.0,Male,Consumer,Home & Kitchen,Air Fryer,1546.46,1,0.1,1391.81,187.45,North,Chandigarh,UPI
ORD103645,2023-05-05,CUST00483,34.0,Male,Corporate,Clothing,Running Shoes,753.01,1,0.0,753.01,160.64,East,Patna,Credit Card
ORD100866,2023-05-05,CUST01045,35.0,Male,Consumer,Electronics,Laptop Stand,2187.41,2,0.0,4374.82,1338.51,East,Kolkata,UPI
ORD106160,2023-05-05,CUST01828,23.0,Female,Consumer,Electronics,Wireless Earbuds,6240.22,3,0.0,18720.66,7243.52,Central,Raipur,Cash on Delivery
ORD100875,2023-05-06,CUST00790,42.0,Male,Corporate,Beauty & Personal Care,Trimmer,1819.81,1,0.2,1455.85,271.02,South,Kochi,
ORD106262,2023-05-06,CUST00605,34.0,Female,Corporate,Home & Kitchen,Non-Stick Pan,4651.89,1,0.0,4651.89,1963.37,South,Kochi,Credit Card
ORD100004,2023-05-06,CUST01268,24.0,Female,Corporate,Beauty & Personal Care,Lipstick,1173.35,3,0.1,3168.04,747.14,West,Surat,UPI
ORD104027,2023-05-06,CUST00416,47.0,Male,Consumer,Home & Kitchen,Ceramic Mug Set,4710.44,1,0.0,4710.44,1927.8,South,Hyderabad,Credit Card
ORD103343,2023-05-06,CUST01417,32.0,Female,Consumer,Books & Stationery,Notebook Pack,158.25,1,0.0,158.25,68.65,North,Lucknow,Debit Card
ORD106195,2023-05-06,CUST01691,18.0,Female,Consumer,Sports & Outdoors,Cricket Bat,1395.55,1,0.0,1395.55,487.94,East,Bhubaneswar,UPI
ORD100318,2023-05-06,CUST00359,42.0,Female,Small Business,Books & Stationery,Sketch Pens,251.89,2,0.0,503.78,151.36,South,Bengaluru,UPI
ORD103461,2023-05-06,CUST01256,28.0,Female,Consumer,Electronics,Smartwatch,4568.48,4,0.05,17360.22,6235.32,Central,Bhopal,Net Banking
ORD105490,2023-05-06,CUST01915,29.0,Female,Corporate,Electronics,Smartwatch,4522.88,5,0.0,22614.4,7513.44,South,Kochi,Cash on Delivery
ORD104833,2023-05-06,CUST01170,23.0,Male,Corporate,Home & Kitchen,Water Bottle,1079.32,1,0.05,1025.35,294.96,South,Chennai,UPI
ORD100005,2023-05-06,CUST01035,43.0,Male,Consumer,Books & Stationery,Sketch Pens,427.87,1,0.0,427.87,155.65,West,Ahmedabad,Cash on Delivery
ORD104034,2023-05-06,CUST00482,43.0,Female,Corporate,Clothing,Running Shoes,335.25,1,0.15,284.96,46.25,Central,Nagpur,Credit Card
ORD102102,2023-05-07,CUST01545,26.0,Male,Consumer,Electronics,Smartphone Case,5136.8,1,0.0,5136.8,2004.96,West,Surat,Credit Card
ORD102996,2023-05-07,CUST01074,27.0,Male,Small Business,Electronics,Power Bank,1349.82,1,0.2,1079.86,47.79,South,Chennai,UPI
ORD106425,2023-05-07,CUST00283,,Male,Consumer,Furniture,Study Table,9351.24,5,0.0,46756.2,21020.27,South,Kochi,UPI
ORD105691,2023-05-07,CUST01458,51.0,Male,Corporate,Clothing,Summer Dress,1686.29,2,0.0,3372.58,867.64,North,Chandigarh,Cash on Delivery
ORD106004,2023-05-07,CUST00011,,Female,Small Business,Electronics,Bluetooth Speaker,7386.84,1,0.0,7386.84,3295.41,Central,Raipur,UPI
ORD103872,2023-05-07,CUST01045,35.0,Male,Consumer,Electronics,Webcam,2197.11,1,0.05,2087.25,687.94,West,Surat,Net Banking
ORD101991,2023-05-08,CUST00734,47.0,Male,Corporate,Electronics,Smartphone Case,3340.67,1,0.1,3006.6,753.02,West,Surat,Debit Card
ORD101156,2023-05-08,CUST00586,43.0,Male,Consumer,Home & Kitchen,LED Table Lamp,1934.33,1,0.05,1837.61,729.74,South,Bengaluru,Debit Card
ORD104467,2023-05-08,CUST01253,34.0,Female,Small Business,Furniture,Bean Bag,9236.72,1,0.0,9236.72,2934.6,Central,Nagpur,Credit Card
ORD102420,2023-05-09,CUST01269,42.0,Male,Consumer,Electronics,Smartwatch,2630.16,1,0.25,1972.62,245.99,North,Lucknow,Cash on Delivery
ORD103173,2023-05-09,CUST00711,49.0,Male,Consumer,Electronics,Smartphone Case,3531.4,1,0.25,2648.55,97.98,North,Delhi,Net Banking
ORD103210,2023-05-09,CUST01659,29.0,Female,Consumer,Clothing,Kids Hoodie,592.6,1,0.0,592.6,252.51,East,Patna,Credit Card
ORD101884,2023-05-09,CUST02000,34.0,Female,Consumer,Books & Stationery,Desk Organizer,233.26,1,0.0,233.26,68.57,East,Bhubaneswar,UPI
ORD101321,2023-05-09,CUST00173,37.0,Male,Corporate,Electronics,Bluetooth Speaker,3934.39,3,0.1,10622.85,2432.2,West,Pune,Cash on Delivery
ORD105951,2023-05-09,CUST00587,38.0,Male,Corporate,Furniture,Bookshelf,9795.92,1,0.0,9795.92,4117.1,South,Bengaluru,Cash on Delivery
ORD104825,2023-05-09,CUST02009,39.0,Female,Corporate,Clothing,Running Shoes,635.97,1,0.05,604.17,139.07,West,Mumbai,Cash on Delivery
ORD103937,2023-05-09,CUST01307,19.0,Female,Consumer,Electronics,Laptop Stand,2708.87,2,0.0,5417.74,2090.52,South,Bengaluru,Credit Card
ORD103172,2023-05-09,CUST00615,23.0,Male,Corporate,Books & Stationery,Sketch Pens,469.85,1,0.0,469.85,194.41,South,Kochi,Debit Card
ORD105343,2023-05-10,CUST00283,46.0,Male,Consumer,Beauty & Personal Care,Perfume,631.92,1,0.1,568.73,71.65,East,Bhubaneswar,UPI
ORD100667,2023-05-10,CUST01198,28.0,Male,Consumer,Sports & Outdoors,Cricket Bat,1666.84,1,0.05,1583.5,407.02,South,Chennai,Credit Card
ORD103844,2023-05-10,CUST01038,51.0,Male,Small Business,Clothing,Sports Cap,1701.9,2,0.0,3403.8,1262.13,Central,Nagpur,Credit Card
ORD106043,2023-05-10,CUST01976,35.0,Female,Consumer,Home & Kitchen,Bedsheet Set,1532.15,1,0.1,1378.94,241.26,South,Kochi,Net Banking
ORD103667,2023-05-10,CUST01974,31.0,Male,Consumer,Clothing,Kids Hoodie,645.89,1,0.25,484.42,105.11,East,Patna,UPI
ORD103221,2023-05-10,CUST01373,30.0,Male,Small Business,Home & Kitchen,Ceramic Mug Set,1892.29,1,0.0,1892.29,687.08,North,Chandigarh,Debit Card
ORD104480,2023-05-10,CUST01269,42.0,Male,Consumer,Beauty & Personal Care,Sunscreen SPF50,503.84,2,0.0,1007.68,382.6,South,Bengaluru,
ORD103999,2023-05-10,CUST01919,27.0,Male,Small Business,Beauty & Personal Care,Perfume,619.8,1,0.0,619.8,274.69,West,Surat,UPI
ORD100209,2023-05-10,CUST01338,20.0,Male,Consumer,Books & Stationery,Fiction Novel,676.56,1,0.15,575.08,105.92,South,Hyderabad,UPI
ORD100111,2023-05-10,CUST01070,18.0,Male,Consumer,Home & Kitchen,Bedsheet Set,4588.09,2,0.05,8717.37,1488.88,Central,Raipur,Net Banking
ORD101164,2023-05-10,CUST00548,19.0,Female,Consumer,Furniture,Wardrobe,7028.08,1,0.0,7028.08,1760.9,Central,Raipur,Net Banking
ORD105850,2023-05-11,CUST01227,42.0,Female,Small Business,Electronics,Laptop Stand,1841.29,5,0.0,9206.45,3417.14,Central,Raipur,UPI
ORD104905,2023-05-11,CUST00385,42.0,Female,Consumer,Home & Kitchen,Water Bottle,1317.26,1,0.0,1317.26,274.94,Central,Bhopal,Credit Card
ORD102813,2023-05-11,CUST01019,31.0,Male,Corporate,Clothing,Running Shoes,1525.57,1,0.1,1373.01,504.45,South,Kochi,Debit Card
ORD104280,2023-05-11,CUST01738,33.0,Female,Consumer,Beauty & Personal Care,Lipstick,1161.37,1,0.15,987.16,131.65,West,Ahmedabad,UPI
ORD102807,2023-05-11,CUST00742,26.0,Female,Small Business,Furniture,Coffee Table,12164.71,1,0.05,11556.47,2818.12,East,Bhubaneswar,UPI
ORD100505,2023-05-11,CUST01403,25.0,Female,Consumer,Electronics,Smartphone Case,8677.25,1,0.0,8677.25,2963.7,South,Kochi,Credit Card
ORD102130,2023-05-11,CUST00875,,Female,Consumer,Home & Kitchen,Mixer Grinder,2564.26,1,0.1,2307.83,740.65,Central,Raipur,Debit Card
ORD100202,2023-05-11,CUST01624,43.0,Female,Consumer,Sports & Outdoors,Football,1733.62,1,0.1,1560.26,380.61,South,Hyderabad,UPI
ORD104254,2023-05-11,CUST01355,18.0,Male,Small Business,Clothing,Men's T-Shirt,779.69,1,0.1,701.72,226.6,South,Bengaluru,Debit Card
ORD100353,2023-05-12,CUST00105,39.0,Male,Corporate,Home & Kitchen,Ceramic Mug Set,1100.51,2,0.2,1760.82,527.18,South,Bengaluru,UPI
ORD105744,2023-05-12,CUST01996,28.0,Male,Corporate,Furniture,Office Chair,8387.12,2,0.2,13419.39,326.77,South,Hyderabad,UPI
ORD103728,2023-05-12,CUST01828,,Female,Consumer,Electronics,USB-C Cable,3707.96,1,0.05,3522.56,1144.44,West,Surat,Debit Card
ORD100729,2023-05-12,CUST01334,29.0,Female,Small Business,Furniture,Coffee Table,8452.65,2,0.1,15214.77,3249.79,West,Mumbai,Credit Card
ORD101380,2023-05-12,CUST02099,21.0,Female,Corporate,Home & Kitchen,LED Table Lamp,5474.42,1,0.0,5474.42,1595.67,North,Chandigarh,Cash on Delivery
ORD102971,2023-05-12,CUST01462,24.0,Female,Consumer,Books & Stationery,Notebook Pack,439.56,2,0.05,835.16,162.85,East,Patna,UPI
ORD104368,2023-05-12,CUST00765,41.0,Male,Consumer,Electronics,Bluetooth Speaker,5186.02,1,0.0,5186.02,1216.56,East,Bhubaneswar,UPI
ORD105799,2023-05-12,CUST01321,28.0,Male,Consumer,Home & Kitchen,Storage Rack,2455.31,2,0.15,4174.03,1021.55,West,Surat,Net Banking
ORD101212,2023-05-12,CUST01932,55.0,Female,Consumer,Clothing,Kids Hoodie,364.93,1,0.15,310.19,74.82,North,Delhi,Cash on Delivery
ORD105534,2023-05-12,CUST00565,18.0,Female,Consumer,Beauty & Personal Care,Trimmer,1635.97,1,0.05,1554.17,360.26,North,Chandigarh,Credit Card
ORD103948,2023-05-12,CUST01439,41.0,Male,Corporate,Books & Stationery,Notebook Pack,370.63,3,0.05,1056.3,364.95,West,Ahmedabad,Debit Card
ORD102068,2023-05-13,CUST01504,18.0,Male,Consumer,Clothing,Formal Shirt,2142.38,1,0.0,2142.38,847.29,South,Bengaluru,Credit Card
ORD103768,2023-05-13,CUST00846,41.0,Male,Consumer,Electronics,Wireless Earbuds,2712.62,1,0.05,2576.99,462.06,West,Ahmedabad,UPI
ORD105909,2023-05-13,CUST00825,34.0,Female,Corporate,Home & Kitchen,Air Fryer,4324.53,1,0.0,4324.53,1471.26,East,Patna,Debit Card
ORD101867,2023-05-13,CUST01006,54.0,Female,Small Business,Home & Kitchen,Bedsheet Set,4185.56,1,0.1,3767.0,650.24,West,Pune,UPI
ORD103216,2023-05-13,CUST01451,22.0,Male,Small Business,Electronics,Smartphone Case,4365.06,1,0.0,4365.06,1086.11,Central,Raipur,Cash on Delivery
ORD104796,2023-05-13,CUST01680,23.0,Female,Corporate,Furniture,Wardrobe,5697.87,2,0.0,11395.74,4006.36,North,Jaipur,Debit Card
ORD106367,2023-05-13,CUST01459,,Male,Corporate,Furniture,Bookshelf,5605.37,1,0.0,5605.37,1444.81,North,Jaipur,Net Banking
ORD100730,2023-05-13,CUST00274,20.0,Male,Corporate,Clothing,Winter Jacket,1162.4,1,0.2,929.92,75.03,Central,Nagpur,UPI
ORD103224,2023-05-14,CUST00964,42.0,Male,Consumer,Sports & Outdoors,Cycling Helmet,1705.26,1,0.1,1534.73,185.48,West,Surat,UPI
ORD102052,2023-05-14,CUST01534,43.0,Female,Consumer,Sports & Outdoors,Cycling Helmet,4536.41,1,0.15,3855.95,1025.99,South,Chennai,Credit Card
ORD102127,2023-05-14,CUST00396,42.0,Male,Consumer,Books & Stationery,Fiction Novel,398.76,2,0.05,757.64,145.36,North,Jaipur,Debit Card
ORD105276,2023-05-14,CUST01582,50.0,Female,Small Business,Furniture,Study Table,14069.17,2,0.15,23917.59,8408.37,West,Ahmedabad,UPI
ORD100958,2023-05-14,CUST01139,35.0,Female,Small Business,Electronics,Smartphone Case,5075.48,1,0.0,5075.48,1492.12,South,Bengaluru,UPI
ORD105810,2023-05-14,CUST01120,39.0,Female,Small Business,Clothing,Summer Dress,2802.67,1,0.0,2802.67,1118.69,West,Ahmedabad,Cash on Delivery
ORD105034,2023-05-14,CUST01800,34.0,Female,Consumer,Beauty & Personal Care,Perfume,1078.22,1,0.0,1078.22,284.05,East,Patna,
ORD106246,2023-05-14,CUST01286,18.0,Female,Consumer,Clothing,Summer Dress,1238.24,1,0.0,1238.24,290.9,South,Kochi,Net Banking
ORD105010,2023-05-14,CUST01634,43.0,Female,Small Business,Electronics,Webcam,973.93,1,0.05,925.23,284.97,South,Chennai,Credit Card
ORD102777,2023-05-14,CUST00148,29.0,Female,Small Business,Electronics,Webcam,1752.12,1,0.0,1752.12,663.54,North,Chandigarh,UPI
ORD104914,2023-05-14,CUST01436,31.0,Female,Corporate,Furniture,Bean Bag,5707.6,3,0.05,16266.66,6421.01,Central,Bhopal,UPI
ORD105677,2023-05-14,CUST01886,43.0,Female,Small Business,Beauty & Personal Care,Lipstick,152.67,1,0.0,152.67,61.68,South,Kochi,Debit Card
ORD103455,2023-05-15,CUST00634,34.0,Female,Corporate,Furniture,Wardrobe,2279.6,2,0.05,4331.24,1402.35,Central,Nagpur,UPI
ORD101296,2023-05-15,CUST00101,38.0,Male,Consumer,Clothing,Running Shoes,811.82,1,0.2,649.46,171.77,North,Lucknow,Credit Card
ORD102391,2023-05-15,CUST01741,25.0,Male,Small Business,Home & Kitchen,Ceramic Mug Set,495.48,1,0.05,470.71,118.0,South,Hyderabad,Credit Card
ORD104729,2023-05-15,CUST00515,27.0,Female,Consumer,Electronics,Webcam,2012.58,1,0.0,2012.58,778.58,North,Jaipur,Credit Card
ORD103524,2023-05-15,CUST00840,43.0,Male,Corporate,Home & Kitchen,LED Table Lamp,1100.91,1,0.0,1100.91,478.37,South,Kochi,Debit Card
ORD101401,2023-05-15,CUST02003,48.0,Male,Consumer,Clothing,Sports Cap,667.15,4,0.15,2268.31,425.43,Central,Raipur,UPI
ORD101087,2023-05-15,CUST01371,47.0,Female,Consumer,Clothing,Winter Jacket,2742.49,1,0.05,2605.37,474.0,South,Chennai,UPI
ORD102935,2023-05-15,CUST01446,57.0,Male,Consumer,Sports & Outdoors,Dumbbell Set,435.04,2,0.15,739.57,64.96,East,Bhubaneswar,Debit Card
ORD105728,2023-05-15,CUST00902,18.0,Male,Consumer,Clothing,Winter Jacket,1393.66,1,0.1,1254.29,227.03,South,Bengaluru,Cash on Delivery
ORD101400,2023-05-15,CUST01466,50.0,Male,Corporate,Home & Kitchen,LED Table Lamp,2093.48,2,0.05,3977.61,1303.97,East,Bhubaneswar,Debit Card
ORD104827,2023-05-15,CUST00238,31.0,Male,Consumer,Furniture,Office Chair,7189.8,1,0.2,5751.84,107.65,South,Bengaluru,UPI
ORD102633,2023-05-15,CUST02057,23.0,Female,Consumer,Home & Kitchen,Bedsheet Set,5783.47,1,0.0,5783.47,1917.7,North,Jaipur,Debit Card
ORD104655,2023-05-16,CUST01160,22.0,Female,Consumer,Electronics,Smartphone Case,7480.36,1,0.05,7106.34,2654.48,West,Surat,Cash on Delivery
ORD105222,2023-05-16,CUST01915,29.0,Female,Corporate,Beauty & Personal Care,Lipstick,1301.5,1,0.15,1106.27,298.93,North,Jaipur,Cash on Delivery
ORD104649,2023-05-16,CUST02051,23.0,Female,Corporate,Clothing,Summer Dress,918.24,1,0.15,780.5,75.15,South,Kochi,Cash on Delivery
ORD106145,2023-05-16,CUST00665,18.0,Male,Small Business,Furniture,Office Chair,5793.69,1,0.0,5793.69,1890.2,West,Surat,UPI
ORD100600,2023-05-16,CUST01608,40.0,Female,Consumer,Beauty & Personal Care,Hair Dryer,1337.88,2,0.05,2541.97,884.81,Central,Nagpur,Cash on Delivery
ORD103876,2023-05-16,CUST01176,44.0,Female,Small Business,Books & Stationery,Sketch Pens,964.0,1,0.0,964.0,231.86,South,Hyderabad,Credit Card
ORD101571,2023-05-16,CUST01534,43.0,Female,Consumer,Beauty & Personal Care,Face Wash,953.4,1,0.0,953.4,230.5,East,Kolkata,Net Banking
ORD105710,2023-05-16,CUST01406,50.0,Male,Consumer,Beauty & Personal Care,Face Wash,1015.89,1,0.15,863.51,167.92,Central,Raipur,Net Banking
ORD106072,2023-05-16,CUST01985,35.0,Other,Small Business,Sports & Outdoors,Camping Tent,778.65,2,0.0,1557.3,419.77,East,Bhubaneswar,UPI
ORD106336,2023-05-16,CUST01540,20.0,Female,Consumer,Clothing,Formal Shirt,1775.39,1,0.1,1597.85,272.37,South,Chennai,Cash on Delivery
ORD104810,2023-05-16,CUST00385,42.0,Female,Consumer,Home & Kitchen,Water Bottle,1826.58,1,0.0,1826.58,787.35,South,Chennai,Debit Card
ORD103332,2023-05-17,CUST02060,18.0,Female,Consumer,Beauty & Personal Care,Face Wash,1710.91,1,0.0,1710.91,717.99,North,Jaipur,Credit Card
ORD100254,2023-05-17,CUST00797,34.0,Female,Consumer,Electronics,Wireless Earbuds,5836.06,1,0.1,5252.45,1043.15,North,Delhi,Credit Card
ORD103469,2023-05-17,CUST00593,18.0,Male,Corporate,Clothing,Running Shoes,974.99,3,0.15,2486.22,626.85,Central,Nagpur,Cash on Delivery
ORD101392,2023-05-17,CUST00867,39.0,Male,Consumer,Clothing,Women's Jeans,2641.98,1,0.0,2641.98,688.83,South,Bengaluru,Cash on Delivery
ORD105356,2023-05-17,CUST00353,46.0,Female,Consumer,Clothing,Women's Jeans,1575.91,3,0.05,4491.34,1825.05,North,Chandigarh,Credit Card
ORD104398,2023-05-17,CUST01440,50.0,Female,Corporate,Clothing,Kids Hoodie,359.79,1,0.1,323.81,108.26,South,Bengaluru,UPI
ORD100031,2023-05-18,CUST00862,38.0,Male,Consumer,Furniture,Bean Bag,12945.98,2,0.05,24597.36,6389.78,West,Mumbai,UPI
ORD103653,2023-05-18,CUST00416,47.0,Male,Consumer,Clothing,Sports Cap,882.51,3,0.05,2515.15,549.22,Central,Nagpur,Net Banking
ORD100682,2023-05-18,CUST00713,27.0,Male,Consumer,Furniture,Wardrobe,2697.01,1,0.2,2157.61,449.77,North,Jaipur,Cash on Delivery
ORD103938,2023-05-18,CUST01993,41.0,Male,Consumer,Home & Kitchen,Ceramic Mug Set,5161.76,1,0.05,4903.67,1697.63,South,Hyderabad,Debit Card
ORD105369,2023-05-18,CUST01677,52.0,Male,Corporate,Home & Kitchen,LED Table Lamp,2834.31,1,0.05,2692.59,548.0,Central,Raipur,Credit Card
ORD106177,2023-05-18,CUST00256,24.0,Male,Consumer,Sports & Outdoors,Yoga Mat,2418.08,2,0.0,4836.16,1610.36,West,Pune,UPI
ORD106001,2023-05-19,CUST00448,23.0,Male,Consumer,Clothing,Winter Jacket,1109.96,1,0.1,998.96,236.39,East,Patna,Debit Card
ORD100597,2023-05-19,CUST00124,23.0,Male,Consumer,Sports & Outdoors,Dumbbell Set,3778.72,2,0.05,7179.57,2225.08,South,Chennai,Debit Card
ORD103798,2023-05-19,CUST00803,38.0,Female,Consumer,Electronics,Bluetooth Speaker,2389.53,2,0.05,4540.11,1339.98,East,Bhubaneswar,UPI
ORD103245,2023-05-19,CUST00058,45.0,Male,Consumer,Clothing,Men's T-Shirt,2224.03,2,0.0,4448.06,895.04,South,Chennai,UPI
ORD104540,2023-05-19,CUST01000,46.0,Female,Corporate,Furniture,Study Table,12725.04,1,0.15,10816.28,1787.57,West,Pune,UPI
ORD100934,2023-05-19,CUST01549,42.0,Other,Consumer,Clothing,Formal Shirt,611.8,1,0.0,611.8,183.98,West,Pune,Cash on Delivery
ORD100670,2023-05-20,CUST00318,42.0,Female,Consumer,Electronics,Laptop Stand,4399.87,1,0.15,3739.89,518.52,Central,Nagpur,Cash on Delivery
ORD103676,2023-05-20,CUST01651,37.0,Male,Corporate,Electronics,Power Bank,7855.3,1,0.1,7069.77,1195.89,South,Chennai,Debit Card
ORD102151,2023-05-20,CUST02070,38.0,Male,Corporate,Beauty & Personal Care,Face Wash,1241.46,2,0.05,2358.77,477.94,Central,Bhopal,UPI
ORD105824,2023-05-20,CUST01866,44.0,Female,Corporate,Home & Kitchen,Mixer Grinder,762.25,1,0.0,762.25,209.47,West,Mumbai,Credit Card
ORD101678,2023-05-20,CUST00499,32.0,Male,Consumer,Clothing,Running Shoes,2450.75,1,0.05,2328.21,485.91,South,Kochi,Cash on Delivery
ORD106251,2023-05-20,CUST01963,43.0,Female,Corporate,Clothing,Sports Cap,1701.27,1,0.0,1701.27,647.12,North,Jaipur,Debit Card
ORD100317,2023-05-20,CUST00307,30.0,Male,Consumer,Electronics,Smartwatch,8435.68,1,0.1,7592.11,1895.87,East,Kolkata,Debit Card
ORD100342,2023-05-20,CUST01735,54.0,Male,Consumer,Electronics,Smartphone Case,7475.52,2,0.05,14203.49,5671.16,West,Pune,Net Banking
ORD101105,2023-05-20,CUST01274,37.0,Male,Corporate,Furniture,Wardrobe,6115.01,3,0.2,14676.02,1947.67,West,Surat,Debit Card
ORD103619,2023-05-21,CUST00036,32.0,Female,Corporate,Sports & Outdoors,Cycling Helmet,4549.88,1,0.1,4094.89,480.16,South,Chennai,UPI
ORD102859,2023-05-21,CUST00392,20.0,Male,Consumer,Clothing,Men's T-Shirt,1068.43,1,0.1,961.59,343.27,North,Chandigarh,UPI
ORD104103,2023-05-21,CUST00795,35.0,Male,Consumer,Beauty & Personal Care,Face Wash,1432.79,1,0.0,1432.79,520.14,North,Jaipur,Debit Card
ORD101624,2023-05-21,CUST00701,34.0,Female,Small Business,Clothing,Men's T-Shirt,1664.79,1,0.1,1498.31,559.48,South,Hyderabad,UPI
ORD105922,2023-05-21,CUST01140,34.0,Female,Corporate,Furniture,Office Chair,4494.78,3,0.05,12810.12,5384.59,North,Delhi,Net Banking
ORD103591,2023-05-21,CUST01078,21.0,Female,Small Business,Electronics,Smartwatch,8583.87,1,0.15,7296.29,825.99,North,Jaipur,Debit Card
ORD100175,2023-05-21,CUST01535,27.0,Male,Consumer,Home & Kitchen,Bedsheet Set,2127.87,1,0.15,1808.69,279.84,South,Kochi,Net Banking
ORD100952,2023-05-21,CUST01381,39.0,Male,Consumer,Clothing,Men's T-Shirt,2913.46,1,0.1,2622.11,523.49,Central,Nagpur,Cash on Delivery
ORD101690,2023-05-21,CUST00944,40.0,Male,Consumer,Clothing,Men's T-Shirt,1276.32,1,0.15,1084.87,134.0,North,Chandigarh,Cash on Delivery
ORD105763,2023-05-21,CUST00716,18.0,Male,Consumer,Books & Stationery,Planner Diary,349.08,2,0.1,628.34,119.73,East,Kolkata,Credit Card
ORD102172,2023-05-21,CUST01925,38.0,Female,Consumer,Beauty & Personal Care,Trimmer,1291.6,1,0.0,1291.6,437.82,North,Jaipur,Net Banking
ORD106233,2023-05-21,CUST00157,40.0,Male,Consumer,Beauty & Personal Care,Sunscreen SPF50,332.49,1,0.15,282.62,79.03,South,Chennai,UPI
ORD101808,2023-05-21,CUST00167,23.0,Female,Consumer,Beauty & Personal Care,Lipstick,486.55,1,0.0,486.55,114.3,West,Ahmedabad,UPI
ORD104510,2023-05-21,CUST00273,37.0,Female,Small Business,Home & Kitchen,Mixer Grinder,4476.98,1,0.2,3581.58,656.18,East,Kolkata,Credit Card
ORD100833,2023-05-22,CUST00421,39.0,Male,Consumer,Books & Stationery,Notebook Pack,851.33,2,0.0,1702.66,729.16,West,Pune,Cash on Delivery
ORD105679,2023-05-22,CUST00486,45.0,Female,Consumer,Electronics,Wireless Earbuds,5851.79,1,0.1,5266.61,663.05,North,Chandigarh,Debit Card
ORD101095,2023-05-22,CUST00609,30.0,Female,Small Business,Electronics,Wireless Earbuds,5852.38,1,0.0,5852.38,1624.62,North,Lucknow,Net Banking
ORD104315,2023-05-23,CUST00468,46.0,Male,Consumer,Electronics,USB-C Cable,2206.59,1,0.1,1985.93,724.99,North,Lucknow,UPI
ORD101445,2023-05-23,CUST00232,18.0,Female,Consumer,Clothing,Kids Hoodie,1730.91,1,0.0,1730.91,500.05,North,Jaipur,Debit Card
ORD100239,2023-05-23,CUST01738,33.0,Female,Consumer,Clothing,Kids Hoodie,708.54,1,0.2,566.83,1.45,South,Kochi,UPI
ORD100602,2023-05-23,CUST00242,28.0,Male,Consumer,Home & Kitchen,Water Bottle,5896.1,1,0.25,4422.08,1094.63,North,Chandigarh,Debit Card
ORD104170,2023-05-23,CUST00317,28.0,Female,Consumer,Home & Kitchen,Bedsheet Set,2194.44,1,0.1,1975.0,652.04,North,Delhi,Cash on Delivery
ORD100387,2023-05-23,CUST01070,,Male,Consumer,Beauty & Personal Care,Hair Dryer,1112.85,1,0.0,1112.85,380.42,South,Hyderabad,Cash on Delivery
ORD104419,2023-05-23,CUST02060,18.0,Female,Consumer,Sports & Outdoors,Cycling Helmet,1446.7,1,0.2,1157.36,177.81,West,Surat,UPI
ORD101862,2023-05-23,CUST01813,19.0,Female,Corporate,Sports & Outdoors,Football,1853.05,1,0.15,1575.09,383.28,South,Kochi,Debit Card
ORD100885,2023-05-24,CUST00764,31.0,Male,Consumer,Home & Kitchen,Air Fryer,1492.09,1,0.0,1492.09,592.1,North,Jaipur,UPI
ORD106105,2023-05-24,CUST00218,30.0,Male,Small Business,Electronics,Webcam,925.64,2,0.05,1758.72,735.44,North,Jaipur,Credit Card
ORD100842,2023-05-24,CUST00398,24.0,Female,Consumer,Furniture,Bean Bag,4433.7,1,0.0,4433.7,1783.4,East,Kolkata,Cash on Delivery
ORD105282,2023-05-25,CUST00109,56.0,Female,Consumer,Clothing,Formal Shirt,360.79,3,0.0,1082.37,368.51,South,Chennai,UPI
ORD103212,2023-05-25,CUST00173,37.0,Male,Corporate,Home & Kitchen,Ceramic Mug Set,5642.02,1,0.05,5359.92,1314.82,West,Ahmedabad,Debit Card
ORD104844,2023-05-25,CUST00940,24.0,Female,Consumer,Sports & Outdoors,Football,5629.43,1,0.05,5347.96,1502.34,West,Ahmedabad,Net Banking
ORD104883,2023-05-25,CUST01038,51.0,Male,Small Business,Books & Stationery,Desk Organizer,205.62,1,0.0,205.62,64.45,North,Jaipur,UPI
ORD103464,2023-05-25,CUST00863,29.0,Male,Corporate,Clothing,Summer Dress,1501.69,1,0.0,1501.69,383.76,South,Bengaluru,Credit Card
ORD104428,2023-05-25,CUST01413,22.0,Male,Corporate,Clothing,Men's T-Shirt,2929.8,1,0.1,2636.82,330.42,North,Jaipur,Credit Card
ORD103040,2023-05-25,CUST01453,18.0,Female,Corporate,Electronics,Bluetooth Speaker,2714.17,1,0.05,2578.46,737.47,West,Surat,Debit Card
ORD102990,2023-05-25,CUST01159,27.0,Male,Small Business,Clothing,Women's Jeans,609.31,1,0.2,487.45,131.35,West,Pune,Credit Card
ORD101368,2023-05-25,CUST00733,27.0,Female,Consumer,Clothing,Formal Shirt,1899.37,2,0.1,3418.87,492.96,South,Kochi,UPI
ORD100721,2023-05-26,CUST01817,44.0,Female,Small Business,Beauty & Personal Care,Perfume,1473.36,2,0.05,2799.38,1055.14,North,Jaipur,Cash on Delivery
ORD103931,2023-05-26,CUST01695,54.0,Male,Consumer,Furniture,Coffee Table,1962.24,1,0.05,1864.13,391.07,North,Delhi,UPI
ORD104529,2023-05-26,CUST01023,36.0,Male,Corporate,Electronics,Webcam,810.7,3,0.0,2432.1,511.86,Central,Raipur,Net Banking
ORD101016,2023-05-26,CUST01156,44.0,Other,Corporate,Clothing,Running Shoes,2404.15,1,0.25,1803.11,-16.71,Central,Nagpur,UPI
ORD101536,2023-05-26,CUST00226,35.0,Male,Corporate,Books & Stationery,Planner Diary,833.63,1,0.25,625.22,152.09,East,Bhubaneswar,Debit Card
ORD104446,2023-05-26,CUST01132,22.0,Male,Corporate,Sports & Outdoors,Camping Tent,5063.47,1,0.05,4810.3,1888.8,North,Chandigarh,Credit Card
ORD105209,2023-05-26,CUST00665,18.0,Male,Small Business,Furniture,Coffee Table,9707.5,2,0.05,18444.25,6584.38,East,Bhubaneswar,Credit Card
ORD101371,2023-05-26,CUST01737,36.0,Male,Consumer,Beauty & Personal Care,Hair Dryer,1456.82,1,0.15,1238.3,242.26,Central,Nagpur,Net Banking
ORD100784,2023-05-27,CUST01260,33.0,Female,Corporate,Electronics,Wireless Earbuds,940.18,1,0.05,893.17,303.94,West,Pune,Credit Card
ORD102923,2023-05-27,CUST01906,39.0,Female,Consumer,Clothing,Summer Dress,467.82,1,0.05,444.43,126.31,North,Chandigarh,Net Banking
ORD101326,2023-05-27,CUST01617,18.0,Female,Small Business,Home & Kitchen,Water Bottle,1655.83,5,0.1,7451.24,2305.54,West,Surat,UPI
ORD101538,2023-05-27,CUST00765,41.0,Male,Consumer,Home & Kitchen,Water Bottle,4871.53,3,0.0,14614.59,5560.93,South,Kochi,Debit Card
ORD100902,2023-05-27,CUST01813,19.0,Female,Corporate,Furniture,Bookshelf,14212.42,1,0.05,13501.8,3062.05,West,Surat,UPI
ORD100014,2023-05-27,CUST01090,34.0,Male,Consumer,Beauty & Personal Care,Sunscreen SPF50,1289.92,1,0.15,1096.43,67.23,East,Bhubaneswar,UPI
ORD100867,2023-05-27,CUST01992,24.0,Male,Consumer,Clothing,Women's Jeans,2328.07,2,0.0,4656.14,1009.03,East,Kolkata,Cash on Delivery
ORD103871,2023-05-27,CUST01750,40.0,Female,Consumer,Beauty & Personal Care,Sunscreen SPF50,1260.59,2,0.05,2395.12,906.05,South,Bengaluru,Cash on Delivery
ORD105505,2023-05-27,CUST00132,18.0,Female,Consumer,Electronics,Power Bank,2049.21,1,0.05,1946.75,398.66,South,Bengaluru,Net Banking
ORD100592,2023-05-27,CUST00206,36.0,Female,Consumer,Sports & Outdoors,Cycling Helmet,1875.26,1,0.1,1687.73,347.08,North,Jaipur,UPI
ORD105008,2023-05-27,CUST01129,18.0,Female,Consumer,Clothing,Winter Jacket,758.64,1,0.0,758.64,227.64,Central,Nagpur,Credit Card
ORD103605,2023-05-28,CUST01838,36.0,Female,Consumer,Home & Kitchen,Air Fryer,3974.8,1,0.05,3776.06,801.9,West,Pune,Credit Card
ORD105156,2023-05-28,CUST00098,66.0,Male,Consumer,Electronics,Smartwatch,4043.06,1,0.15,3436.6,833.36,East,Kolkata,UPI
ORD105660,2023-05-28,CUST01387,30.0,Female,Corporate,Clothing,Kids Hoodie,1401.56,1,0.15,1191.33,405.74,Central,Bhopal,Debit Card
ORD100015,2023-05-28,CUST02002,36.0,Female,Consumer,Books & Stationery,Planner Diary,694.41,1,0.2,555.53,167.73,South,Chennai,UPI
ORD103281,2023-05-28,CUST01381,39.0,Male,Consumer,Electronics,Bluetooth Speaker,5908.38,2,0.15,10044.25,3455.29,West,Surat,Cash on Delivery
ORD102112,2023-05-28,CUST00987,24.0,Male,Consumer,Home & Kitchen,Water Bottle,3975.47,1,0.15,3379.15,292.62,South,Chennai,Net Banking
ORD104607,2023-05-28,CUST00979,45.0,Male,Consumer,Home & Kitchen,Storage Rack,4514.65,1,0.0,4514.65,1234.75,South,Chennai,Credit Card
ORD104390,2023-05-29,CUST01370,44.0,Male,Consumer,Clothing,Summer Dress,2236.55,1,0.05,2124.72,791.94,South,Chennai,UPI
ORD100049,2023-05-29,CUST00801,35.0,Male,Consumer,Sports & Outdoors,Yoga Mat,457.63,1,0.1,411.87,115.67,Central,Bhopal,UPI
ORD103602,2023-05-29,CUST01461,31.0,Female,Consumer,Home & Kitchen,Water Bottle,4619.03,1,0.0,4619.03,1340.34,Central,Bhopal,UPI
ORD105291,2023-05-29,CUST00152,25.0,Male,Consumer,Clothing,Running Shoes,540.73,2,0.1,973.31,339.22,South,Chennai,UPI
ORD104369,2023-05-29,CUST00571,25.0,Female,Consumer,Clothing,Winter Jacket,1059.75,1,0.0,1059.75,360.39,North,Jaipur,Credit Card
ORD100620,2023-05-29,CUST00839,35.0,Female,Small Business,Beauty & Personal Care,Trimmer,753.55,1,0.2,602.84,155.51,East,Patna,UPI
ORD101000,2023-05-29,CUST01142,44.0,Female,Corporate,Books & Stationery,Sketch Pens,233.1,1,0.1,209.79,80.67,North,Lucknow,Net Banking
ORD103756,2023-05-29,CUST01133,30.0,Male,Consumer,Clothing,Sports Cap,386.82,1,0.0,386.82,147.69,East,Bhubaneswar,Net Banking
ORD105634,2023-05-29,CUST01721,39.0,Male,Corporate,Beauty & Personal Care,Hair Dryer,1224.78,2,0.15,2082.13,247.26,East,Patna,UPI
ORD102237,2023-05-29,CUST00851,40.0,Female,Small Business,Home & Kitchen,Air Fryer,4471.01,1,0.0,4471.01,1456.59,East,Patna,UPI
ORD101966,2023-05-29,CUST01484,41.0,Female,Small Business,Clothing,Formal Shirt,2231.62,1,0.0,2231.62,919.11,South,Kochi,Debit Card
ORD101807,2023-05-29,CUST00615,23.0,Male,Corporate,Home & Kitchen,Bedsheet Set,4482.09,2,0.05,8515.97,3560.46,South,Hyderabad,Cash on Delivery
ORD104359,2023-05-29,CUST01637,52.0,Male,Consumer,Home & Kitchen,Ceramic Mug Set,3509.97,2,0.0,7019.94,2433.62,West,Ahmedabad,Cash on Delivery
ORD103175,2023-05-30,CUST00837,18.0,Male,Consumer,Clothing,Formal Shirt,1584.31,2,0.15,2693.33,778.18,South,Kochi,Cash on Delivery
ORD101239,2023-05-30,CUST01644,33.0,Female,Small Business,Electronics,USB-C Cable,8245.89,1,0.1,7421.3,1848.66,Central,Bhopal,UPI
ORD101097,2023-05-30,CUST02039,32.0,Female,Consumer,Beauty & Personal Care,Lipstick,879.39,1,0.05,835.42,226.77,West,Mumbai,Net Banking
ORD102879,2023-05-30,CUST01640,57.0,Male,Consumer,Clothing,Women's Jeans,2148.94,4,0.1,7736.18,2447.37,East,Bhubaneswar,UPI
ORD104958,2023-05-30,CUST01438,33.0,Male,Consumer,Beauty & Personal Care,Trimmer,1271.18,1,0.1,1144.06,132.57,North,Jaipur,UPI
ORD100167,2023-05-30,CUST01555,36.0,Male,Corporate,Books & Stationery,Sketch Pens,129.78,2,0.0,259.56,79.22,South,Kochi,Credit Card
ORD105052,2023-05-30,CUST00716,18.0,Male,Consumer,Home & Kitchen,Bedsheet Set,3094.91,2,0.1,5570.84,2162.12,North,Delhi,Credit Card
ORD101980,2023-05-30,CUST01958,30.0,Male,Consumer,Beauty & Personal Care,Perfume,1724.18,1,0.0,1724.18,743.78,East,Patna,UPI
ORD103723,2023-05-30,CUST00182,25.0,Female,Consumer,Sports & Outdoors,Yoga Mat,3899.36,1,0.15,3314.46,703.38,South,Hyderabad,Credit Card
ORD104195,2023-05-31,CUST01933,41.0,Female,Small Business,Beauty & Personal Care,Trimmer,1236.63,2,0.15,2102.27,419.86,Central,Nagpur,Cash on Delivery
ORD100117,2023-05-31,CUST01624,,Female,Consumer,Home & Kitchen,Water Bottle,3057.68,1,0.0,3057.68,1369.18,South,Chennai,Debit Card
ORD105632,2023-05-31,CUST01333,35.0,Female,Corporate,Home & Kitchen,Non-Stick Pan,3865.82,1,0.0,3865.82,1128.73,West,Pune,UPI
ORD106154,2023-05-31,CUST02082,20.0,Female,Small Business,Clothing,Running Shoes,1359.49,1,0.05,1291.52,334.63,North,Jaipur,Debit Card
ORD100689,2023-05-31,CUST00524,32.0,Female,Small Business,Electronics,Bluetooth Speaker,4711.79,1,0.25,3533.84,810.19,West,Surat,Credit Card
ORD100668,2023-05-31,CUST00894,36.0,Female,Consumer,Clothing,Men's T-Shirt,2939.78,2,0.0,5879.56,1579.0,South,Chennai,Debit Card
ORD102138,2023-05-31,CUST00038,42.0,Female,Corporate,Clothing,Formal Shirt,2510.61,1,0.0,2510.61,1031.81,Central,Nagpur,UPI
ORD104781,2023-05-31,CUST00959,30.0,Female,Small Business,Clothing,Formal Shirt,2853.12,2,0.0,5706.24,1450.86,North,Delhi,Debit Card
ORD101897,2023-06-01,CUST00824,35.0,Female,Consumer,Home & Kitchen,Non-Stick Pan,3701.88,1,0.2,2961.5,514.28,West,Surat,Cash on Delivery
ORD103094,2023-06-01,CUST01414,37.0,Female,Consumer,Home & Kitchen,Mixer Grinder,3393.25,2,0.2,5429.2,902.3,South,Kochi,Credit Card
ORD100493,2023-06-01,CUST01500,38.0,Male,Corporate,Electronics,Smartphone Case,4612.75,1,0.05,4382.11,873.79,West,Surat,Credit Card
ORD105633,2023-06-01,CUST01067,44.0,Female,Small Business,Home & Kitchen,Water Bottle,3945.01,1,0.15,3353.26,617.41,East,Patna,Debit Card
ORD103354,2023-06-01,CUST01009,21.0,Male,Consumer,Sports & Outdoors,Dumbbell Set,4684.43,1,0.1,4215.99,609.8,West,Pune,Debit Card
ORD103377,2023-06-01,CUST01071,28.0,Female,Corporate,Electronics,Webcam,3176.6,2,0.15,5400.22,1283.07,South,Bengaluru,Cash on Delivery
ORD105716,2023-06-01,CUST00543,48.0,Female,Consumer,Furniture,Office Chair,12997.43,1,0.0,12997.43,5756.75,North,Chandigarh,Net Banking
ORD104746,2023-06-02,CUST01449,46.0,Female,Corporate,Electronics,Laptop Stand,5636.0,1,0.0,5636.0,2203.59,East,Patna,Debit Card
ORD104658,2023-06-02,CUST00898,30.0,Female,Consumer,Sports & Outdoors,Camping Tent,567.4,1,0.1,510.66,131.19,South,Bengaluru,Cash on Delivery
ORD100855,2023-06-03,CUST01432,41.0,Male,Corporate,Furniture,Wardrobe,2088.95,1,0.05,1984.5,411.87,West,Pune,Debit Card
ORD102799,2023-06-03,CUST01177,46.0,Female,Consumer,Furniture,Bean Bag,8627.63,1,0.0,8627.63,3416.37,North,Delhi,Debit Card
ORD106337,2023-06-03,CUST00003,35.0,Female,Consumer,Furniture,Wardrobe,7840.18,1,0.0,7840.18,1708.06,West,Pune,Credit Card
ORD104229,2023-06-03,CUST00248,38.0,Female,Corporate,Clothing,Summer Dress,1945.38,1,0.25,1459.04,-73.43,North,Delhi,UPI
ORD106455,2023-06-03,CUST00499,32.0,Male,Consumer,Clothing,Sports Cap,1029.33,1,0.1,926.4,284.09,South,Bengaluru,UPI
ORD103755,2023-06-03,CUST00783,24.0,Female,Small Business,Books & Stationery,Notebook Pack,643.97,1,0.2,515.18,28.48,East,Kolkata,Credit Card
ORD103368,2023-06-03,CUST02095,18.0,Female,Consumer,Clothing,Sports Cap,1277.67,3,0.05,3641.36,1127.17,North,Delhi,Credit Card
ORD104803,2023-06-03,CUST01573,24.0,Male,Consumer,Electronics,Wireless Earbuds,6934.63,3,0.0,20803.89,4640.33,North,Chandigarh,Cash on Delivery
ORD106222,2023-06-03,CUST01536,43.0,Female,Consumer,Furniture,Bookshelf,2611.71,1,0.15,2219.95,704.27,South,Chennai,Credit Card
ORD105042,2023-06-04,CUST00831,40.0,Female,Consumer,Books & Stationery,Notebook Pack,748.72,1,0.0,748.72,235.94,West,Mumbai,Credit Card
ORD104855,2023-06-04,CUST00149,42.0,Female,Consumer,Home & Kitchen,Ceramic Mug Set,4897.41,4,0.2,15671.71,514.57,South,Hyderabad,UPI
ORD105420,2023-06-04,CUST00528,24.0,Male,Corporate,Clothing,Winter Jacket,2911.63,1,0.15,2474.89,629.12,North,Delhi,UPI
ORD105893,2023-06-04,CUST00423,48.0,Female,Corporate,Electronics,USB-C Cable,2391.53,1,0.1,2152.38,494.75,West,Ahmedabad,UPI
ORD101600,2023-06-04,CUST01069,32.0,Male,Corporate,Books & Stationery,Sketch Pens,104.55,2,0.0,209.1,89.83,Central,Nagpur,UPI
ORD105619,2023-06-04,CUST01926,45.0,Other,Consumer,Clothing,Men's T-Shirt,1830.81,2,0.0,3661.62,1209.45,West,Surat,Cash on Delivery
ORD100598,2023-06-04,CUST00394,25.0,Male,Consumer,Clothing,Kids Hoodie,874.69,1,0.05,830.96,224.3,Central,Nagpur,Credit Card
ORD102852,2023-06-04,CUST01517,26.0,Male,Corporate,Home & Kitchen,Ceramic Mug Set,5809.58,3,0.15,14814.43,2915.29,South,Kochi,UPI
ORD105270,2023-06-05,CUST01341,28.0,Male,Consumer,Furniture,Study Table,11548.72,1,0.2,9238.98,1024.98,South,Hyderabad,Debit Card
ORD104013,2023-06-05,CUST01524,36.0,Male,Corporate,Books & Stationery,Sketch Pens,837.83,1,0.1,754.05,178.76,East,Kolkata,UPI
ORD106325,2023-06-05,CUST01954,37.0,Male,Consumer,Books & Stationery,Fiction Novel,384.52,1,0.05,365.29,126.55,North,Jaipur,Net Banking
ORD102447,2023-06-06,CUST00109,56.0,Female,Consumer,Clothing,Sports Cap,2772.21,1,0.0,2772.21,1095.81,Central,Raipur,UPI
ORD101737,2023-06-06,CUST01961,18.0,Female,Consumer,Electronics,Laptop Stand,3858.42,1,0.0,3858.42,1288.68,West,Surat,Cash on Delivery
ORD103202,2023-06-06,CUST00921,50.0,Male,Corporate,Furniture,Bean Bag,14046.16,1,0.0,14046.16,5400.58,North,Lucknow,Cash on Delivery
ORD100234,2023-06-07,CUST00071,30.0,Female,Consumer,Furniture,Study Table,11024.65,1,0.15,9370.95,1597.28,South,Hyderabad,Credit Card
ORD106279,2023-06-07,CUST00203,18.0,Male,Consumer,Clothing,Sports Cap,2186.46,1,0.0,2186.46,524.8,North,Jaipur,Credit Card
ORD104913,2023-06-07,CUST00046,29.0,Female,Consumer,Electronics,Wireless Earbuds,4982.01,1,0.05,4732.91,1478.94,West,Mumbai,UPI
ORD103576,2023-06-07,CUST00644,54.0,Male,Corporate,Beauty & Personal Care,Face Wash,481.54,1,0.25,361.16,-5.23,South,Bengaluru,UPI
ORD102960,2023-06-07,CUST01023,36.0,Male,Corporate,Electronics,Wireless Earbuds,5209.6,1,0.2,4167.68,949.21,West,Mumbai,Net Banking
ORD100368,2023-06-07,CUST02019,39.0,Female,Corporate,Home & Kitchen,LED Table Lamp,3544.38,2,0.0,7088.76,1558.17,Central,Nagpur,Credit Card
ORD102742,2023-06-07,CUST01713,31.0,Female,Corporate,Books & Stationery,Notebook Pack,522.36,2,0.05,992.48,372.23,South,Chennai,Debit Card
ORD104707,2023-06-07,CUST00029,33.0,Female,Consumer,Clothing,Winter Jacket,2010.74,1,0.0,2010.74,405.37,West,Ahmedabad,Cash on Delivery
ORD106484,2023-06-07,CUST00091,28.0,Female,Small Business,Furniture,Coffee Table,9473.67,1,0.0,9473.67,3326.52,Central,Bhopal,UPI
ORD105084,2023-06-07,CUST01109,44.0,Female,Consumer,Sports & Outdoors,Football,6276.37,1,0.0,6276.37,2195.47,South,Kochi,Cash on Delivery
ORD101514,2023-06-07,CUST01474,19.0,Male,Corporate,Furniture,Coffee Table,14131.29,1,0.15,12011.6,2183.72,West,Mumbai,UPI
ORD103333,2023-06-07,CUST01411,41.0,Female,Consumer,Furniture,Office Chair,7817.51,1,0.15,6644.88,660.86,West,Surat,UPI
ORD105014,2023-06-08,CUST00779,29.0,Male,Consumer,Electronics,Smartphone Case,1153.27,1,0.05,1095.61,188.45,West,Mumbai,UPI
ORD104201,2023-06-08,CUST01618,22.0,Male,Consumer,Beauty & Personal Care,Perfume,574.5,1,0.0,574.5,224.6,West,Pune,UPI
ORD104872,2023-06-08,CUST01422,38.0,Other,Consumer,Clothing,Sports Cap,1604.64,1,0.2,1283.71,356.32,Central,Bhopal,Debit Card
ORD103589,2023-06-08,CUST01457,18.0,Female,Consumer,Clothing,Summer Dress,2597.67,3,0.0,7793.01,2751.84,North,Jaipur,UPI
ORD103498,2023-06-08,CUST01212,35.0,Female,Consumer,Clothing,Formal Shirt,1941.99,1,0.0,1941.99,806.73,North,Lucknow,UPI
ORD102787,2023-06-08,CUST01361,18.0,Female,Corporate,Electronics,Wireless Earbuds,4001.27,1,0.15,3401.08,687.25,North,Delhi,Cash on Delivery
ORD104518,2023-06-08,CUST00825,34.0,Female,Corporate,Clothing,Winter Jacket,2133.6,2,0.25,3200.4,807.16,South,Chennai,UPI
ORD106108,2023-06-08,CUST01948,42.0,Female,Corporate,Beauty & Personal Care,Hair Dryer,1336.56,1,0.15,1136.08,81.91,West,Ahmedabad,
ORD100057,2023-06-08,CUST00103,44.0,Male,Small Business,Clothing,Men's T-Shirt,2066.04,1,0.0,2066.04,825.86,Central,Raipur,Debit Card
ORD102289,2023-06-08,CUST00062,23.0,Female,Corporate,Furniture,Study Table,9103.54,1,0.1,8193.19,1471.37,South,Kochi,UPI
ORD105050,2023-06-09,CUST00687,24.0,Other,Consumer,Home & Kitchen,Water Bottle,4554.01,4,0.0,18216.04,5738.31,East,Bhubaneswar,Debit Card
ORD101847,2023-06-09,CUST00022,42.0,Male,Consumer,Home & Kitchen,Non-Stick Pan,1552.56,1,0.1,1397.3,377.0,South,Hyderabad,Cash on Delivery
ORD105726,2023-06-09,CUST01628,18.0,Female,Corporate,Electronics,Smartphone Case,4285.3,2,0.0,8570.6,3599.48,Central,Raipur,Debit Card
ORD102030,2023-06-09,CUST00625,20.0,Female,Small Business,Clothing,Men's T-Shirt,2435.17,1,0.0,2435.17,493.82,South,Hyderabad,Debit Card
ORD106178,2023-06-09,CUST01343,26.0,Female,Consumer,Electronics,Wireless Earbuds,1611.48,1,0.0,1611.48,328.92,South,Chennai,Credit Card
ORD103114,2023-06-10,CUST01807,33.0,Female,Consumer,Beauty & Personal Care,Face Wash,1646.42,2,0.2,2634.27,403.4,South,Chennai,UPI
ORD104531,2023-06-10,CUST01561,23.0,Male,Consumer,Home & Kitchen,Ceramic Mug Set,1549.75,2,0.0,3099.5,1036.17,West,Mumbai,Credit Card
ORD106098,2023-06-10,CUST01720,35.0,Female,Small Business,Clothing,Sports Cap,2985.06,4,0.0,11940.24,4869.76,Central,Bhopal,Debit Card
ORD106414,2023-06-10,CUST00103,44.0,Male,Small Business,Clothing,Kids Hoodie,478.81,1,0.1,430.93,56.92,North,Jaipur,Net Banking
ORD104819,2023-06-10,CUST00376,35.0,Male,Small Business,Home & Kitchen,Ceramic Mug Set,5279.08,1,0.25,3959.31,516.54,North,Jaipur,Cash on Delivery
ORD102673,2023-06-10,CUST00349,52.0,Female,Corporate,Furniture,Office Chair,14255.18,1,0.1,12829.66,4865.1,Central,Raipur,Net Banking
ORD103030,2023-06-10,CUST01772,33.0,Female,Consumer,Furniture,Coffee Table,10133.53,1,0.05,9626.85,1632.59,North,Lucknow,UPI
ORD105445,2023-06-10,CUST00706,21.0,Female,Small Business,Clothing,Women's Jeans,1799.95,1,0.0,1799.95,709.9,East,Kolkata,Net Banking
ORD100071,2023-06-10,CUST02057,23.0,Female,Consumer,Clothing,Sports Cap,496.57,1,0.1,446.91,113.35,West,Pune,UPI
ORD104600,2023-06-10,CUST00874,21.0,Female,Corporate,Electronics,Bluetooth Speaker,8877.82,1,0.0,8877.82,2401.38,East,Kolkata,Debit Card
ORD103134,2023-06-11,CUST01348,18.0,Female,Consumer,Electronics,Laptop Stand,3073.75,1,0.0,3073.75,837.94,South,Chennai,UPI
ORD101336,2023-06-11,CUST01598,28.0,Female,Small Business,Beauty & Personal Care,Sunscreen SPF50,233.9,2,0.05,444.41,147.22,East,Bhubaneswar,UPI
ORD101256,2023-06-11,CUST01463,36.0,Female,Corporate,Sports & Outdoors,Dumbbell Set,3439.61,1,0.05,3267.63,834.28,East,Bhubaneswar,Debit Card
ORD100026,2023-06-11,CUST00977,37.0,Male,Small Business,Clothing,Running Shoes,2848.27,1,0.0,2848.27,1112.87,South,Chennai,Cash on Delivery
ORD102504,2023-06-11,CUST01301,50.0,Male,Consumer,Beauty & Personal Care,Perfume,228.34,1,0.2,182.67,8.25,South,Kochi,UPI
ORD101295,2023-06-11,CUST01066,26.0,Female,Consumer,Furniture,Bookshelf,7769.39,4,0.05,29523.68,5613.51,North,Jaipur,Debit Card
ORD102465,2023-06-12,CUST00793,21.0,Male,Small Business,Electronics,Laptop Stand,1749.23,4,0.0,6996.92,2272.3,Central,Nagpur,Credit Card
ORD104049,2023-06-12,CUST01877,31.0,Male,Consumer,Home & Kitchen,Water Bottle,1811.08,1,0.2,1448.86,319.14,West,Surat,UPI
ORD105971,2023-06-12,CUST01074,27.0,Male,Small Business,Electronics,Smartwatch,2590.11,1,0.1,2331.1,317.49,North,Chandigarh,Debit Card
ORD101626,2023-06-12,CUST01382,20.0,Male,Corporate,Clothing,Sports Cap,2063.81,1,0.0,2063.81,424.87,Central,Nagpur,UPI
ORD101438,2023-06-12,CUST00743,29.0,Female,Consumer,Furniture,Bean Bag,2737.65,1,0.1,2463.89,302.28,Central,Raipur,UPI
ORD102066,2023-06-12,CUST01379,31.0,Male,Consumer,Beauty & Personal Care,Face Wash,324.88,1,0.15,276.15,42.48,North,Delhi,UPI
ORD100728,2023-06-12,CUST01428,30.0,Male,Consumer,Electronics,Wireless Earbuds,1087.56,1,0.05,1033.18,388.18,West,Surat,Cash on Delivery
ORD105151,2023-06-12,CUST00666,37.0,Female,Corporate,Home & Kitchen,LED Table Lamp,4495.93,1,0.0,4495.93,1442.43,West,Mumbai,UPI
ORD103082,2023-06-13,CUST01269,42.0,Male,Consumer,Books & Stationery,Fiction Novel,501.36,1,0.05,476.29,84.11,North,Delhi,Debit Card
ORD101905,2023-06-13,CUST01629,18.0,Female,Consumer,Clothing,Running Shoes,2038.78,2,0.25,3058.17,33.47,North,Lucknow,Cash on Delivery
ORD104370,2023-06-13,CUST02060,18.0,Female,Consumer,Clothing,Women's Jeans,402.81,1,0.1,362.53,74.44,West,Pune,UPI
ORD103347,2023-06-13,CUST01233,18.0,Other,Consumer,Home & Kitchen,Storage Rack,5464.93,1,0.2,4371.94,544.76,North,Chandigarh,Credit Card
ORD102111,2023-06-13,CUST01249,46.0,Male,Corporate,Books & Stationery,Planner Diary,682.76,1,0.0,682.76,220.12,East,Bhubaneswar,Credit Card
ORD104961,2023-06-14,CUST01056,18.0,Other,Corporate,Clothing,Winter Jacket,420.76,2,0.0,841.52,367.14,South,Kochi,UPI
ORD103289,2023-06-14,CUST00865,37.0,Male,Corporate,Clothing,Formal Shirt,1437.39,1,0.1,1293.65,361.6,East,Bhubaneswar,Credit Card
ORD104880,2023-06-14,CUST00426,32.0,Male,Consumer,Sports & Outdoors,Camping Tent,4103.85,1,0.1,3693.47,1405.43,West,Ahmedabad,Cash on Delivery
ORD106402,2023-06-14,CUST00493,32.0,Female,Consumer,Electronics,Bluetooth Speaker,1868.39,2,0.0,3736.78,987.05,North,Lucknow,UPI
ORD102092,2023-06-14,CUST01468,18.0,Female,Small Business,Books & Stationery,Fiction Novel,809.65,2,0.0,1619.3,395.77,North,Jaipur,Debit Card
ORD105260,2023-06-14,CUST00927,43.0,Female,Small Business,Home & Kitchen,LED Table Lamp,4916.78,1,0.25,3687.58,513.53,South,Hyderabad,Debit Card
ORD101893,2023-06-14,CUST00635,39.0,Male,Consumer,Beauty & Personal Care,Trimmer,581.41,1,0.15,494.2,56.58,East,Patna,UPI
ORD102491,2023-06-14,CUST00596,25.0,Male,Consumer,Clothing,Running Shoes,1611.45,1,0.25,1208.59,70.81,East,Bhubaneswar,Credit Card
ORD105168,2023-06-14,CUST01901,21.0,Male,Consumer,Electronics,Laptop Stand,7564.85,2,0.1,13616.73,2649.7,South,Chennai,Credit Card
ORD103260,2023-06-15,CUST01648,21.0,Male,Consumer,Electronics,Bluetooth Speaker,2089.41,1,0.25,1567.06,76.71,West,Mumbai,Credit Card
ORD102072,2023-06-15,CUST00689,41.0,Female,Small Business,Home & Kitchen,Storage Rack,4270.49,1,0.25,3202.87,176.09,West,Pune,Debit Card
ORD104722,2023-06-15,CUST01772,33.0,Female,Consumer,Beauty & Personal Care,Hair Dryer,861.06,1,0.0,861.06,197.49,West,Surat,Credit Card
ORD103655,2023-06-15,CUST02013,48.0,Male,Corporate,Home & Kitchen,Non-Stick Pan,3846.07,2,0.0,7692.14,2305.79,East,Bhubaneswar,Debit Card
ORD100895,2023-06-15,CUST00899,35.0,Male,Corporate,Furniture,Bookshelf,6449.1,2,0.0,12898.2,4788.22,North,Delhi,Debit Card
ORD100854,2023-06-15,CUST00178,31.0,Male,Small Business,Electronics,Bluetooth Speaker,1869.72,1,0.1,1682.75,333.33,South,Kochi,UPI
ORD105880,2023-06-15,CUST01138,27.0,Male,Corporate,Clothing,Kids Hoodie,1540.74,1,0.05,1463.7,505.23,North,Delhi,UPI
ORD105194,2023-06-15,CUST01734,24.0,Female,Consumer,Electronics,USB-C Cable,4158.12,2,0.25,6237.18,463.42,North,Lucknow,Debit Card
ORD106094,2023-06-15,CUST02084,60.0,Male,Consumer,Beauty & Personal Care,Sunscreen SPF50,1786.27,2,0.0,3572.54,806.66,East,Patna,Credit Card
ORD102877,2023-06-15,CUST01090,34.0,Male,Consumer,Sports & Outdoors,Yoga Mat,5558.73,2,0.05,10561.59,2454.72,West,Mumbai,Debit Card
ORD105652,2023-06-16,CUST00015,39.0,Male,Consumer,Beauty & Personal Care,Hair Dryer,1292.24,1,0.1,1163.02,373.84,Central,Bhopal,Debit Card
ORD104907,2023-06-16,CUST01457,18.0,Female,Consumer,Electronics,Smartphone Case,4443.01,1,0.1,3998.71,1469.05,North,Delhi,Cash on Delivery
ORD100606,2023-06-16,CUST02006,40.0,Male,Corporate,Home & Kitchen,Mixer Grinder,1421.45,2,0.0,2842.9,1098.96,North,Lucknow,UPI
ORD103050,2023-06-16,CUST01389,26.0,Female,Small Business,Sports & Outdoors,Camping Tent,5631.1,3,0.2,13514.64,2206.13,East,Bhubaneswar,UPI
ORD104977,2023-06-16,CUST01617,18.0,Female,Small Business,Clothing,Men's T-Shirt,571.89,1,0.2,457.51,129.98,South,Kochi,UPI
ORD101820,2023-06-16,CUST00482,43.0,Female,Corporate,Clothing,Winter Jacket,1538.83,2,0.05,2923.78,1149.69,North,Lucknow,Net Banking
ORD101410,2023-06-16,CUST01337,40.0,Male,Corporate,Home & Kitchen,Air Fryer,4349.25,2,0.05,8263.57,2558.31,South,Kochi,Debit Card
ORD103257,2023-06-16,CUST00720,66.0,Female,Consumer,Clothing,Running Shoes,2353.41,1,0.0,2353.41,601.24,North,Lucknow,UPI
ORD106087,2023-06-16,CUST01551,24.0,Female,Corporate,Books & Stationery,Planner Diary,771.39,1,0.15,655.68,117.91,East,Bhubaneswar,Debit Card
ORD106284,2023-06-17,CUST01943,18.0,Female,Consumer,Clothing,Winter Jacket,2136.24,2,0.0,4272.48,1444.86,South,Hyderabad,Debit Card
ORD104591,2023-06-17,CUST01080,29.0,Female,Consumer,Clothing,Summer Dress,2545.86,2,0.0,5091.72,1626.87,South,Hyderabad,Net Banking
ORD102292,2023-06-17,CUST01771,21.0,Male,Consumer,Clothing,Men's T-Shirt,958.43,1,0.1,862.59,269.81,North,Delhi,UPI
ORD102882,2023-06-17,CUST01198,28.0,Male,Consumer,Home & Kitchen,Water Bottle,5677.08,1,0.15,4825.52,1345.74,North,Lucknow,UPI
ORD100944,2023-06-17,CUST00399,27.0,Female,Consumer,Electronics,Bluetooth Speaker,5933.18,1,0.0,5933.18,1858.3,West,Surat,UPI
ORD103639,2023-06-17,CUST01240,31.0,Male,Consumer,Clothing,Women's Jeans,2227.27,2,0.0,4454.54,1802.36,South,Kochi,Cash on Delivery
ORD104472,2023-06-18,CUST01219,34.0,Male,Consumer,Clothing,Kids Hoodie,1810.95,1,0.0,1810.95,648.81,Central,Bhopal,Net Banking
ORD102650,2023-06-18,CUST00366,29.0,Male,Corporate,Sports & Outdoors,Football,6114.61,1,0.0,6114.61,1774.01,North,Delhi,Credit Card
ORD105166,2023-06-18,CUST01065,22.0,Male,Small Business,Electronics,USB-C Cable,8893.36,3,0.0,26680.08,6270.71,West,Pune,Debit Card
ORD101666,2023-06-18,CUST00947,38.0,Female,Corporate,Clothing,Kids Hoodie,756.85,1,0.15,643.32,133.29,South,Bengaluru,Credit Card
ORD104282,2023-06-18,CUST00039,44.0,Female,Corporate,Home & Kitchen,Ceramic Mug Set,3308.49,2,0.0,6616.98,2806.74,South,Hyderabad,Cash on Delivery
ORD100900,2023-06-18,CUST00686,36.0,Female,Consumer,Books & Stationery,Sketch Pens,209.6,1,0.15,178.16,42.91,West,Surat,Cash on Delivery
ORD103824,2023-06-18,CUST01750,40.0,Female,Consumer,Beauty & Personal Care,Lipstick,409.93,5,0.0,2049.65,417.29,Central,Bhopal,Debit Card
ORD106374,2023-06-19,CUST01790,22.0,Male,Consumer,Clothing,Kids Hoodie,1333.33,1,0.05,1266.66,355.56,West,Mumbai,Debit Card
ORD104577,2023-06-19,CUST00506,35.0,Female,Corporate,Electronics,USB-C Cable,3530.78,1,0.0,3530.78,783.26,East,Kolkata,Debit Card
ORD104484,2023-06-19,CUST02062,30.0,Male,Consumer,Home & Kitchen,Bedsheet Set,1486.82,1,0.15,1263.8,179.57,North,Lucknow,UPI
ORD102779,2023-06-19,CUST01688,18.0,Female,Consumer,Electronics,Wireless Earbuds,1032.65,1,0.1,929.39,300.23,North,Lucknow,Cash on Delivery
ORD100621,2023-06-19,CUST01729,52.0,Female,Small Business,Clothing,Women's Jeans,1940.25,1,0.0,1940.25,793.78,West,Surat,Debit Card
ORD100852,2023-06-19,CUST00784,39.0,Female,Corporate,Home & Kitchen,Air Fryer,538.25,1,0.0,538.25,188.69,South,Kochi,Net Banking
ORD106181,2023-06-19,CUST00519,18.0,Male,Consumer,Beauty & Personal Care,Hair Dryer,1090.06,1,0.05,1035.56,260.02,West,Mumbai,Net Banking
ORD106198,2023-06-19,CUST00125,28.0,Male,Consumer,Electronics,Bluetooth Speaker,5540.19,1,0.05,5263.18,1628.25,East,Bhubaneswar,UPI
ORD103991,2023-06-20,CUST00908,18.0,Female,Consumer,Electronics,Smartwatch,1987.93,1,0.15,1689.74,170.98,South,Hyderabad,Credit Card
ORD102526,2023-06-20,CUST01085,35.0,Male,Consumer,Clothing,Men's T-Shirt,705.63,1,0.05,670.35,150.08,East,Patna,Credit Card
ORD105436,2023-06-20,CUST00140,46.0,Female,Corporate,Clothing,Sports Cap,1831.0,4,0.15,6225.4,1082.38,East,Kolkata,Net Banking
ORD101361,2023-06-20,CUST00674,37.0,Female,Consumer,Electronics,USB-C Cable,5756.96,2,0.15,9786.83,3321.55,West,Pune,Debit Card
ORD103540,2023-06-20,CUST01974,,Male,Consumer,Clothing,Running Shoes,1163.23,2,0.0,2326.46,678.06,Central,Raipur,Cash on Delivery
ORD103495,2023-06-20,CUST00344,50.0,Female,Consumer,Sports & Outdoors,Cycling Helmet,6620.27,1,0.0,6620.27,1908.23,West,Pune,UPI
ORD103519,2023-06-20,CUST01699,27.0,Female,Consumer,Home & Kitchen,Water Bottle,2043.75,1,0.15,1737.19,447.63,North,Delhi,UPI
ORD105870,2023-06-20,CUST00867,39.0,Male,Consumer,Electronics,Smartwatch,1772.23,3,0.05,5050.86,1529.25,East,Kolkata,UPI
ORD104061,2023-06-20,CUST01967,47.0,Male,Small Business,Furniture,Wardrobe,7435.22,1,0.0,7435.22,1584.34,South,Chennai,Net Banking
ORD102658,2023-06-21,CUST02092,21.0,Male,Consumer,Sports & Outdoors,Camping Tent,1888.54,1,0.1,1699.69,336.42,South,Chennai,UPI
ORD105015,2023-06-21,CUST00208,25.0,Male,Corporate,Electronics,Webcam,5928.19,1,0.0,5928.19,1569.26,West,Pune,UPI
ORD103442,2023-06-21,CUST01979,29.0,Female,Consumer,Furniture,Bookshelf,11192.43,3,0.0,33577.29,13188.88,East,Kolkata,Credit Card
ORD105846,2023-06-21,CUST01257,32.0,Female,Small Business,Beauty & Personal Care,Lipstick,1610.25,1,0.2,1288.2,172.46,West,Pune,Cash on Delivery
ORD105937,2023-06-21,CUST02024,41.0,Female,Consumer,Sports & Outdoors,Camping Tent,5781.56,1,0.1,5203.4,1453.95,North,Lucknow,UPI
ORD105789,2023-06-21,CUST01744,38.0,Male,Consumer,Electronics,Bluetooth Speaker,5220.84,1,0.05,4959.8,1703.4,North,Chandigarh,Net Banking
ORD100642,2023-06-21,CUST00026,39.0,Male,Consumer,Home & Kitchen,Water Bottle,5254.26,1,0.1,4728.83,1630.42,North,Lucknow,Credit Card
ORD100013,2023-06-21,CUST01866,44.0,Female,Corporate,Home & Kitchen,Storage Rack,2453.83,1,0.05,2331.14,864.79,West,Pune,Credit Card
ORD101555,2023-06-21,CUST00405,25.0,Female,Consumer,Books & Stationery,Desk Organizer,136.47,1,0.1,122.82,15.63,East,Bhubaneswar,UPI
ORD105683,2023-06-21,CUST01161,41.0,Female,Consumer,Sports & Outdoors,Cycling Helmet,4625.83,1,0.2,3700.66,707.08,South,Bengaluru,Cash on Delivery
ORD102181,2023-06-22,CUST00977,37.0,Male,Small Business,Books & Stationery,Fiction Novel,227.4,1,0.25,170.55,33.31,West,Pune,Net Banking
ORD100561,2023-06-22,CUST01658,41.0,Male,Small Business,Sports & Outdoors,Yoga Mat,1116.08,1,0.0,1116.08,357.85,West,Pune,Debit Card
ORD101232,2023-06-22,CUST01387,30.0,Female,Corporate,Electronics,USB-C Cable,3130.73,1,0.0,3130.73,1258.2,South,Hyderabad,Debit Card
ORD103745,2023-06-22,CUST00202,39.0,Female,Consumer,Clothing,Sports Cap,2448.11,1,0.05,2325.7,603.92,Central,Bhopal,Cash on Delivery
ORD103119,2023-06-23,CUST01432,41.0,Male,Corporate,Clothing,Winter Jacket,2345.05,1,0.0,2345.05,732.13,South,Chennai,Cash on Delivery
ORD101871,2023-06-23,CUST00812,47.0,Female,Consumer,Electronics,Smartphone Case,3661.88,1,0.0,3661.88,893.67,North,Jaipur,Debit Card
ORD105452,2023-06-23,CUST00006,38.0,Female,Consumer,Home & Kitchen,LED Table Lamp,3765.85,1,0.05,3577.56,1414.36,South,Hyderabad,Debit Card
ORD104542,2023-06-23,CUST00520,27.0,Male,Small Business,Clothing,Winter Jacket,2164.99,4,0.2,6927.97,31.88,West,Mumbai,Net Banking
ORD106259,2023-06-24,CUST00503,38.0,Male,Small Business,Electronics,Wireless Earbuds,4777.05,2,0.15,8120.98,2860.62,South,Hyderabad,Debit Card
ORD100973,2023-06-24,CUST00051,18.0,Male,Consumer,Beauty & Personal Care,Lipstick,1036.04,3,0.0,3108.12,1245.68,West,Mumbai,UPI
ORD101458,2023-06-24,CUST00211,25.0,Female,Consumer,Beauty & Personal Care,Perfume,1690.56,1,0.05,1606.03,591.91,West,Pune,UPI
ORD103350,2023-06-24,CUST01250,37.0,Other,Consumer,Furniture,Office Chair,10859.5,1,0.05,10316.52,4339.87,East,Patna,Debit Card
ORD102662,2023-06-24,CUST00499,32.0,Male,Consumer,Electronics,Webcam,7670.94,2,0.05,14574.79,5088.88,West,Pune,Cash on Delivery
ORD103790,2023-06-24,CUST00664,18.0,Male,Consumer,Books & Stationery,Notebook Pack,201.47,1,0.05,191.4,61.85,North,Delhi,Net Banking
ORD100297,2023-06-24,CUST00380,22.0,Male,Consumer,Electronics,Smartphone Case,4305.37,1,0.05,4090.1,1584.61,North,Lucknow,Credit Card
ORD101751,2023-06-24,CUST01133,30.0,Male,Consumer,Clothing,Kids Hoodie,2505.02,1,0.1,2254.52,527.84,North,Delhi,Net Banking
ORD104965,2023-06-25,CUST01021,29.0,Male,Consumer,Sports & Outdoors,Camping Tent,2596.23,2,0.0,5192.46,1874.65,North,Chandigarh,UPI
ORD101574,2023-06-25,CUST01845,33.0,Female,Consumer,Home & Kitchen,Air Fryer,4988.74,2,0.1,8979.73,1206.15,North,Chandigarh,UPI
ORD104339,2023-06-25,CUST01266,18.0,Male,Consumer,Beauty & Personal Care,Lipstick,842.23,1,0.1,758.01,131.99,Central,Bhopal,Cash on Delivery
ORD101707,2023-06-25,CUST00972,36.0,Female,Consumer,Clothing,Summer Dress,1491.17,2,0.0,2982.34,1218.99,South,Hyderabad,UPI
ORD104131,2023-06-26,CUST01957,26.0,Male,Consumer,Electronics,USB-C Cable,3464.35,2,0.2,5542.96,690.47,South,Kochi,Cash on Delivery
ORD101078,2023-06-26,CUST01921,32.0,Female,Corporate,Beauty & Personal Care,Perfume,1118.41,1,0.2,894.73,91.44,North,Chandigarh,UPI
ORD105441,2023-06-26,CUST00983,26.0,Female,Small Business,Clothing,Kids Hoodie,2251.25,1,0.0,2251.25,571.43,East,Kolkata,UPI
ORD103314,2023-06-26,CUST00774,33.0,Female,Consumer,Clothing,Formal Shirt,968.39,1,0.1,871.55,331.34,South,Chennai,Credit Card
ORD106493,2023-06-26,CUST01195,33.0,Female,Consumer,Electronics,Wireless Earbuds,5412.32,2,0.05,10283.41,4157.18,East,Kolkata,UPI
ORD105455,2023-06-26,CUST01769,28.0,Male,Corporate,Electronics,Bluetooth Speaker,7991.94,1,0.1,7192.75,2472.36,West,Mumbai,Debit Card
ORD102407,2023-06-26,CUST01698,42.0,Female,Corporate,Clothing,Men's T-Shirt,701.76,1,0.1,631.58,181.33,West,Pune,Credit Card
ORD103622,2023-06-26,CUST00935,41.0,Male,Consumer,Home & Kitchen,Ceramic Mug Set,866.55,1,0.0,866.55,223.4,Central,Raipur,UPI
ORD103370,2023-06-27,CUST00476,31.0,Male,Corporate,Clothing,Kids Hoodie,897.34,1,0.0,897.34,359.41,North,Lucknow,Debit Card
ORD105211,2023-06-27,CUST00104,53.0,Female,Corporate,Home & Kitchen,Ceramic Mug Set,3427.6,2,0.05,6512.44,1102.03,South,Chennai,UPI
ORD101323,2023-06-27,CUST01501,50.0,Female,Small Business,Clothing,Women's Jeans,562.18,1,0.25,421.64,64.37,East,Bhubaneswar,Cash on Delivery
ORD102296,2023-06-27,CUST01783,24.0,Male,Consumer,Home & Kitchen,Storage Rack,335.58,1,0.0,335.58,109.41,North,Delhi,Debit Card
ORD103604,2023-06-27,CUST01884,37.0,Female,Small Business,Electronics,USB-C Cable,6471.67,1,0.0,6471.67,1646.38,South,Hyderabad,Cash on Delivery
ORD104084,2023-06-27,CUST00713,27.0,Male,Consumer,Electronics,USB-C Cable,8733.05,2,0.2,13972.88,802.99,Central,Bhopal,UPI
ORD103236,2023-06-28,CUST01633,35.0,Male,Consumer,Home & Kitchen,Non-Stick Pan,4992.0,1,0.15,4243.2,980.11,Central,Nagpur,Debit Card
ORD104724,2023-06-28,CUST01814,29.0,Female,Small Business,Clothing,Men's T-Shirt,1171.34,1,0.05,1112.77,265.5,West,Surat,Debit Card
ORD101096,2023-06-28,CUST00698,27.0,Male,Consumer,Furniture,Bookshelf,2938.81,1,0.15,2497.99,787.44,North,Lucknow,Cash on Delivery
ORD101133,2023-06-28,CUST00032,31.0,Female,Small Business,Electronics,USB-C Cable,943.37,2,0.25,1415.06,84.77,West,Ahmedabad,Cash on Delivery
ORD103883,2023-06-28,CUST00719,28.0,Male,Corporate,Electronics,Webcam,2828.12,1,0.1,2545.31,350.13,East,Bhubaneswar,UPI
ORD104356,2023-06-28,CUST00076,35.0,Male,Small Business,Home & Kitchen,Storage Rack,4233.75,1,0.0,4233.75,854.71,South,Kochi,Net Banking
ORD103304,2023-06-28,CUST01188,46.0,Male,Small Business,Clothing,Formal Shirt,2474.98,1,0.0,2474.98,836.71,West,Pune,UPI
ORD105908,2023-06-28,CUST00261,18.0,Male,Corporate,Home & Kitchen,Bedsheet Set,921.24,1,0.0,921.24,246.93,South,Chennai,Credit Card
ORD103621,2023-06-28,CUST01833,35.0,Male,Small Business,Home & Kitchen,LED Table Lamp,4851.17,3,0.0,14553.51,6075.39,South,Kochi,UPI
ORD101951,2023-06-28,CUST00359,42.0,Female,Small Business,Beauty & Personal Care,Face Wash,1693.76,1,0.0,1693.76,667.33,West,Pune,UPI
ORD103829,2023-06-29,CUST01295,24.0,Other,Small Business,Furniture,Wardrobe,5275.62,1,0.1,4748.06,1430.82,East,Kolkata,UPI
ORD101215,2023-06-29,CUST00871,20.0,Male,Small Business,Electronics,Webcam,4818.09,3,0.2,11563.42,3226.37,North,Jaipur,Net Banking
ORD102856,2023-06-29,CUST00392,20.0,Male,Consumer,Books & Stationery,Planner Diary,749.82,1,0.1,674.84,118.72,South,Chennai,Cash on Delivery
ORD101010,2023-06-29,CUST01406,50.0,Male,Consumer,Clothing,Formal Shirt,1245.94,1,0.1,1121.35,279.89,West,Pune,Cash on Delivery
ORD104567,2023-06-29,CUST01062,33.0,Female,Consumer,Furniture,Coffee Table,14102.66,2,0.1,25384.79,4857.24,South,Chennai,UPI
ORD100879,2023-06-30,CUST01185,47.0,Female,Consumer,Home & Kitchen,Ceramic Mug Set,2840.78,1,0.05,2698.74,586.96,West,Surat,UPI
ORD103229,2023-06-30,CUST01417,32.0,Female,Consumer,Home & Kitchen,LED Table Lamp,4187.43,1,0.2,3349.94,107.43,West,Surat,UPI
ORD103933,2023-06-30,CUST01993,41.0,Male,Consumer,Clothing,Sports Cap,2590.96,3,0.0,7772.88,2127.95,North,Delhi,Debit Card
ORD106498,2023-06-30,CUST01637,52.0,Male,Consumer,Sports & Outdoors,Cycling Helmet,3241.6,1,0.15,2755.36,392.03,North,Delhi,Net Banking
ORD100131,2023-06-30,CUST00459,26.0,Male,Consumer,Clothing,Women's Jeans,1494.03,1,0.0,1494.03,522.27,South,Kochi,UPI
ORD102823,2023-06-30,CUST00975,36.0,Female,Consumer,Beauty & Personal Care,Face Wash,260.97,1,0.0,260.97,104.87,South,Kochi,Debit Card
ORD101112,2023-07-01,CUST01363,48.0,Female,Consumer,Home & Kitchen,Non-Stick Pan,5401.74,4,0.0,21606.96,6946.43,East,Bhubaneswar,UPI
ORD100468,2023-07-01,CUST00254,27.0,Male,Consumer,Clothing,Kids Hoodie,938.36,1,0.1,844.52,136.53,South,Chennai,Cash on Delivery
ORD105380,2023-07-02,CUST01285,32.0,Male,Consumer,Books & Stationery,Sketch Pens,765.27,1,0.0,765.27,207.38,Central,Raipur,Cash on Delivery
ORD103982,2023-07-02,CUST00821,46.0,Male,Small Business,Beauty & Personal Care,Sunscreen SPF50,754.25,1,0.15,641.11,161.64,East,Kolkata,Credit Card
ORD100830,2023-07-02,CUST00493,32.0,Female,Consumer,Clothing,Running Shoes,331.71,1,0.05,315.12,94.22,South,Chennai,UPI
ORD104442,2023-07-02,CUST00083,34.0,Male,Consumer,Electronics,Smartwatch,1367.62,5,0.0,6838.1,2611.51,South,Bengaluru,Debit Card
ORD101839,2023-07-02,CUST00327,21.0,Male,Consumer,Home & Kitchen,Air Fryer,1362.54,2,0.1,2452.57,772.66,West,Mumbai,Cash on Delivery
ORD102914,2023-07-02,CUST00710,18.0,Female,Consumer,Books & Stationery,Notebook Pack,461.14,1,0.0,461.14,179.94,West,Surat,Debit Card
ORD100213,2023-07-02,CUST01598,28.0,Female,Small Business,Clothing,Running Shoes,2730.02,1,0.1,2457.02,687.88,Central,Bhopal,Cash on Delivery
ORD101111,2023-07-02,CUST00958,32.0,Female,Small Business,Electronics,Webcam,5123.91,1,0.0,5123.91,2215.73,West,Pune,Debit Card
ORD105486,2023-07-02,CUST00809,,Female,Corporate,Electronics,Bluetooth Speaker,5883.3,3,0.1,15884.91,2591.07,South,Kochi,UPI
ORD102741,2023-07-03,CUST02052,29.0,Female,Consumer,Books & Stationery,Desk Organizer,869.25,1,0.05,825.79,213.8,North,Chandigarh,Credit Card
ORD102038,2023-07-03,CUST01721,39.0,Male,Corporate,Home & Kitchen,Air Fryer,998.22,1,0.2,798.58,75.08,North,Jaipur,Net Banking
ORD103983,2023-07-03,CUST01129,18.0,Female,Consumer,Books & Stationery,Planner Diary,379.7,4,0.0,1518.8,515.26,West,Ahmedabad,UPI
ORD105159,2023-07-03,CUST01958,30.0,Male,Consumer,Furniture,Bookshelf,9527.72,1,0.1,8574.95,1114.83,South,Chennai,UPI
ORD102907,2023-07-03,CUST00123,38.0,Female,Consumer,Home & Kitchen,Bedsheet Set,1743.3,1,0.05,1656.14,655.42,South,Hyderabad,Debit Card
ORD102574,2023-07-03,CUST01559,35.0,Female,Consumer,Electronics,Smartphone Case,1523.28,1,0.25,1142.46,272.14,West,Ahmedabad,UPI
ORD101602,2023-07-04,CUST01872,33.0,Male,Consumer,Sports & Outdoors,Dumbbell Set,5283.37,2,0.0,10566.74,2390.46,Central,Nagpur,UPI
ORD102174,2023-07-04,CUST00771,45.0,Male,Consumer,Electronics,USB-C Cable,6774.45,2,0.1,12194.01,3762.65,West,Surat,Credit Card
ORD104079,2023-07-04,CUST01466,50.0,Male,Corporate,Furniture,Study Table,13454.49,2,0.2,21527.18,5348.21,North,Chandigarh,Net Banking
ORD104927,2023-07-04,CUST00459,26.0,Male,Consumer,Home & Kitchen,Mixer Grinder,1357.5,1,0.15,1153.88,361.44,East,Bhubaneswar,Credit Card
ORD104364,2023-07-04,CUST02092,21.0,Male,Consumer,Clothing,Kids Hoodie,2224.75,2,0.1,4004.55,692.33,South,Hyderabad,Cash on Delivery
ORD103812,2023-07-04,CUST01873,38.0,Male,Corporate,Books & Stationery,Sketch Pens,226.13,2,0.1,407.03,65.41,North,Jaipur,UPI
ORD100173,2023-07-04,CUST00669,32.0,Male,Small Business,Sports & Outdoors,Cycling Helmet,5935.62,1,0.15,5045.28,1060.44,North,Delhi,Cash on Delivery
ORD101492,2023-07-05,CUST00243,51.0,Male,Consumer,Electronics,Wireless Earbuds,3897.67,1,0.0,3897.67,1065.64,West,Ahmedabad,Credit Card
ORD105275,2023-07-05,CUST01816,48.0,Male,Consumer,Electronics,Smartphone Case,4536.88,1,0.1,4083.19,849.08,West,Surat,UPI
ORD105361,2023-07-05,CUST00910,43.0,Male,Consumer,Beauty & Personal Care,Lipstick,1325.95,1,0.05,1259.65,399.46,North,Delhi,UPI
ORD101554,2023-07-05,CUST01652,43.0,Male,Corporate,Home & Kitchen,Water Bottle,4151.74,1,0.0,4151.74,1195.95,East,Kolkata,UPI
ORD100124,2023-07-05,CUST01060,38.0,Female,Corporate,Clothing,Formal Shirt,2235.7,1,0.0,2235.7,901.63,South,Chennai,UPI
ORD102470,2023-07-05,CUST00600,18.0,Male,Corporate,Clothing,Summer Dress,2006.41,1,0.1,1805.77,364.74,West,Mumbai,UPI
ORD100108,2023-07-06,CUST01031,23.0,Female,Corporate,Clothing,Kids Hoodie,813.22,5,0.15,3456.19,498.28,West,Pune,UPI
ORD102821,2023-07-06,CUST01124,27.0,Male,Consumer,Home & Kitchen,Water Bottle,5351.1,3,0.2,12842.64,3857.6,East,Patna,Credit Card
ORD105218,2023-07-06,CUST01320,25.0,Female,Corporate,Home & Kitchen,Mixer Grinder,4825.09,1,0.1,4342.58,1496.69,North,Jaipur,Cash on Delivery
ORD103436,2023-07-06,CUST00185,47.0,Male,Corporate,Furniture,Coffee Table,14164.17,5,0.1,63738.77,11576.35,South,Kochi,UPI
ORD101332,2023-07-06,CUST01870,42.0,Male,Consumer,Home & Kitchen,LED Table Lamp,5172.84,1,0.05,4914.2,1028.93,North,Chandigarh,Debit Card
ORD100542,2023-07-06,CUST01848,48.0,Female,Consumer,Clothing,Summer Dress,1676.52,3,0.0,5029.56,1422.6,North,Jaipur,Net Banking
ORD102727,2023-07-06,CUST00556,22.0,Male,Small Business,Sports & Outdoors,Cricket Bat,3903.9,1,0.0,3903.9,1654.2,North,Delhi,Debit Card
ORD103596,2023-07-07,CUST00648,37.0,Male,Corporate,Electronics,Webcam,8275.43,1,0.0,8275.43,1918.25,North,Lucknow,Debit Card
ORD103214,2023-07-07,CUST01714,27.0,Female,Corporate,Clothing,Men's T-Shirt,1092.2,4,0.1,3931.92,1191.69,South,Kochi,Credit Card
ORD101032,2023-07-07,CUST00260,48.0,Male,Corporate,Electronics,Laptop Stand,4004.97,1,0.15,3404.22,283.88,West,Ahmedabad,UPI
ORD104019,2023-07-07,CUST01238,49.0,Female,Consumer,Clothing,Men's T-Shirt,1423.13,1,0.0,1423.13,535.64,South,Kochi,UPI
ORD101231,2023-07-07,CUST01743,19.0,Male,Small Business,Beauty & Personal Care,Perfume,1494.05,2,0.05,2838.7,806.67,Central,Raipur,Cash on Delivery
ORD103520,2023-07-07,CUST01697,40.0,Male,Small Business,Sports & Outdoors,Cricket Bat,3268.69,1,0.1,2941.82,695.8,West,Pune,Cash on Delivery
ORD100776,2023-07-07,CUST01844,22.0,Male,Consumer,Furniture,Coffee Table,6719.66,1,0.05,6383.68,2046.51,South,Hyderabad,UPI
ORD101094,2023-07-08,CUST01762,27.0,Male,Small Business,Electronics,Laptop Stand,6596.24,1,0.1,5936.62,1404.86,North,Delhi,Debit Card
ORD100880,2023-07-08,CUST00168,48.0,Female,Small Business,Sports & Outdoors,Cricket Bat,6092.18,1,0.2,4873.74,818.01,West,Surat,Debit Card
ORD104564,2023-07-08,CUST00181,24.0,Male,Consumer,Electronics,Wireless Earbuds,2618.9,1,0.15,2226.06,234.85,Central,Raipur,Credit Card
ORD102910,2023-07-08,CUST01714,27.0,Female,Corporate,Clothing,Kids Hoodie,1523.38,1,0.0,1523.38,494.0,South,Chennai,Debit Card
ORD103954,2023-07-09,CUST01340,24.0,Female,Consumer,Clothing,Men's T-Shirt,306.44,1,0.05,291.12,109.49,Central,Nagpur,UPI
ORD101089,2023-07-09,CUST00585,22.0,Female,Consumer,Home & Kitchen,Mixer Grinder,2878.22,2,0.0,5756.44,1783.56,West,Ahmedabad,Cash on Delivery
ORD102566,2023-07-09,CUST00948,52.0,Other,Consumer,Beauty & Personal Care,Face Wash,649.47,1,0.0,649.47,156.21,North,Jaipur,Credit Card
ORD103418,2023-07-09,CUST00221,18.0,Male,Consumer,Clothing,Winter Jacket,2292.42,1,0.05,2177.8,450.57,Central,Bhopal,Credit Card
ORD101580,2023-07-09,CUST00444,33.0,Male,Small Business,Beauty & Personal Care,Hair Dryer,275.33,1,0.0,275.33,122.94,South,Kochi,UPI
ORD100744,2023-07-09,CUST01461,31.0,Female,Consumer,Clothing,Formal Shirt,2955.37,1,0.2,2364.3,0.58,West,Pune,Debit Card
ORD103534,2023-07-09,CUST01881,48.0,Female,Small Business,Clothing,Running Shoes,869.9,1,0.1,782.91,124.1,East,Bhubaneswar,UPI
ORD103879,2023-07-09,CUST01583,30.0,Female,Consumer,Clothing,Women's Jeans,2694.34,1,0.0,2694.34,857.51,Central,Raipur,Credit Card
ORD104597,2023-07-09,CUST00651,30.0,Female,Corporate,Home & Kitchen,Air Fryer,855.7,1,0.25,641.78,-17.76,West,Surat,UPI
ORD104081,2023-07-10,CUST00458,46.0,Female,Corporate,Home & Kitchen,Mixer Grinder,3486.1,1,0.15,2963.18,616.52,North,Delhi,UPI
ORD104744,2023-07-10,CUST01287,37.0,Female,Consumer,Books & Stationery,Desk Organizer,316.08,1,0.0,316.08,74.92,West,Pune,Cash on Delivery
ORD101046,2023-07-10,CUST01705,25.0,Female,Small Business,Electronics,Wireless Earbuds,3299.23,1,0.1,2969.31,383.89,South,Kochi,Cash on Delivery
ORD105690,2023-07-10,CUST00132,18.0,Female,Consumer,Clothing,Kids Hoodie,988.93,1,0.0,988.93,375.23,West,Ahmedabad,UPI
ORD104779,2023-07-10,CUST01945,23.0,Other,Consumer,Clothing,Sports Cap,1557.13,1,0.0,1557.13,530.73,North,Chandigarh,Net Banking
ORD105502,2023-07-10,CUST01267,26.0,Male,Small Business,Electronics,Bluetooth Speaker,8069.76,1,0.2,6455.81,392.42,West,Surat,Net Banking
ORD105867,2023-07-10,CUST00435,33.0,Female,Corporate,Electronics,Bluetooth Speaker,4556.4,1,0.0,4556.4,1889.97,West,Ahmedabad,UPI
ORD103235,2023-07-11,CUST01314,18.0,Female,Corporate,Home & Kitchen,Storage Rack,3942.9,1,0.0,3942.9,1563.2,North,Jaipur,Debit Card
ORD103949,2023-07-11,CUST01184,31.0,Male,Consumer,Clothing,Women's Jeans,1209.72,1,0.1,1088.75,316.94,North,Lucknow,UPI
ORD104213,2023-07-11,CUST01618,22.0,Male,Consumer,Home & Kitchen,Ceramic Mug Set,1519.47,4,0.0,6077.88,2658.8,East,Bhubaneswar,Net Banking
ORD105941,2023-07-11,CUST00609,30.0,Female,Small Business,Clothing,Sports Cap,2747.1,1,0.05,2609.74,617.2,North,Jaipur,UPI
ORD106033,2023-07-11,CUST01715,27.0,Male,Consumer,Electronics,Bluetooth Speaker,3251.47,1,0.0,3251.47,974.74,West,Ahmedabad,Cash on Delivery
ORD101071,2023-07-11,CUST01584,45.0,Male,Consumer,Beauty & Personal Care,Sunscreen SPF50,881.14,1,0.15,748.97,89.98,West,Surat,Net Banking
ORD101608,2023-07-11,CUST00139,24.0,Female,Corporate,Beauty & Personal Care,Hair Dryer,875.61,1,0.25,656.71,37.73,South,Chennai,Debit Card
ORD103693,2023-07-11,CUST00567,22.0,Male,Corporate,Electronics,Bluetooth Speaker,7534.5,2,0.0,15069.0,4618.68,West,Ahmedabad,Debit Card
ORD105779,2023-07-12,CUST00049,53.0,Male,Consumer,Electronics,Wireless Earbuds,4586.19,1,0.1,4127.57,701.59,North,Chandigarh,Debit Card
ORD105680,2023-07-12,CUST01753,18.0,Male,Small Business,Clothing,Kids Hoodie,406.95,3,0.0,1220.85,524.4,South,Bengaluru,Net Banking
ORD104772,2023-07-12,CUST01138,27.0,Male,Corporate,Furniture,Coffee Table,1849.85,1,0.25,1387.39,15.84,South,Kochi,Credit Card
ORD101635,2023-07-12,CUST00894,36.0,Female,Consumer,Sports & Outdoors,Yoga Mat,4388.93,1,0.1,3950.04,1361.8,South,Kochi,UPI
ORD102981,2023-07-12,CUST01080,29.0,Female,Consumer,Books & Stationery,Sketch Pens,231.12,2,0.15,392.9,37.22,Central,Bhopal,Debit Card
ORD105845,2023-07-13,CUST00348,32.0,Female,Small Business,Sports & Outdoors,Cricket Bat,5165.3,1,0.15,4390.5,1458.3,South,Bengaluru,UPI
ORD101390,2023-07-13,CUST00097,23.0,Female,Consumer,Clothing,Women's Jeans,690.49,1,0.1,621.44,202.05,East,Bhubaneswar,Cash on Delivery
ORD106035,2023-07-13,CUST00430,34.0,Female,Small Business,Furniture,Study Table,4517.22,1,0.05,4291.36,729.52,East,Patna,Credit Card
ORD102268,2023-07-14,CUST01795,,Other,Consumer,Electronics,Power Bank,4885.44,4,0.0,19541.76,4892.25,South,Chennai,Cash on Delivery
ORD101561,2023-07-14,CUST02087,29.0,Female,Consumer,Furniture,Office Chair,7324.92,2,0.05,13917.35,3517.94,East,Patna,Credit Card
ORD100663,2023-07-14,CUST01402,34.0,Male,Corporate,Home & Kitchen,Ceramic Mug Set,1721.71,1,0.0,1721.71,734.37,North,Jaipur,Credit Card
ORD104426,2023-07-14,CUST01879,42.0,Female,Consumer,Clothing,Summer Dress,339.27,1,0.0,339.27,139.47,South,Kochi,UPI
ORD105077,2023-07-14,CUST00440,45.0,Male,Consumer,Clothing,Formal Shirt,410.13,2,0.05,779.25,265.03,Central,Nagpur,Net Banking
ORD105871,2023-07-14,CUST01479,18.0,Male,Consumer,Electronics,Smartwatch,1261.2,1,0.1,1135.08,128.58,East,Kolkata,Credit Card
ORD103683,2023-07-14,CUST00799,24.0,Male,Corporate,Clothing,Winter Jacket,2924.42,2,0.1,5263.96,1268.61,East,Bhubaneswar,UPI
ORD100215,2023-07-14,CUST00874,21.0,Female,Corporate,Clothing,Running Shoes,2562.07,1,0.0,2562.07,667.86,East,Patna,Debit Card
ORD103670,2023-07-15,CUST01463,36.0,Female,Corporate,Books & Stationery,Planner Diary,703.86,2,0.0,1407.72,285.41,West,Ahmedabad,Debit Card
ORD101490,2023-07-15,CUST00749,23.0,Female,Corporate,Clothing,Winter Jacket,517.35,1,0.05,491.48,91.6,East,Patna,Debit Card
ORD104873,2023-07-15,CUST01832,63.0,Male,Consumer,Electronics,Bluetooth Speaker,8649.77,1,0.1,7784.79,1165.9,West,Mumbai,Credit Card
ORD106064,2023-07-15,CUST01836,39.0,Female,Consumer,Home & Kitchen,Non-Stick Pan,4691.02,1,0.1,4221.92,1196.07,West,Pune,Credit Card
ORD103640,2023-07-15,CUST00186,25.0,Female,Consumer,Books & Stationery,Notebook Pack,850.09,1,0.0,850.09,191.32,East,Patna,Credit Card
ORD105379,2023-07-15,CUST00923,24.0,Male,Corporate,Electronics,Wireless Earbuds,811.0,2,0.0,1622.0,557.66,Central,Raipur,UPI
ORD100887,2023-07-15,CUST01003,18.0,Male,Corporate,Clothing,Sports Cap,812.25,1,0.0,812.25,223.11,East,Kolkata,Cash on Delivery
ORD100158,2023-07-15,CUST00298,32.0,Male,Corporate,Books & Stationery,Fiction Novel,756.5,4,0.15,2572.1,196.43,North,Lucknow,UPI
ORD101369,2023-07-15,CUST00993,30.0,Female,Consumer,Clothing,Winter Jacket,305.79,1,0.2,244.63,10.43,North,Chandigarh,Debit Card
ORD100151,2023-07-16,CUST00806,35.0,Female,Small Business,Clothing,Formal Shirt,466.33,2,0.15,792.76,196.49,Central,Bhopal,Debit Card
ORD104572,2023-07-16,CUST00732,30.0,Female,Consumer,Sports & Outdoors,Football,2260.1,1,0.0,2260.1,713.59,West,Mumbai,UPI
ORD102155,2023-07-16,CUST00506,35.0,Female,Corporate,Books & Stationery,Desk Organizer,832.11,1,0.05,790.5,264.46,South,Bengaluru,UPI
ORD101066,2023-07-16,CUST00783,24.0,Female,Small Business,Books & Stationery,Sketch Pens,294.3,1,0.05,279.58,77.42,South,Bengaluru,UPI
ORD106069,2023-07-16,CUST00584,34.0,Male,Consumer,Clothing,Formal Shirt,1207.13,1,0.05,1146.77,241.25,West,Surat,UPI
ORD105083,2023-07-16,CUST00246,21.0,Female,Consumer,Electronics,Smartphone Case,4001.68,2,0.1,7203.02,1275.82,North,Jaipur,Credit Card
ORD105451,2023-07-16,CUST01094,47.0,Other,Consumer,Electronics,Power Bank,800.09,2,0.2,1280.14,1.52,South,Bengaluru,Credit Card
ORD105938,2023-07-16,CUST01114,31.0,Male,Consumer,Sports & Outdoors,Cycling Helmet,2850.7,2,0.0,5701.4,2530.42,North,Chandigarh,Debit Card
ORD101719,2023-07-16,CUST00498,52.0,Male,Corporate,Clothing,Formal Shirt,2896.25,1,0.0,2896.25,795.2,West,Ahmedabad,Cash on Delivery
ORD102076,2023-07-16,CUST01724,21.0,Male,Consumer,Beauty & Personal Care,Lipstick,1283.04,2,0.0,2566.08,630.07,West,Mumbai,Debit Card
ORD102239,2023-07-16,CUST00867,39.0,Male,Consumer,Clothing,Kids Hoodie,2554.49,1,0.05,2426.77,840.08,South,Bengaluru,Debit Card
ORD104021,2023-07-17,CUST00556,22.0,Male,Small Business,Home & Kitchen,Bedsheet Set,1371.95,1,0.05,1303.35,480.88,West,Pune,Net Banking
ORD104166,2023-07-17,CUST00067,27.0,Female,Corporate,Electronics,Smartwatch,3775.39,2,0.0,7550.78,3322.81,South,Bengaluru,Debit Card
ORD104439,2023-07-17,CUST00046,29.0,Female,Consumer,Home & Kitchen,Mixer Grinder,2730.42,2,0.0,5460.84,1993.0,West,Ahmedabad,Debit Card
ORD101845,2023-07-17,CUST01988,45.0,Male,Consumer,Clothing,Men's T-Shirt,2541.34,2,0.15,4320.28,447.78,West,Surat,UPI
ORD106362,2023-07-17,CUST00375,39.0,Female,Consumer,Electronics,Wireless Earbuds,8709.32,1,0.0,8709.32,3285.26,West,Surat,Credit Card
ORD100585,2023-07-17,CUST01783,24.0,Male,Consumer,Electronics,Smartphone Case,6382.2,1,0.05,6063.09,1918.15,West,Surat,Debit Card
ORD102851,2023-07-17,CUST01640,57.0,Male,Consumer,Clothing,Sports Cap,400.6,1,0.05,380.57,83.82,West,Mumbai,UPI
ORD104893,2023-07-17,CUST00230,18.0,Female,Consumer,Furniture,Bookshelf,8405.47,2,0.05,15970.39,3204.72,South,Bengaluru,Cash on Delivery
ORD103408,2023-07-18,CUST00748,47.0,Male,Consumer,Home & Kitchen,Mixer Grinder,4819.02,3,0.1,13011.35,3635.17,South,Kochi,Cash on Delivery
ORD105427,2023-07-18,CUST00926,30.0,Female,Consumer,Books & Stationery,Sketch Pens,406.81,1,0.1,366.13,51.47,North,Delhi,Credit Card
ORD105461,2023-07-18,CUST00737,18.0,Male,Consumer,Home & Kitchen,Mixer Grinder,3920.06,2,0.0,7840.12,3271.94,South,Chennai,Debit Card
ORD100189,2023-07-18,CUST01057,55.0,Male,Corporate,Clothing,Sports Cap,755.4,2,0.1,1359.72,201.14,South,Chennai,UPI
ORD103349,2023-07-18,CUST01531,50.0,Male,Corporate,Home & Kitchen,Storage Rack,5732.36,2,0.0,11464.72,3931.21,Central,Nagpur,Net Banking
ORD101753,2023-07-18,CUST01144,30.0,Male,Consumer,Clothing,Winter Jacket,1268.87,1,0.0,1268.87,369.44,West,Mumbai,Cash on Delivery
ORD103226,2023-07-18,CUST00407,36.0,Male,Small Business,Clothing,Women's Jeans,937.28,1,0.0,937.28,304.62,West,Ahmedabad,Cash on Delivery
ORD104778,2023-07-18,CUST00906,39.0,Male,Consumer,Clothing,Formal Shirt,1481.2,1,0.05,1407.14,316.19,South,Bengaluru,Credit Card
ORD102785,2023-07-19,CUST01408,26.0,Male,Corporate,Clothing,Winter Jacket,673.3,1,0.2,538.64,161.67,West,Surat,UPI
ORD102767,2023-07-19,CUST01546,38.0,Male,Corporate,Electronics,USB-C Cable,1191.82,1,0.1,1072.64,317.18,East,Bhubaneswar,Credit Card
ORD101276,2023-07-19,CUST00175,30.0,Female,Consumer,Beauty & Personal Care,Sunscreen SPF50,1226.54,2,0.05,2330.43,955.69,North,Jaipur,UPI
ORD100637,2023-07-19,CUST00808,52.0,Female,Corporate,Books & Stationery,Notebook Pack,762.54,3,0.0,2287.62,768.47,North,Jaipur,Credit Card
ORD103111,2023-07-19,CUST00362,26.0,Male,Consumer,Clothing,Running Shoes,960.7,4,0.0,3842.8,1561.76,West,Mumbai,UPI
ORD102223,2023-07-19,CUST00387,36.0,Male,Corporate,Furniture,Study Table,8883.01,1,0.0,8883.01,3730.21,East,Patna,Credit Card
ORD100155,2023-07-19,CUST01075,21.0,Male,Consumer,Sports & Outdoors,Camping Tent,6631.17,1,0.1,5968.05,699.53,West,Pune,UPI
ORD104981,2023-07-19,CUST01085,,Male,Consumer,Home & Kitchen,Ceramic Mug Set,4816.19,1,0.0,4816.19,1702.36,South,Bengaluru,Debit Card
ORD102588,2023-07-19,CUST00301,33.0,Male,Corporate,Electronics,USB-C Cable,7219.23,1,0.0,7219.23,1643.72,West,Surat,Credit Card
ORD100693,2023-07-19,CUST00879,43.0,Female,Consumer,Clothing,Summer Dress,2143.96,1,0.2,1715.17,520.15,South,Hyderabad,Cash on Delivery
ORD106084,2023-07-20,CUST01536,43.0,Female,Consumer,Clothing,Summer Dress,353.1,1,0.1,317.79,103.42,East,Bhubaneswar,Debit Card
ORD100889,2023-07-20,CUST01055,30.0,Female,Corporate,Furniture,Coffee Table,3303.99,1,0.1,2973.59,539.66,West,Ahmedabad,Cash on Delivery
ORD101518,2023-07-20,CUST01806,36.0,Male,Corporate,Clothing,Winter Jacket,2112.07,2,0.1,3801.73,1437.41,East,Bhubaneswar,Cash on Delivery
ORD106334,2023-07-20,CUST00231,24.0,Female,Consumer,Furniture,Bean Bag,5326.72,1,0.05,5060.38,2022.78,West,Pune,UPI
ORD106196,2023-07-20,CUST00992,40.0,Female,Consumer,Clothing,Summer Dress,2570.48,1,0.0,2570.48,542.44,North,Lucknow,UPI
ORD103386,2023-07-20,CUST01410,23.0,Male,Consumer,Home & Kitchen,Water Bottle,1101.74,2,0.25,1652.61,179.78,South,Hyderabad,Credit Card
ORD105617,2023-07-20,CUST01375,20.0,Male,Corporate,Beauty & Personal Care,Sunscreen SPF50,307.25,1,0.15,261.16,54.18,North,Jaipur,UPI
ORD105750,2023-07-20,CUST00115,24.0,Male,Small Business,Home & Kitchen,Non-Stick Pan,3200.64,1,0.0,3200.64,764.75,East,Kolkata,Credit Card
ORD105400,2023-07-21,CUST00295,20.0,Male,Small Business,Clothing,Women's Jeans,1117.07,1,0.2,893.66,78.67,North,Delhi,Credit Card
ORD100225,2023-07-21,CUST00160,20.0,Female,Consumer,Clothing,Summer Dress,1067.57,1,0.0,1067.57,280.8,East,Kolkata,Debit Card
ORD105613,2023-07-21,CUST01625,25.0,Male,Consumer,Clothing,Formal Shirt,976.93,1,0.05,928.08,256.9,East,Kolkata,Debit Card
ORD105924,2023-07-22,CUST00587,38.0,Male,Corporate,Beauty & Personal Care,Sunscreen SPF50,1216.25,1,0.15,1033.81,220.8,East,Patna,Credit Card
ORD100962,2023-07-22,CUST01329,22.0,Male,Corporate,Sports & Outdoors,Dumbbell Set,1288.74,2,0.1,2319.73,403.91,South,Bengaluru,Net Banking
ORD105895,2023-07-22,CUST00361,38.0,Male,Corporate,Electronics,Smartwatch,5545.65,2,0.15,9427.6,2444.31,Central,Bhopal,Debit Card
ORD104402,2023-07-22,CUST00125,28.0,Male,Consumer,Electronics,Wireless Earbuds,5988.36,1,0.1,5389.52,879.35,South,Hyderabad,UPI
ORD100666,2023-07-22,CUST00198,36.0,Female,Consumer,Sports & Outdoors,Football,5085.69,2,0.05,9662.81,2590.88,North,Jaipur,Credit Card
ORD103232,2023-07-22,CUST01739,45.0,Male,Consumer,Clothing,Formal Shirt,783.27,1,0.0,783.27,350.48,South,Kochi,Cash on Delivery
ORD102728,2023-07-23,CUST00847,18.0,Male,Consumer,Home & Kitchen,LED Table Lamp,5441.6,1,0.25,4081.2,1046.16,West,Pune,Cash on Delivery
ORD101320,2023-07-23,CUST00426,32.0,Male,Consumer,Beauty & Personal Care,Perfume,695.18,1,0.15,590.9,107.83,West,Ahmedabad,Net Banking
ORD104808,2023-07-23,CUST01177,46.0,Female,Consumer,Electronics,Laptop Stand,5611.52,2,0.0,11223.04,3950.75,Central,Nagpur,Credit Card
ORD101374,2023-07-23,CUST00308,41.0,Female,Small Business,Sports & Outdoors,Cricket Bat,3001.71,2,0.05,5703.25,2008.33,Central,Raipur,Cash on Delivery
ORD102612,2023-07-23,CUST00567,22.0,Male,Corporate,Home & Kitchen,LED Table Lamp,3883.91,2,0.2,6214.26,891.53,South,Kochi,UPI
ORD102001,2023-07-23,CUST00645,32.0,Female,Consumer,Clothing,Winter Jacket,533.03,2,0.2,852.85,225.94,South,Kochi,UPI
ORD106383,2023-07-23,CUST00627,19.0,Male,Consumer,Clothing,Running Shoes,2036.58,1,0.1,1832.92,580.54,South,Bengaluru,UPI
ORD100988,2023-07-23,CUST00533,26.0,Male,Corporate,Electronics,Power Bank,1584.53,3,0.2,3802.87,108.43,West,Surat,UPI
ORD104532,2023-07-23,CUST00464,27.0,Female,Consumer,Electronics,Bluetooth Speaker,6292.06,1,0.0,6292.06,2274.67,East,Kolkata,UPI
ORD103734,2023-07-23,CUST00795,35.0,Male,Consumer,Home & Kitchen,Ceramic Mug Set,5935.0,1,0.25,4451.25,965.45,West,Mumbai,Debit Card
ORD101887,2023-07-23,CUST00732,30.0,Female,Consumer,Books & Stationery,Fiction Novel,535.6,1,0.0,535.6,117.53,West,Surat,Debit Card
ORD105403,2023-07-24,CUST00172,41.0,Female,Consumer,Home & Kitchen,Storage Rack,309.37,1,0.05,293.9,77.8,North,Lucknow,UPI
ORD100329,2023-07-24,CUST00848,38.0,Male,Small Business,Home & Kitchen,Water Bottle,292.01,1,0.0,292.01,125.56,West,Mumbai,Cash on Delivery
ORD106340,2023-07-24,CUST01606,35.0,Male,Consumer,Books & Stationery,Planner Diary,467.78,2,0.0,935.56,200.22,East,Patna,UPI
ORD103121,2023-07-24,CUST01054,44.0,Male,Consumer,Sports & Outdoors,Yoga Mat,1579.09,1,0.1,1421.18,332.4,South,Bengaluru,Cash on Delivery
ORD100537,2023-07-24,CUST01158,27.0,Female,Consumer,Beauty & Personal Care,Perfume,370.79,1,0.0,370.79,160.62,West,Ahmedabad,UPI
ORD102810,2023-07-24,CUST00085,22.0,Female,Consumer,Electronics,Webcam,6279.1,1,0.15,5337.24,879.49,North,Delhi,Credit Card
ORD103118,2023-07-25,CUST00592,40.0,Female,Small Business,Books & Stationery,Sketch Pens,529.7,1,0.1,476.73,176.63,East,Kolkata,Credit Card
ORD104763,2023-07-25,CUST00212,30.0,Female,Consumer,Beauty & Personal Care,Perfume,719.17,4,0.2,2301.34,256.08,Central,Raipur,Net Banking
ORD101397,2023-07-25,CUST01928,35.0,Male,Consumer,Electronics,Wireless Earbuds,8384.81,3,0.05,23896.71,7585.67,South,Kochi,Cash on Delivery
ORD104681,2023-07-25,CUST00908,18.0,Female,Consumer,Home & Kitchen,Non-Stick Pan,1820.81,1,0.15,1547.69,198.09,West,Surat,Debit Card
ORD103151,2023-07-25,CUST00595,52.0,Female,Small Business,Electronics,Bluetooth Speaker,3485.54,1,0.15,2962.71,759.34,South,Bengaluru,Net Banking
ORD105932,2023-07-25,CUST00765,41.0,Male,Consumer,Home & Kitchen,Air Fryer,4553.21,2,0.0,9106.42,2236.97,South,Hyderabad,Debit Card
ORD100762,2023-07-25,CUST00327,21.0,Male,Consumer,Sports & Outdoors,Cricket Bat,5132.99,1,0.0,5132.99,1619.93,West,Pune,UPI
ORD106162,2023-07-25,CUST01026,25.0,Female,Consumer,Books & Stationery,Fiction Novel,419.09,1,0.1,377.18,86.21,West,Pune,Credit Card
ORD104614,2023-07-25,CUST00786,47.0,Female,Corporate,Sports & Outdoors,Cycling Helmet,3877.06,1,0.05,3683.21,1089.73,North,Delhi,Credit Card
ORD103398,2023-07-25,CUST01538,26.0,Female,Corporate,Home & Kitchen,Bedsheet Set,617.42,1,0.0,617.42,224.65,West,Surat,UPI
ORD104700,2023-07-26,CUST00880,30.0,Female,Consumer,Furniture,Study Table,9363.26,1,0.0,9363.26,2675.68,North,Delhi,Debit Card
ORD105127,2023-07-26,CUST00417,31.0,Male,Consumer,Clothing,Women's Jeans,1616.9,1,0.0,1616.9,331.22,North,Delhi,UPI
ORD100105,2023-07-26,CUST01608,40.0,Female,Consumer,Furniture,Coffee Table,11274.31,1,0.1,10146.88,1312.0,West,Pune,UPI
ORD101008,2023-07-26,CUST00474,31.0,Male,Consumer,Home & Kitchen,Ceramic Mug Set,3286.83,5,0.05,15612.44,4217.1,Central,Raipur,Cash on Delivery
ORD103624,2023-07-26,CUST00091,28.0,Female,Small Business,Clothing,Women's Jeans,1568.99,1,0.0,1568.99,648.51,East,Bhubaneswar,Credit Card
ORD103183,2023-07-26,CUST00156,45.0,Male,Consumer,Beauty & Personal Care,Trimmer,1201.4,4,0.1,4325.04,1284.44,East,Patna,Cash on Delivery
ORD102003,2023-07-26,CUST00689,41.0,Female,Small Business,Sports & Outdoors,Camping Tent,5629.09,3,0.0,16887.27,5117.5,West,Pune,Cash on Delivery
ORD102039,2023-07-27,CUST00546,26.0,Female,Consumer,Furniture,Coffee Table,6700.69,1,0.0,6700.69,1937.33,East,Patna,Credit Card
ORD104246,2023-07-27,CUST01249,46.0,Male,Corporate,Clothing,Winter Jacket,594.98,1,0.1,535.48,126.57,West,Pune,Cash on Delivery
ORD100319,2023-07-27,CUST00593,18.0,Male,Corporate,Electronics,Smartwatch,817.93,1,0.0,817.93,214.94,South,Hyderabad,Net Banking
ORD103002,2023-07-27,CUST00523,44.0,Male,Consumer,Electronics,Laptop Stand,2504.11,1,0.05,2378.9,428.5,South,Bengaluru,Net Banking
ORD103068,2023-07-27,CUST01231,18.0,Male,Consumer,Electronics,Wireless Earbuds,7515.63,2,0.1,13528.13,3743.41,West,Pune,UPI
ORD102847,2023-07-27,CUST01243,29.0,Female,Consumer,Electronics,Smartwatch,2645.28,1,0.05,2513.02,842.61,Central,Raipur,UPI
ORD103903,2023-07-28,CUST00979,,Male,Consumer,Beauty & Personal Care,Lipstick,1267.77,3,0.0,3803.31,1646.8,West,Mumbai,Debit Card
ORD100141,2023-07-28,CUST01135,42.0,Male,Consumer,Sports & Outdoors,Camping Tent,2605.14,2,0.1,4689.25,752.41,East,Patna,UPI
ORD100782,2023-07-28,CUST01515,53.0,Male,Consumer,Beauty & Personal Care,Perfume,1779.59,3,0.15,4537.95,493.53,North,Lucknow,Net Banking
ORD105766,2023-07-29,CUST00448,23.0,Male,Consumer,Electronics,Bluetooth Speaker,7918.13,1,0.0,7918.13,2354.54,West,Ahmedabad,Net Banking
ORD104647,2023-07-29,CUST00255,27.0,Female,Consumer,Books & Stationery,Fiction Novel,680.98,1,0.0,680.98,141.75,West,Ahmedabad,Debit Card
ORD103270,2023-07-29,CUST02068,42.0,Female,Corporate,Books & Stationery,Notebook Pack,272.79,1,0.2,218.23,5.59,East,Kolkata,Credit Card
ORD104063,2023-07-29,CUST00715,20.0,Male,Corporate,Books & Stationery,Desk Organizer,234.18,1,0.0,234.18,96.27,West,Pune,Credit Card
ORD101855,2023-07-29,CUST01144,30.0,Male,Consumer,Electronics,Laptop Stand,6247.74,1,0.0,6247.74,2707.71,Central,Raipur,Cash on Delivery
ORD105703,2023-07-29,CUST02035,33.0,Female,Consumer,Furniture,Bookshelf,1621.9,2,0.0,3243.8,877.52,North,Lucknow,Debit Card
ORD104974,2023-07-29,CUST01600,25.0,Male,Consumer,Electronics,Smartwatch,5412.96,1,0.0,5412.96,1774.37,West,Mumbai,Debit Card
ORD103089,2023-07-29,CUST01963,43.0,Female,Corporate,Beauty & Personal Care,Lipstick,978.9,5,0.0,4894.5,1331.31,West,Surat,Cash on Delivery
ORD100629,2023-07-29,CUST01840,27.0,Female,Small Business,Electronics,Bluetooth Speaker,3253.36,1,0.0,3253.36,920.65,Central,Nagpur,UPI
ORD103814,2023-07-29,CUST01485,44.0,Male,Corporate,Furniture,Bookshelf,11321.8,1,0.2,9057.44,2447.38,South,Kochi,Credit Card
ORD106009,2023-07-29,CUST00716,18.0,Male,Consumer,Clothing,Kids Hoodie,1869.06,3,0.1,5046.46,1467.77,South,Chennai,Credit Card
ORD104219,2023-07-29,CUST00924,49.0,Male,Consumer,Clothing,Summer Dress,742.07,3,0.05,2114.9,357.32,East,Bhubaneswar,Credit Card
ORD102280,2023-07-30,CUST01749,,Female,Consumer,Clothing,Formal Shirt,2210.99,1,0.0,2210.99,949.64,East,Bhubaneswar,Credit Card
ORD104154,2023-07-30,CUST02015,38.0,Male,Small Business,Sports & Outdoors,Cycling Helmet,2773.73,1,0.15,2357.67,617.42,Central,Nagpur,Debit Card
ORD101778,2023-07-31,CUST00780,32.0,Male,Small Business,Beauty & Personal Care,Sunscreen SPF50,1572.72,1,0.2,1258.18,294.26,West,Ahmedabad,Credit Card
ORD103863,2023-07-31,CUST01948,42.0,Female,Corporate,Clothing,Running Shoes,642.73,2,0.05,1221.19,371.13,North,Chandigarh,Cash on Delivery
ORD100708,2023-07-31,CUST00930,34.0,Male,Consumer,Sports & Outdoors,Dumbbell Set,2767.27,2,0.05,5257.81,1665.09,Central,Bhopal,Debit Card
ORD106164,2023-07-31,CUST00573,40.0,Male,Small Business,Furniture,Office Chair,10915.36,4,0.05,41478.37,6770.04,North,Lucknow,Credit Card
ORD106276,2023-08-01,CUST01935,40.0,Female,Small Business,Electronics,Smartwatch,7433.2,1,0.0,7433.2,3317.41,South,Kochi,Debit Card
ORD103536,2023-08-01,CUST00278,24.0,Female,Small Business,Electronics,Webcam,1289.52,2,0.0,2579.04,795.85,North,Lucknow,UPI
ORD101543,2023-08-01,CUST00352,28.0,Male,Consumer,Clothing,Winter Jacket,574.95,1,0.0,574.95,179.14,Central,Nagpur,UPI
ORD102028,2023-08-01,CUST00538,28.0,Male,Small Business,Home & Kitchen,Ceramic Mug Set,3850.65,1,0.05,3658.12,1065.3,West,Mumbai,UPI
ORD104566,2023-08-01,CUST01241,18.0,Female,Small Business,Furniture,Study Table,9124.54,2,0.15,15511.72,1316.14,South,Kochi,Cash on Delivery
ORD105772,2023-08-02,CUST00018,43.0,Male,Corporate,Home & Kitchen,LED Table Lamp,2824.57,3,0.0,8473.71,3480.61,North,Lucknow,Credit Card
ORD101525,2023-08-02,CUST00874,21.0,Female,Corporate,Sports & Outdoors,Cycling Helmet,2541.97,1,0.15,2160.67,128.8,North,Jaipur,Debit Card
ORD105548,2023-08-02,CUST01179,44.0,Female,Corporate,Beauty & Personal Care,Perfume,324.3,1,0.05,308.08,71.61,West,Ahmedabad,Credit Card
ORD104925,2023-08-02,CUST00993,30.0,Female,Consumer,Home & Kitchen,Air Fryer,3779.05,1,0.05,3590.1,1443.08,North,Jaipur,Cash on Delivery
ORD104712,2023-08-02,CUST01845,33.0,Female,Consumer,Electronics,Laptop Stand,5586.5,2,0.1,10055.7,3060.73,South,Kochi,Credit Card
ORD105875,2023-08-03,CUST01700,18.0,Male,Consumer,Electronics,Laptop Stand,3125.93,1,0.05,2969.63,707.2,West,Ahmedabad,Credit Card
ORD100929,2023-08-03,CUST00028,24.0,Male,Small Business,Beauty & Personal Care,Trimmer,696.57,1,0.05,661.74,163.5,West,Surat,Debit Card
ORD106206,2023-08-03,CUST01827,26.0,Female,Consumer,Furniture,Wardrobe,8915.23,1,0.05,8469.47,2454.71,Central,Raipur,Cash on Delivery
ORD102067,2023-08-03,CUST01035,43.0,Male,Consumer,Electronics,USB-C Cable,3456.08,1,0.0,3456.08,986.37,South,Hyderabad,Debit Card
ORD106083,2023-08-03,CUST01174,31.0,Female,Consumer,Home & Kitchen,Bedsheet Set,738.51,3,0.15,1883.2,614.38,West,Pune,UPI
ORD100184,2023-08-03,CUST00730,18.0,Male,Consumer,Sports & Outdoors,Yoga Mat,5727.27,1,0.05,5440.91,1046.88,South,Chennai,UPI
ORD105508,2023-08-03,CUST01539,23.0,Male,Small Business,Beauty & Personal Care,Sunscreen SPF50,1724.19,4,0.1,6207.08,2013.88,South,Hyderabad,Credit Card
ORD100681,2023-08-03,CUST00657,57.0,Female,Corporate,Books & Stationery,Notebook Pack,359.19,1,0.1,323.27,101.25,South,Chennai,Credit Card
ORD105347,2023-08-03,CUST00929,,Female,Consumer,Electronics,Bluetooth Speaker,4691.42,1,0.1,4222.28,1468.45,North,Lucknow,Net Banking
ORD104098,2023-08-03,CUST01870,42.0,Male,Consumer,Electronics,Smartwatch,5779.79,1,0.1,5201.81,951.94,West,Mumbai,Net Banking
ORD102330,2023-08-03,CUST01083,26.0,Male,Consumer,Clothing,Running Shoes,1023.99,1,0.0,1023.99,282.26,East,Kolkata,Net Banking
ORD101340,2023-08-03,CUST00151,20.0,Male,Corporate,Electronics,USB-C Cable,2447.12,1,0.2,1957.7,147.2,East,Bhubaneswar,UPI
ORD100579,2023-08-03,CUST00429,18.0,Male,Consumer,Clothing,Winter Jacket,1786.2,1,0.05,1696.89,345.1,West,Surat,UPI
ORD101383,2023-08-03,CUST01071,28.0,Female,Corporate,Electronics,USB-C Cable,8197.24,1,0.05,7787.38,1748.27,East,Patna,Debit Card
ORD105330,2023-08-04,CUST00070,45.0,Female,Small Business,Clothing,Men's T-Shirt,467.65,1,0.1,420.88,87.36,North,Delhi,Net Banking
ORD103383,2023-08-04,CUST01992,24.0,Male,Consumer,Sports & Outdoors,Cycling Helmet,5633.38,1,0.1,5070.04,1860.15,East,Kolkata,UPI
ORD102793,2023-08-04,CUST01090,34.0,Male,Consumer,Furniture,Bookshelf,12650.75,2,0.2,20241.2,5839.54,East,Kolkata,Cash on Delivery
ORD103104,2023-08-04,CUST01713,31.0,Female,Corporate,Home & Kitchen,Non-Stick Pan,1238.82,1,0.1,1114.94,283.81,North,Chandigarh,UPI
ORD105026,2023-08-04,CUST00829,43.0,Female,Consumer,Clothing,Sports Cap,1127.78,1,0.25,845.84,137.38,North,Lucknow,UPI
ORD100044,2023-08-04,CUST01280,33.0,Female,Consumer,Clothing,Women's Jeans,1850.84,1,0.15,1573.21,470.13,South,Bengaluru,Net Banking
ORD100908,2023-08-04,CUST00152,25.0,Male,Consumer,Beauty & Personal Care,Sunscreen SPF50,161.62,1,0.15,137.38,24.62,South,Bengaluru,UPI
ORD101976,2023-08-04,CUST01838,36.0,Female,Consumer,Clothing,Sports Cap,2423.53,1,0.0,2423.53,805.49,Central,Raipur,Cash on Delivery
ORD102446,2023-08-04,CUST02069,37.0,Female,Consumer,Electronics,Smartphone Case,1626.02,1,0.0,1626.02,698.23,South,Chennai,Cash on Delivery
ORD103804,2023-08-04,CUST00845,34.0,Male,Corporate,Sports & Outdoors,Camping Tent,2774.25,1,0.0,2774.25,763.15,Central,Nagpur,Cash on Delivery
ORD101747,2023-08-05,CUST00301,33.0,Male,Corporate,Home & Kitchen,Storage Rack,2646.02,3,0.05,7541.16,3113.9,East,Patna,UPI
ORD103171,2023-08-05,CUST00952,19.0,Male,Small Business,Books & Stationery,Sketch Pens,958.67,1,0.1,862.8,265.79,South,Bengaluru,Cash on Delivery
ORD101129,2023-08-05,CUST00790,42.0,Male,Corporate,Clothing,Men's T-Shirt,2134.44,2,0.25,3201.66,369.64,East,Kolkata,Debit Card
ORD105382,2023-08-05,CUST00223,34.0,Male,Corporate,Home & Kitchen,Air Fryer,4878.65,2,0.05,9269.44,2061.63,East,Patna,Debit Card
ORD104015,2023-08-05,CUST00468,46.0,Male,Consumer,Clothing,Winter Jacket,992.17,3,0.05,2827.68,849.07,Central,Bhopal,Net Banking
ORD102190,2023-08-05,CUST00281,46.0,Male,Small Business,Sports & Outdoors,Cycling Helmet,6152.6,1,0.0,6152.6,2729.17,South,Chennai,Debit Card
ORD101173,2023-08-05,CUST00475,32.0,Male,Consumer,Clothing,Women's Jeans,2384.15,1,0.0,2384.15,847.57,South,Chennai,Net Banking
ORD105550,2023-08-05,CUST01908,51.0,Female,Consumer,Clothing,Formal Shirt,1899.66,1,0.05,1804.68,349.15,South,Bengaluru,Debit Card
ORD102752,2023-08-05,CUST00044,37.0,Female,Corporate,Clothing,Kids Hoodie,323.13,1,0.0,323.13,115.15,North,Jaipur,Credit Card
ORD102025,2023-08-05,CUST01371,47.0,Female,Consumer,Books & Stationery,Sketch Pens,761.67,1,0.1,685.5,232.89,East,Patna,UPI
ORD104498,2023-08-06,CUST00089,39.0,Female,Small Business,Sports & Outdoors,Yoga Mat,4707.58,1,0.15,4001.44,632.1,South,Bengaluru,Debit Card
ORD100975,2023-08-06,CUST01454,30.0,Female,Consumer,Clothing,Winter Jacket,419.83,2,0.15,713.71,217.01,North,Delhi,Cash on Delivery
ORD103719,2023-08-06,CUST01276,29.0,Male,Consumer,Beauty & Personal Care,Sunscreen SPF50,974.34,1,0.05,925.62,258.67,South,Kochi,Credit Card
ORD104490,2023-08-06,CUST01673,47.0,Female,Consumer,Beauty & Personal Care,Hair Dryer,538.71,1,0.1,484.84,114.12,West,Mumbai,UPI
ORD102000,2023-08-06,CUST00019,35.0,Male,Consumer,Electronics,Smartphone Case,6110.71,1,0.1,5499.64,1052.83,North,Chandigarh,Credit Card
ORD101652,2023-08-07,CUST00705,32.0,Male,Small Business,Books & Stationery,Planner Diary,264.15,3,0.1,713.2,144.39,West,Mumbai,UPI
ORD103625,2023-08-07,CUST01746,19.0,Female,Small Business,Clothing,Running Shoes,2055.15,2,0.25,3082.73,312.23,South,Hyderabad,UPI
ORD106423,2023-08-07,CUST00083,34.0,Male,Consumer,Beauty & Personal Care,Lipstick,272.14,3,0.0,816.42,164.08,South,Bengaluru,UPI
ORD105097,2023-08-07,CUST01081,35.0,Female,Consumer,Electronics,Wireless Earbuds,2927.33,2,0.1,5269.19,1792.14,South,Chennai,UPI
ORD106025,2023-08-07,CUST02090,27.0,Male,Corporate,Sports & Outdoors,Camping Tent,1177.25,1,0.1,1059.53,232.65,North,Jaipur,Credit Card
ORD105562,2023-08-08,CUST00527,46.0,Male,Corporate,Furniture,Study Table,7741.21,2,0.15,13160.06,1741.5,South,Bengaluru,Net Banking
ORD103363,2023-08-08,CUST00922,,Male,Consumer,Clothing,Winter Jacket,2251.81,1,0.2,1801.45,167.63,Central,Bhopal,Credit Card
ORD103049,2023-08-08,CUST01114,31.0,Male,Consumer,Beauty & Personal Care,Hair Dryer,1298.91,1,0.0,1298.91,434.98,South,Kochi,Cash on Delivery
ORD103372,2023-08-09,CUST01634,43.0,Female,Small Business,Clothing,Men's T-Shirt,2188.92,5,0.15,9302.91,1768.36,North,Lucknow,UPI
ORD106118,2023-08-09,CUST00523,44.0,Male,Consumer,Beauty & Personal Care,Trimmer,920.27,1,0.1,828.24,133.97,Central,Bhopal,UPI
ORD106460,2023-08-09,CUST01196,29.0,Female,Small Business,Electronics,Webcam,7282.21,1,0.1,6553.99,924.49,South,Bengaluru,UPI
ORD100224,2023-08-09,CUST01469,48.0,Female,Small Business,Clothing,Men's T-Shirt,1728.6,1,0.1,1555.74,538.94,West,Pune,Debit Card
ORD105790,2023-08-09,CUST00548,19.0,Female,Consumer,Home & Kitchen,Mixer Grinder,3092.46,3,0.05,8813.51,2619.59,Central,Bhopal,Net Banking
ORD102940,2023-08-09,CUST01121,41.0,Female,Corporate,Beauty & Personal Care,Sunscreen SPF50,825.43,1,0.2,660.34,6.2,South,Kochi,Cash on Delivery
ORD101812,2023-08-09,CUST02091,51.0,Female,Consumer,Home & Kitchen,Storage Rack,5434.52,1,0.05,5162.79,1137.17,Central,Bhopal,Credit Card
ORD103923,2023-08-10,CUST00114,32.0,Male,Consumer,Home & Kitchen,Storage Rack,4621.56,1,0.05,4390.48,1604.01,West,Ahmedabad,Credit Card
ORD105705,2023-08-10,CUST00808,52.0,Female,Corporate,Books & Stationery,Notebook Pack,418.05,1,0.25,313.54,71.19,West,Ahmedabad,UPI
ORD101118,2023-08-10,CUST00227,46.0,Male,Consumer,Home & Kitchen,Non-Stick Pan,5462.9,5,0.1,24583.05,3224.33,West,Surat,UPI
ORD102707,2023-08-10,CUST01823,41.0,Female,Corporate,Clothing,Sports Cap,583.76,1,0.0,583.76,203.46,North,Lucknow,Debit Card
ORD105737,2023-08-10,CUST01096,33.0,Female,Corporate,Home & Kitchen,Non-Stick Pan,3852.39,1,0.0,3852.39,863.02,Central,Nagpur,Cash on Delivery
ORD103699,2023-08-10,CUST02015,38.0,Male,Small Business,Electronics,Power Bank,6438.12,2,0.1,11588.62,3888.65,South,Hyderabad,Net Banking
ORD101144,2023-08-11,CUST00385,42.0,Female,Consumer,Clothing,Women's Jeans,1841.44,3,0.0,5524.32,1378.82,South,Chennai,Debit Card
ORD103065,2023-08-11,CUST01484,41.0,Female,Small Business,Home & Kitchen,Air Fryer,5546.38,1,0.05,5269.06,1816.7,Central,Bhopal,UPI
ORD105464,2023-08-11,CUST01565,26.0,Male,Consumer,Electronics,Bluetooth Speaker,5748.84,1,0.0,5748.84,2339.38,West,Pune,Cash on Delivery
ORD100911,2023-08-12,CUST01903,37.0,Female,Consumer,Electronics,Smartwatch,8037.15,1,0.0,8037.15,2973.94,West,Ahmedabad,UPI
ORD100926,2023-08-12,CUST00541,41.0,Female,Small Business,Beauty & Personal Care,Sunscreen SPF50,457.59,1,0.1,411.83,92.92,East,Patna,Debit Card
ORD103522,2023-08-12,CUST00473,39.0,Female,Corporate,Electronics,Webcam,1256.07,1,0.0,1256.07,282.95,South,Kochi,UPI
ORD103052,2023-08-12,CUST01871,28.0,Female,Consumer,Beauty & Personal Care,Perfume,1404.05,1,0.0,1404.05,398.1,South,Hyderabad,Credit Card
ORD106463,2023-08-12,CUST00673,26.0,Female,Consumer,Clothing,Sports Cap,1672.75,2,0.0,3345.5,1441.25,East,Patna,Credit Card
ORD106428,2023-08-12,CUST02088,34.0,Male,Consumer,Electronics,Bluetooth Speaker,5303.9,2,0.25,7955.85,1305.62,West,Surat,UPI
ORD105600,2023-08-12,CUST00127,18.0,Female,Corporate,Clothing,Winter Jacket,1988.0,1,0.05,1888.6,375.92,South,Chennai,Debit Card
ORD104005,2023-08-12,CUST00745,36.0,Male,Consumer,Books & Stationery,Desk Organizer,636.54,1,0.05,604.71,189.73,East,Kolkata,Debit Card
ORD102680,2023-08-12,CUST02097,68.0,Female,Consumer,Electronics,USB-C Cable,3176.04,5,0.1,14292.18,2065.09,South,Kochi,UPI
ORD105768,2023-08-12,CUST00659,40.0,Female,Small Business,Electronics,Smartwatch,7580.38,1,0.0,7580.38,2504.31,West,Ahmedabad,Credit Card
ORD105786,2023-08-13,CUST00531,33.0,Male,Small Business,Beauty & Personal Care,Hair Dryer,808.59,1,0.1,727.73,109.06,South,Bengaluru,Net Banking
ORD100638,2023-08-13,CUST01595,45.0,Male,Consumer,Clothing,Kids Hoodie,1765.89,2,0.0,3531.78,791.72,Central,Bhopal,Net Banking
ORD101936,2023-08-13,CUST00120,27.0,Female,Small Business,Beauty & Personal Care,Sunscreen SPF50,1600.78,1,0.1,1440.7,268.14,Central,Nagpur,UPI
ORD104530,2023-08-13,CUST02042,45.0,Female,Small Business,Electronics,Smartwatch,4651.51,2,0.05,8837.87,1904.77,East,Bhubaneswar,Cash on Delivery
ORD103367,2023-08-13,CUST00783,24.0,Female,Small Business,Clothing,Women's Jeans,1958.0,2,0.25,2937.0,445.93,East,Bhubaneswar,Credit Card
ORD106114,2023-08-13,CUST01641,37.0,Male,Consumer,Furniture,Coffee Table,6061.76,1,0.05,5758.67,2058.68,East,Bhubaneswar,UPI
ORD104599,2023-08-13,CUST00005,43.0,Male,Consumer,Home & Kitchen,Water Bottle,3390.4,2,0.2,5424.64,727.14,North,Jaipur,Cash on Delivery
ORD103144,2023-08-13,CUST00935,41.0,Male,Consumer,Home & Kitchen,Bedsheet Set,3386.05,1,0.1,3047.44,584.15,West,Mumbai,Cash on Delivery
ORD101412,2023-08-13,CUST01439,41.0,Male,Corporate,Home & Kitchen,LED Table Lamp,1245.76,1,0.15,1058.9,234.48,South,Hyderabad,Credit Card
ORD106313,2023-08-13,CUST00183,23.0,Other,Small Business,Electronics,USB-C Cable,7047.85,2,0.1,12686.13,3453.27,North,Delhi,UPI
ORD106440,2023-08-13,CUST00429,18.0,Male,Consumer,Home & Kitchen,LED Table Lamp,667.46,1,0.1,600.71,147.52,North,Jaipur,Debit Card
ORD101260,2023-08-13,CUST02090,27.0,Male,Corporate,Sports & Outdoors,Yoga Mat,6034.23,1,0.0,6034.23,1998.15,South,Kochi,Credit Card
ORD103120,2023-08-14,CUST00192,31.0,Female,Small Business,Books & Stationery,Notebook Pack,205.41,1,0.05,195.14,71.07,West,Surat,Cash on Delivery
ORD102617,2023-08-14,CUST01665,29.0,Male,Consumer,Clothing,Women's Jeans,425.66,2,0.1,766.19,284.96,East,Bhubaneswar,UPI
ORD100871,2023-08-14,CUST00782,52.0,Male,Consumer,Clothing,Formal Shirt,1189.73,1,0.15,1011.27,274.93,South,Bengaluru,Debit Card
ORD104031,2023-08-14,CUST01207,30.0,Female,Corporate,Furniture,Wardrobe,14128.24,2,0.25,21192.36,1473.44,East,Kolkata,UPI
ORD104680,2023-08-14,CUST00731,28.0,Female,Corporate,Clothing,Women's Jeans,650.72,5,0.0,3253.6,1073.54,South,Bengaluru,UPI
ORD102450,2023-08-14,CUST00768,38.0,Female,Small Business,Clothing,Women's Jeans,1963.38,1,0.0,1963.38,684.03,East,Bhubaneswar,UPI
ORD103346,2023-08-14,CUST00487,35.0,Female,Consumer,Clothing,Running Shoes,2661.44,1,0.2,2129.15,69.52,South,Kochi,Credit Card
ORD100309,2023-08-14,CUST01166,39.0,Female,Small Business,Electronics,Smartphone Case,7623.18,1,0.25,5717.38,686.81,West,Mumbai,UPI
ORD105802,2023-08-15,CUST00547,65.0,Male,Consumer,Clothing,Men's T-Shirt,2077.27,1,0.0,2077.27,770.7,East,Bhubaneswar,Cash on Delivery
ORD103073,2023-08-15,CUST00897,30.0,Male,Consumer,Home & Kitchen,Water Bottle,5878.43,3,0.05,16753.53,3552.12,East,Patna,Credit Card
ORD100061,2023-08-15,CUST00834,25.0,Male,Corporate,Sports & Outdoors,Cricket Bat,6049.46,1,0.15,5142.04,1604.32,East,Kolkata,Credit Card
ORD103974,2023-08-15,CUST01955,47.0,Female,Small Business,Electronics,Webcam,1664.57,1,0.05,1581.34,498.18,Central,Bhopal,Debit Card
ORD104130,2023-08-15,CUST00220,30.0,Male,Corporate,Sports & Outdoors,Camping Tent,3621.79,2,0.0,7243.58,2473.39,West,Ahmedabad,Credit Card
ORD102004,2023-08-15,CUST00885,38.0,Male,Small Business,Sports & Outdoors,Yoga Mat,1633.79,1,0.1,1470.41,371.41,North,Delhi,UPI
ORD103911,2023-08-15,CUST01961,18.0,Female,Consumer,Clothing,Formal Shirt,2101.29,2,0.1,3782.32,936.52,West,Surat,Debit Card
ORD102596,2023-08-15,CUST01872,33.0,Male,Consumer,Home & Kitchen,Bedsheet Set,4133.95,1,0.1,3720.56,1001.48,West,Mumbai,Debit Card
ORD103361,2023-08-15,CUST00743,29.0,Female,Consumer,Home & Kitchen,LED Table Lamp,3203.41,2,0.05,6086.48,2168.27,West,Pune,Debit Card
ORD103754,2023-08-15,CUST00499,32.0,Male,Consumer,Sports & Outdoors,Dumbbell Set,5163.21,1,0.2,4130.57,106.2,South,Kochi,UPI
ORD100992,2023-08-16,CUST01277,39.0,Male,Corporate,Beauty & Personal Care,Trimmer,502.23,1,0.0,502.23,108.13,North,Chandigarh,Net Banking
ORD101972,2023-08-16,CUST01402,34.0,Male,Corporate,Electronics,Webcam,5903.23,1,0.1,5312.91,747.42,South,Bengaluru,Net Banking
ORD100935,2023-08-16,CUST00258,43.0,Female,Small Business,Home & Kitchen,Ceramic Mug Set,3897.52,4,0.05,14810.58,2368.49,West,Ahmedabad,Debit Card
ORD101533,2023-08-16,CUST00403,32.0,Female,Small Business,Clothing,Formal Shirt,2605.5,1,0.0,2605.5,755.19,Central,Nagpur,Net Banking
ORD100527,2023-08-17,CUST01919,27.0,Male,Small Business,Electronics,Smartphone Case,3320.02,2,0.1,5976.04,1109.32,West,Mumbai,Debit Card
ORD102958,2023-08-17,CUST00974,27.0,Female,Corporate,Clothing,Sports Cap,2581.71,1,0.0,2581.71,1116.53,East,Bhubaneswar,Cash on Delivery
ORD101219,2023-08-17,CUST00006,38.0,Female,Consumer,Clothing,Kids Hoodie,1059.1,1,0.05,1006.14,267.39,North,Chandigarh,UPI
ORD103556,2023-08-17,CUST00012,26.0,Female,Corporate,Electronics,Laptop Stand,1266.57,4,0.15,4306.34,355.97,West,Ahmedabad,UPI
ORD105411,2023-08-17,CUST01606,35.0,Male,Consumer,Electronics,Laptop Stand,2280.75,1,0.1,2052.68,233.6,West,Mumbai,UPI
ORD101596,2023-08-17,CUST00980,59.0,Male,Consumer,Electronics,Wireless Earbuds,8004.39,1,0.0,8004.39,3214.97,West,Surat,Credit Card
ORD100940,2023-08-17,CUST01350,45.0,Female,Corporate,Clothing,Sports Cap,2880.32,3,0.0,8640.96,1847.4,West,Ahmedabad,UPI
ORD104839,2023-08-17,CUST00825,34.0,Female,Corporate,Beauty & Personal Care,Perfume,398.05,2,0.0,796.1,222.16,West,Mumbai,UPI
ORD106346,2023-08-17,CUST00920,34.0,Other,Corporate,Home & Kitchen,Storage Rack,5488.87,1,0.05,5214.43,1365.89,East,Kolkata,Debit Card
ORD101208,2023-08-17,CUST01985,35.0,Other,Small Business,Clothing,Formal Shirt,2859.84,1,0.0,2859.84,615.54,North,Jaipur,Credit Card
ORD102316,2023-08-18,CUST00761,24.0,Female,Corporate,Beauty & Personal Care,Lipstick,552.45,2,0.1,994.41,325.6,East,Patna,UPI
ORD105493,2023-08-18,CUST01006,54.0,Female,Small Business,Clothing,Sports Cap,818.19,1,0.0,818.19,208.27,West,Surat,UPI
ORD105645,2023-08-18,CUST00766,18.0,Male,Consumer,Home & Kitchen,LED Table Lamp,5329.1,1,0.25,3996.82,742.95,South,Kochi,UPI
ORD105558,2023-08-18,CUST00957,35.0,Male,Consumer,Home & Kitchen,Water Bottle,4699.57,1,0.0,4699.57,1092.97,West,Pune,UPI
ORD101563,2023-08-18,CUST01211,29.0,Male,Consumer,Clothing,Formal Shirt,1972.28,3,0.2,4733.47,736.69,West,Surat,UPI
ORD101227,2023-08-18,CUST00483,34.0,Male,Corporate,Beauty & Personal Care,Perfume,327.69,2,0.15,557.07,100.96,South,Kochi,Cash on Delivery
ORD102771,2023-08-18,CUST01948,42.0,Female,Corporate,Clothing,Formal Shirt,665.63,1,0.2,532.5,88.07,East,Patna,UPI
ORD104077,2023-08-19,CUST00505,43.0,Female,Consumer,Electronics,USB-C Cable,6436.73,2,0.0,12873.46,3877.37,North,Jaipur,UPI
ORD103460,2023-08-19,CUST01200,28.0,Male,Consumer,Clothing,Men's T-Shirt,2541.74,1,0.2,2033.39,426.34,West,Surat,Cash on Delivery
ORD105189,2023-08-19,CUST01788,45.0,Male,Small Business,Electronics,Bluetooth Speaker,7493.64,2,0.0,14987.28,4510.56,Central,Raipur,Debit Card
ORD102375,2023-08-19,CUST02013,48.0,Male,Corporate,Clothing,Winter Jacket,2868.82,1,0.05,2725.38,817.28,West,Ahmedabad,UPI
ORD102607,2023-08-19,CUST02096,31.0,Female,Small Business,Home & Kitchen,Water Bottle,5472.97,1,0.1,4925.67,1839.69,North,Jaipur,Net Banking
ORD103035,2023-08-19,CUST00631,30.0,Female,Consumer,Books & Stationery,Sketch Pens,603.61,1,0.0,603.61,225.38,West,Ahmedabad,Debit Card
ORD102480,2023-08-19,CUST02056,42.0,Male,Consumer,Electronics,Webcam,8805.42,1,0.0,8805.42,3211.82,West,Surat,Debit Card
ORD103972,2023-08-19,CUST00596,25.0,Male,Consumer,Furniture,Bookshelf,14603.71,2,0.0,29207.42,11616.75,North,Delhi,Credit Card
ORD105057,2023-08-20,CUST00404,48.0,Female,Consumer,Sports & Outdoors,Yoga Mat,588.76,1,0.15,500.45,71.04,West,Ahmedabad,Debit Card
ORD100617,2023-08-20,CUST00485,53.0,Male,Consumer,Electronics,Laptop Stand,5039.52,1,0.0,5039.52,1956.63,South,Bengaluru,Cash on Delivery
ORD102108,2023-08-20,CUST00829,43.0,Female,Consumer,Sports & Outdoors,Yoga Mat,1770.7,1,0.05,1682.16,616.29,West,Pune,Credit Card
ORD102285,2023-08-20,CUST00216,18.0,Female,Consumer,Beauty & Personal Care,Face Wash,457.31,1,0.05,434.44,111.59,East,Bhubaneswar,Debit Card
ORD103707,2023-08-20,CUST01885,34.0,Female,Consumer,Electronics,Bluetooth Speaker,5483.62,3,0.15,13983.23,1390.29,South,Bengaluru,Net Banking
ORD106314,2023-08-20,CUST00526,32.0,Female,Consumer,Books & Stationery,Notebook Pack,249.63,1,0.15,212.19,36.11,South,Hyderabad,Credit Card
ORD100492,2023-08-20,CUST00421,39.0,Male,Consumer,Electronics,Wireless Earbuds,4261.82,2,0.1,7671.28,1149.0,North,Lucknow,Cash on Delivery
ORD101358,2023-08-20,CUST01693,28.0,Female,Consumer,Clothing,Summer Dress,730.58,1,0.05,694.05,128.86,North,Jaipur,Net Banking
ORD104310,2023-08-20,CUST01106,31.0,Female,Corporate,Electronics,Smartwatch,5940.49,4,0.15,20197.67,5617.28,North,Lucknow,UPI
ORD103482,2023-08-20,CUST01925,38.0,Female,Consumer,Beauty & Personal Care,Face Wash,1218.93,1,0.05,1157.98,473.16,Central,Raipur,Cash on Delivery
ORD106395,2023-08-21,CUST00807,18.0,Female,Corporate,Beauty & Personal Care,Hair Dryer,250.99,1,0.0,250.99,67.23,Central,Bhopal,Debit Card
ORD100601,2023-08-21,CUST00000,30.0,Male,Consumer,Beauty & Personal Care,Hair Dryer,610.85,3,0.25,1374.41,-37.63,East,Kolkata,UPI
ORD103530,2023-08-21,CUST00072,24.0,Male,Consumer,Home & Kitchen,LED Table Lamp,5702.51,1,0.1,5132.26,761.2,South,Bengaluru,UPI
ORD105316,2023-08-21,CUST00232,18.0,Female,Consumer,Furniture,Bookshelf,2648.59,1,0.05,2516.16,785.81,South,Chennai,Debit Card
ORD102525,2023-08-21,CUST00480,20.0,Male,Consumer,Furniture,Coffee Table,14864.11,1,0.25,11148.08,1175.54,South,Bengaluru,Cash on Delivery
ORD100149,2023-08-21,CUST02044,28.0,Female,Consumer,Books & Stationery,Desk Organizer,270.0,1,0.1,243.0,88.04,South,Kochi,Debit Card
ORD103603,2023-08-21,CUST01831,53.0,Male,Consumer,Electronics,Wireless Earbuds,8269.93,1,0.1,7442.94,2719.38,North,Chandigarh,UPI
ORD103034,2023-08-21,CUST01222,21.0,Male,Consumer,Clothing,Summer Dress,1502.95,1,0.1,1352.66,151.73,West,Pune,UPI
ORD105321,2023-08-22,CUST00230,18.0,Female,Consumer,Beauty & Personal Care,Perfume,1514.35,2,0.0,3028.7,926.41,South,Hyderabad,UPI
ORD105563,2023-08-22,CUST00266,35.0,Female,Corporate,Home & Kitchen,Storage Rack,5247.34,3,0.1,14167.82,3150.96,South,Bengaluru,Cash on Delivery
ORD102176,2023-08-22,CUST01231,18.0,Male,Consumer,Home & Kitchen,Air Fryer,2090.96,1,0.1,1881.86,545.35,Central,Nagpur,Cash on Delivery
ORD106388,2023-08-22,CUST00945,18.0,Male,Corporate,Electronics,Wireless Earbuds,7999.39,1,0.0,7999.39,3253.24,South,Kochi,UPI
ORD100323,2023-08-23,CUST00825,34.0,Female,Corporate,Beauty & Personal Care,Perfume,576.53,3,0.0,1729.59,668.65,West,Mumbai,Debit Card
ORD102206,2023-08-23,CUST01823,41.0,Female,Corporate,Electronics,Power Bank,4967.26,1,0.0,4967.26,1070.68,South,Bengaluru,Cash on Delivery
ORD104435,2023-08-23,CUST00521,51.0,Female,Consumer,Home & Kitchen,LED Table Lamp,4899.3,1,0.1,4409.37,1573.47,West,Pune,Credit Card
ORD100064,2023-08-23,CUST00805,25.0,Male,Corporate,Clothing,Women's Jeans,794.35,1,0.15,675.2,153.05,West,Ahmedabad,UPI
ORD100236,2023-08-23,CUST01425,46.0,Female,Consumer,Clothing,Summer Dress,1591.5,1,0.0,1591.5,406.58,Central,Bhopal,UPI
ORD100687,2023-08-23,CUST00565,18.0,Female,Consumer,Beauty & Personal Care,Perfume,685.06,1,0.1,616.55,122.24,West,Ahmedabad,Debit Card
ORD102291,2023-08-23,CUST01859,27.0,Male,Consumer,Books & Stationery,Planner Diary,961.59,1,0.2,769.27,130.67,North,Lucknow,Cash on Delivery
ORD104330,2023-08-23,CUST01266,18.0,Male,Consumer,Home & Kitchen,LED Table Lamp,4130.79,3,0.1,11153.13,3730.01,North,Delhi,UPI
ORD105119,2023-08-24,CUST01921,32.0,Female,Corporate,Electronics,Smartwatch,3355.43,1,0.1,3019.89,510.93,South,Kochi,UPI
ORD100487,2023-08-24,CUST01789,19.0,Male,Small Business,Sports & Outdoors,Camping Tent,2987.05,2,0.2,4779.28,1456.13,South,Bengaluru,Cash on Delivery
ORD102217,2023-08-24,CUST00087,38.0,Female,Consumer,Electronics,Wireless Earbuds,8924.96,1,0.15,7586.22,2128.36,South,Hyderabad,UPI
ORD102567,2023-08-24,CUST01909,47.0,Female,Consumer,Clothing,Kids Hoodie,1684.36,1,0.0,1684.36,512.39,West,Surat,UPI
ORD105939,2023-08-24,CUST02057,23.0,Female,Consumer,Clothing,Women's Jeans,1133.44,1,0.2,906.75,85.49,East,Kolkata,Net Banking
ORD100379,2023-08-24,CUST00936,29.0,Male,Corporate,Home & Kitchen,Non-Stick Pan,4258.76,2,0.15,7239.89,675.85,Central,Bhopal,UPI
ORD105290,2023-08-24,CUST01709,21.0,Female,Consumer,Electronics,Wireless Earbuds,4421.35,3,0.0,13264.05,3929.49,South,Chennai,Cash on Delivery
ORD103708,2023-08-24,CUST00040,28.0,Female,Consumer,Home & Kitchen,Mixer Grinder,5734.5,1,0.0,5734.5,2361.61,West,Ahmedabad,Cash on Delivery
ORD105813,2023-08-24,CUST01995,24.0,Female,Consumer,Beauty & Personal Care,Sunscreen SPF50,1758.63,1,0.0,1758.63,729.08,South,Kochi,Debit Card
ORD103675,2023-08-24,CUST01078,21.0,Female,Small Business,Sports & Outdoors,Cycling Helmet,3560.16,1,0.2,2848.13,191.57,East,Kolkata,Debit Card
ORD102868,2023-08-25,CUST00515,,Female,Consumer,Home & Kitchen,LED Table Lamp,4747.65,1,0.1,4272.88,1656.11,North,Lucknow,UPI
ORD105199,2023-08-25,CUST00018,43.0,Male,Corporate,Electronics,Bluetooth Speaker,6282.69,1,0.0,6282.69,1302.3,North,Lucknow,UPI
ORD101999,2023-08-25,CUST01653,32.0,Male,Corporate,Books & Stationery,Desk Organizer,596.14,1,0.2,476.91,20.18,North,Jaipur,UPI
ORD100386,2023-08-25,CUST02065,34.0,Male,Corporate,Clothing,Men's T-Shirt,1675.07,2,0.0,3350.14,1040.79,North,Chandigarh,Cash on Delivery
ORD105320,2023-08-25,CUST01088,24.0,Male,Consumer,Beauty & Personal Care,Sunscreen SPF50,1967.18,5,0.15,8360.52,887.23,Central,Raipur,Debit Card
ORD102861,2023-08-25,CUST01471,27.0,Female,Small Business,Sports & Outdoors,Cricket Bat,6827.39,2,0.05,12972.04,4634.51,West,Pune,Cash on Delivery
ORD102897,2023-08-25,CUST00959,30.0,Female,Small Business,Electronics,Webcam,7680.97,2,0.05,14593.84,5494.36,Central,Raipur,Credit Card
ORD100656,2023-08-26,CUST01510,38.0,Female,Corporate,Clothing,Sports Cap,838.05,1,0.1,754.24,84.38,North,Jaipur,Cash on Delivery
ORD104543,2023-08-26,CUST00478,38.0,Male,Consumer,Home & Kitchen,Storage Rack,2107.52,1,0.1,1896.77,353.91,West,Ahmedabad,Cash on Delivery
ORD102598,2023-08-26,CUST01120,39.0,Female,Small Business,Clothing,Summer Dress,414.7,1,0.25,311.02,65.02,North,Jaipur,UPI
ORD104820,2023-08-26,CUST02089,40.0,Male,Corporate,Books & Stationery,Desk Organizer,938.57,1,0.0,938.57,248.57,West,Pune,Cash on Delivery
ORD101526,2023-08-27,CUST01506,29.0,Male,Consumer,Clothing,Kids Hoodie,2119.5,2,0.0,4239.0,1000.57,West,Pune,Cash on Delivery
ORD105918,2023-08-27,CUST00105,39.0,Male,Corporate,Sports & Outdoors,Cycling Helmet,4668.21,1,0.0,4668.21,1104.73,East,Bhubaneswar,Debit Card
ORD100144,2023-08-27,CUST00539,18.0,Female,Consumer,Electronics,Power Bank,7270.38,1,0.0,7270.38,2934.37,West,Surat,UPI
ORD106129,2023-08-27,CUST00932,63.0,Female,Corporate,Sports & Outdoors,Yoga Mat,5621.0,1,0.0,5621.0,1194.9,West,Pune,Cash on Delivery
ORD100669,2023-08-27,CUST00182,25.0,Female,Consumer,Home & Kitchen,Mixer Grinder,1834.99,2,0.05,3486.48,1100.17,South,Hyderabad,Cash on Delivery
ORD105114,2023-08-27,CUST00448,23.0,Male,Consumer,Home & Kitchen,Mixer Grinder,2913.51,1,0.05,2767.83,900.79,West,Surat,Cash on Delivery
ORD104197,2023-08-27,CUST00952,,Male,Small Business,Beauty & Personal Care,Sunscreen SPF50,950.27,1,0.0,950.27,202.89,East,Kolkata,Cash on Delivery
ORD103500,2023-08-28,CUST01311,,Male,Corporate,Beauty & Personal Care,Hair Dryer,1577.98,2,0.25,2366.97,443.73,South,Bengaluru,UPI
ORD102490,2023-08-28,CUST01623,32.0,Female,Corporate,Clothing,Sports Cap,1290.33,2,0.2,2064.53,463.03,Central,Bhopal,UPI
ORD101850,2023-08-28,CUST00353,46.0,Female,Consumer,Clothing,Running Shoes,1251.31,2,0.25,1876.96,-50.36,South,Chennai,Debit Card
ORD100288,2023-08-28,CUST02028,29.0,Female,Corporate,Clothing,Women's Jeans,2609.19,1,0.15,2217.81,666.89,North,Lucknow,Credit Card
ORD106339,2023-08-28,CUST00711,49.0,Male,Consumer,Beauty & Personal Care,Hair Dryer,359.76,2,0.2,575.62,83.94,North,Chandigarh,UPI
ORD105671,2023-08-28,CUST01411,41.0,Female,Consumer,Electronics,Smartphone Case,7599.96,1,0.1,6839.96,972.89,South,Hyderabad,UPI
ORD103020,2023-08-28,CUST00285,28.0,Female,Corporate,Clothing,Kids Hoodie,304.01,2,0.05,577.62,176.34,West,Ahmedabad,Credit Card
ORD100466,2023-08-28,CUST02063,18.0,Female,Consumer,Beauty & Personal Care,Perfume,1585.71,1,0.1,1427.14,505.78,East,Bhubaneswar,UPI
ORD103607,2023-08-28,CUST00601,31.0,Male,Consumer,Books & Stationery,Fiction Novel,630.63,1,0.1,567.57,71.64,North,Delhi,Credit Card
ORD104505,2023-08-28,CUST02081,50.0,Female,Corporate,Home & Kitchen,Air Fryer,2942.05,1,0.15,2500.74,276.68,West,Ahmedabad,UPI
ORD101169,2023-08-29,CUST01059,25.0,Female,Consumer,Sports & Outdoors,Cycling Helmet,2697.78,2,0.1,4856.0,1626.43,South,Kochi,Debit Card
ORD105352,2023-08-29,CUST00682,63.0,Female,Corporate,Beauty & Personal Care,Sunscreen SPF50,1897.78,1,0.05,1802.89,709.27,North,Lucknow,UPI
ORD104561,2023-08-29,CUST00625,20.0,Female,Small Business,Clothing,Kids Hoodie,2676.76,1,0.0,2676.76,1106.77,South,Chennai,Credit Card
ORD101069,2023-08-29,CUST01599,47.0,Female,Consumer,Clothing,Sports Cap,2007.25,1,0.1,1806.52,239.34,North,Lucknow,Net Banking
ORD102675,2023-08-29,CUST00791,18.0,Male,Consumer,Electronics,Power Bank,1049.64,1,0.15,892.19,67.16,South,Bengaluru,Net Banking
ORD103053,2023-08-29,CUST00802,46.0,Female,Corporate,Electronics,Smartwatch,1721.31,1,0.15,1463.11,398.73,West,Ahmedabad,Debit Card
ORD102094,2023-08-29,CUST00210,28.0,Male,Corporate,Books & Stationery,Planner Diary,917.12,1,0.25,687.84,165.85,South,Kochi,Net Banking
ORD103011,2023-08-29,CUST00412,20.0,Female,Corporate,Clothing,Men's T-Shirt,749.06,1,0.0,749.06,279.7,Central,Raipur,UPI
ORD100964,2023-08-30,CUST00797,34.0,Female,Consumer,Clothing,Winter Jacket,1122.14,2,0.05,2132.07,828.12,North,Chandigarh,Credit Card
ORD104502,2023-08-30,CUST01503,38.0,Female,Small Business,Clothing,Running Shoes,2939.91,4,0.05,11171.66,2291.59,South,Bengaluru,UPI
ORD103763,2023-08-30,CUST00564,34.0,Male,Corporate,Books & Stationery,Planner Diary,866.46,1,0.15,736.49,183.93,North,Chandigarh,UPI
ORD100696,2023-08-30,CUST00534,33.0,Male,Consumer,Beauty & Personal Care,Lipstick,1172.35,1,0.0,1172.35,390.9,North,Jaipur,Net Banking
ORD102433,2023-08-30,CUST00706,21.0,Female,Small Business,Clothing,Sports Cap,1434.84,1,0.0,1434.84,306.37,West,Surat,UPI
ORD102424,2023-08-31,CUST00219,52.0,Female,Consumer,Clothing,Kids Hoodie,1982.54,1,0.15,1685.16,289.73,West,Surat,Credit Card
ORD105974,2023-08-31,CUST01100,18.0,Female,Consumer,Beauty & Personal Care,Trimmer,338.9,3,0.0,1016.7,210.22,South,Chennai,UPI
ORD104041,2023-08-31,CUST00604,32.0,Male,Corporate,Books & Stationery,Notebook Pack,475.63,1,0.0,475.63,147.36,Central,Nagpur,UPI
ORD105450,2023-08-31,CUST01923,21.0,Male,Consumer,Sports & Outdoors,Cricket Bat,5206.84,1,0.15,4425.81,529.98,South,Bengaluru,Debit Card
ORD102833,2023-08-31,CUST01902,21.0,Female,Consumer,Sports & Outdoors,Cricket Bat,5119.63,1,0.15,4351.69,921.7,East,Bhubaneswar,UPI
ORD104821,2023-08-31,CUST01308,35.0,Other,Corporate,Clothing,Women's Jeans,1166.57,1,0.0,1166.57,461.65,East,Patna,UPI
ORD103181,2023-08-31,CUST01043,38.0,Female,Corporate,Clothing,Summer Dress,1795.96,2,0.1,3232.73,670.53,North,Delhi,Credit Card
ORD105266,2023-09-01,CUST01143,39.0,Male,Consumer,Clothing,Sports Cap,2005.75,1,0.0,2005.75,549.83,East,Patna,Cash on Delivery
ORD102755,2023-09-01,CUST00293,21.0,Female,Small Business,Clothing,Summer Dress,2060.84,1,0.05,1957.8,327.5,Central,Raipur,Cash on Delivery
ORD102998,2023-09-01,CUST00959,30.0,Female,Small Business,Sports & Outdoors,Football,4291.55,3,0.05,12230.92,2081.35,North,Lucknow,UPI
ORD100110,2023-09-01,CUST01348,18.0,Female,Consumer,Home & Kitchen,Storage Rack,5282.29,2,0.25,7923.44,26.13,West,Surat,Cash on Delivery
ORD104962,2023-09-02,CUST00760,25.0,Male,Consumer,Clothing,Kids Hoodie,1024.13,2,0.05,1945.85,497.81,East,Patna,UPI
ORD103159,2023-09-02,CUST00375,39.0,Female,Consumer,Electronics,Webcam,3033.9,3,0.15,7736.45,718.71,South,Hyderabad,UPI
ORD101269,2023-09-02,CUST00972,36.0,Female,Consumer,Home & Kitchen,LED Table Lamp,3498.99,1,0.0,3498.99,1544.42,West,Mumbai,UPI
ORD103638,2023-09-02,CUST00360,35.0,Female,Consumer,Home & Kitchen,Air Fryer,5097.37,1,0.0,5097.37,1643.85,West,Surat,Debit Card
ORD100022,2023-09-02,CUST00897,30.0,Male,Consumer,Clothing,Men's T-Shirt,2200.22,2,0.2,3520.35,1042.18,North,Jaipur,Net Banking
ORD105699,2023-09-02,CUST00441,41.0,Male,Consumer,Home & Kitchen,Bedsheet Set,4000.35,1,0.0,4000.35,1141.36,North,Lucknow,Cash on Delivery
ORD102208,2023-09-02,CUST01989,29.0,Female,Corporate,Home & Kitchen,Non-Stick Pan,466.21,1,0.0,466.21,193.28,East,Bhubaneswar,Credit Card
ORD104783,2023-09-02,CUST00329,49.0,Female,Corporate,Clothing,Kids Hoodie,1397.21,1,0.0,1397.21,415.26,South,Bengaluru,UPI
ORD100019,2023-09-02,CUST01772,33.0,Female,Consumer,Home & Kitchen,Storage Rack,908.07,2,0.0,1816.14,673.0,Central,Bhopal,Credit Card
ORD105529,2023-09-03,CUST01539,23.0,Male,Small Business,Electronics,Smartwatch,972.82,1,0.0,972.82,226.85,West,Mumbai,Debit Card
ORD101829,2023-09-03,CUST00204,28.0,Female,Small Business,Sports & Outdoors,Cricket Bat,4610.75,1,0.25,3458.06,669.73,East,Kolkata,UPI
ORD100896,2023-09-03,CUST01847,46.0,Male,Consumer,Electronics,Laptop Stand,6060.0,1,0.25,4545.0,989.14,West,Pune,Debit Card
ORD105481,2023-09-03,CUST00437,42.0,Male,Corporate,Home & Kitchen,Ceramic Mug Set,1689.64,1,0.1,1520.68,448.57,South,Chennai,UPI
ORD102303,2023-09-03,CUST01767,38.0,Female,Small Business,Sports & Outdoors,Football,3858.12,1,0.05,3665.21,812.58,East,Bhubaneswar,Debit Card
ORD100269,2023-09-03,CUST00701,34.0,Female,Small Business,Furniture,Bean Bag,12583.56,2,0.0,25167.12,10611.34,North,Chandigarh,Debit Card
ORD102709,2023-09-03,CUST01014,28.0,Female,Corporate,Electronics,Smartphone Case,7474.15,1,0.15,6353.03,1968.64,South,Kochi,Credit Card
ORD100416,2023-09-03,CUST02040,54.0,Male,Consumer,Electronics,Power Bank,8601.63,1,0.1,7741.47,1287.17,West,Ahmedabad,Cash on Delivery
ORD104120,2023-09-03,CUST00055,29.0,Female,Consumer,Electronics,USB-C Cable,3733.17,5,0.05,17732.56,5438.82,West,Ahmedabad,Debit Card
ORD100916,2023-09-04,CUST01408,26.0,Male,Corporate,Electronics,Smartwatch,1146.26,5,0.2,4585.04,912.42,West,Surat,Net Banking
ORD105700,2023-09-04,CUST01367,41.0,Female,Small Business,Beauty & Personal Care,Trimmer,1966.69,1,0.15,1671.69,306.04,Central,Bhopal,UPI
ORD100250,2023-09-04,CUST01208,32.0,Female,Small Business,Electronics,Smartphone Case,6326.38,1,0.0,6326.38,1952.66,North,Lucknow,Credit Card
ORD104060,2023-09-04,CUST01080,29.0,Female,Consumer,Clothing,Women's Jeans,800.58,3,0.15,2041.48,196.69,East,Kolkata,Credit Card
ORD102532,2023-09-04,CUST01003,18.0,Male,Corporate,Electronics,USB-C Cable,4875.54,1,0.05,4631.76,1611.81,Central,Raipur,UPI
ORD102362,2023-09-04,CUST00940,24.0,Female,Consumer,Beauty & Personal Care,Perfume,401.5,2,0.0,803.0,343.65,South,Kochi,UPI
ORD104104,2023-09-05,CUST01838,36.0,Female,Consumer,Beauty & Personal Care,Lipstick,236.72,2,0.2,378.75,71.27,Central,Nagpur,UPI
ORD103800,2023-09-05,CUST00713,27.0,Male,Consumer,Clothing,Sports Cap,2282.48,2,0.2,3651.97,985.04,Central,Raipur,Credit Card
ORD104295,2023-09-05,CUST01045,35.0,Male,Consumer,Home & Kitchen,Water Bottle,1876.08,2,0.0,3752.16,1075.52,North,Lucknow,Credit Card
ORD102665,2023-09-05,CUST00955,37.0,Male,Consumer,Electronics,Bluetooth Speaker,4969.38,1,0.0,4969.38,1155.24,East,Bhubaneswar,Debit Card
ORD102565,2023-09-05,CUST01695,54.0,Male,Consumer,Clothing,Formal Shirt,2923.54,1,0.0,2923.54,931.73,North,Delhi,UPI
ORD104128,2023-09-05,CUST01795,27.0,Other,Consumer,Electronics,USB-C Cable,6703.8,1,0.25,5027.85,42.33,South,Chennai,Credit Card
ORD101816,2023-09-05,CUST01703,29.0,Male,Small Business,Electronics,Laptop Stand,4008.77,4,0.1,14431.57,2277.0,East,Bhubaneswar,UPI
ORD101070,2023-09-05,CUST01208,32.0,Female,Small Business,Sports & Outdoors,Cycling Helmet,2153.42,1,0.05,2045.75,593.15,South,Hyderabad,Debit Card
ORD102942,2023-09-06,CUST01846,55.0,Female,Consumer,Clothing,Women's Jeans,643.88,1,0.25,482.91,-27.59,South,Chennai,Debit Card
ORD104396,2023-09-06,CUST01663,41.0,Female,Corporate,Clothing,Winter Jacket,1279.65,1,0.0,1279.65,395.21,North,Delhi,Credit Card
ORD101878,2023-09-06,CUST02074,35.0,Male,Consumer,Clothing,Winter Jacket,2031.59,2,0.0,4063.18,831.5,South,Chennai,Credit Card
ORD104793,2023-09-06,CUST01011,27.0,Male,Consumer,Beauty & Personal Care,Lipstick,1377.21,3,0.0,4131.63,861.72,East,Patna,UPI
ORD103060,2023-09-06,CUST01478,33.0,Male,Corporate,Beauty & Personal Care,Sunscreen SPF50,635.8,2,0.1,1144.44,209.05,North,Chandigarh,Credit Card
ORD100967,2023-09-06,CUST01825,46.0,Female,Small Business,Electronics,Laptop Stand,1668.16,1,0.0,1668.16,634.21,South,Bengaluru,UPI
ORD106187,2023-09-06,CUST01113,37.0,Male,Consumer,Beauty & Personal Care,Lipstick,352.99,2,0.2,564.78,73.16,East,Bhubaneswar,Cash on Delivery
ORD104018,2023-09-06,CUST00499,32.0,Male,Consumer,Books & Stationery,Fiction Novel,108.46,1,0.05,103.04,34.35,West,Surat,Debit Card
ORD101803,2023-09-06,CUST01394,30.0,Male,Corporate,Clothing,Formal Shirt,2564.15,1,0.25,1923.11,236.16,North,Lucknow,Net Banking
ORD101021,2023-09-06,CUST01757,31.0,Female,Corporate,Clothing,Women's Jeans,2952.67,3,0.25,6643.51,-180.09,South,Kochi,Net Banking
ORD102228,2023-09-06,CUST00748,47.0,Male,Consumer,Electronics,Laptop Stand,2921.47,1,0.05,2775.4,860.62,East,Bhubaneswar,Credit Card
ORD104897,2023-09-07,CUST02028,29.0,Female,Corporate,Sports & Outdoors,Cricket Bat,3118.3,1,0.0,3118.3,1073.07,South,Hyderabad,Credit Card
ORD104683,2023-09-07,CUST01118,27.0,Other,Consumer,Sports & Outdoors,Football,5111.22,1,0.1,4600.1,706.65,East,Kolkata,Cash on Delivery
ORD105272,2023-09-07,CUST00731,28.0,Female,Corporate,Books & Stationery,Notebook Pack,749.97,1,0.0,749.97,175.56,West,Mumbai,UPI
ORD104794,2023-09-07,CUST01384,51.0,Female,Consumer,Beauty & Personal Care,Face Wash,481.18,1,0.2,384.94,26.49,West,Mumbai,UPI
ORD102640,2023-09-07,CUST00940,24.0,Female,Consumer,Clothing,Summer Dress,606.36,1,0.1,545.72,205.1,North,Jaipur,UPI
ORD101974,2023-09-07,CUST01898,46.0,Female,Consumer,Books & Stationery,Notebook Pack,208.27,2,0.0,416.54,182.39,North,Chandigarh,Credit Card
ORD103765,2023-09-08,CUST01535,,Male,Consumer,Furniture,Coffee Table,2113.91,2,0.2,3382.26,509.14,West,Ahmedabad,Debit Card
ORD106127,2023-09-08,CUST01888,30.0,Female,Consumer,Clothing,Kids Hoodie,2134.84,1,0.05,2028.1,370.09,North,Jaipur,Cash on Delivery
ORD104874,2023-09-08,CUST00184,31.0,Male,Small Business,Clothing,Summer Dress,2766.53,3,0.1,7469.63,899.91,East,Kolkata,Cash on Delivery
ORD106491,2023-09-08,CUST01239,53.0,Female,Consumer,Clothing,Winter Jacket,1476.63,1,0.05,1402.8,547.25,East,Kolkata,UPI
ORD102715,2023-09-08,CUST01473,53.0,Female,Corporate,Electronics,Smartwatch,4148.86,1,0.25,3111.64,1.67,West,Mumbai,Debit Card
ORD103533,2023-09-08,CUST00421,39.0,Male,Consumer,Furniture,Coffee Table,11174.36,2,0.0,22348.72,8292.51,East,Kolkata,Net Banking
ORD105800,2023-09-08,CUST00808,52.0,Female,Corporate,Electronics,Smartwatch,3012.8,1,0.15,2560.88,487.36,North,Jaipur,UPI
ORD105220,2023-09-08,CUST00167,23.0,Female,Consumer,Electronics,Laptop Stand,5819.47,1,0.05,5528.5,2182.23,South,Hyderabad,Debit Card
ORD102522,2023-09-08,CUST01095,33.0,Male,Consumer,Home & Kitchen,Non-Stick Pan,2104.15,1,0.15,1788.53,550.34,South,Bengaluru,UPI
ORD102229,2023-09-08,CUST01604,52.0,Male,Consumer,Beauty & Personal Care,Hair Dryer,1653.38,1,0.05,1570.71,582.01,West,Surat,Debit Card
ORD102557,2023-09-08,CUST00933,40.0,Male,Corporate,Furniture,Bean Bag,3238.73,1,0.0,3238.73,1021.06,South,Chennai,UPI
ORD102226,2023-09-09,CUST01446,57.0,Male,Consumer,Clothing,Winter Jacket,1404.78,2,0.25,2107.17,-42.01,East,Patna,Credit Card
ORD101188,2023-09-09,CUST01078,21.0,Female,Small Business,Sports & Outdoors,Cricket Bat,1496.31,1,0.15,1271.86,324.64,East,Bhubaneswar,Net Banking
ORD105715,2023-09-09,CUST01346,35.0,Male,Consumer,Clothing,Kids Hoodie,2192.28,1,0.05,2082.67,703.94,South,Bengaluru,UPI
ORD106161,2023-09-09,CUST00173,37.0,Male,Corporate,Clothing,Winter Jacket,1225.03,2,0.1,2205.05,453.74,East,Patna,UPI
ORD100143,2023-09-09,CUST01555,36.0,Male,Corporate,Home & Kitchen,Ceramic Mug Set,2547.38,1,0.0,2547.38,561.5,West,Pune,Credit Card
ORD100741,2023-09-09,CUST01306,18.0,Female,Corporate,Clothing,Sports Cap,1647.15,2,0.1,2964.87,668.79,South,Hyderabad,Net Banking
ORD105155,2023-09-09,CUST00087,38.0,Female,Consumer,Clothing,Kids Hoodie,451.13,1,0.0,451.13,167.8,South,Chennai,Credit Card
ORD103162,2023-09-09,CUST01287,37.0,Female,Consumer,Books & Stationery,Fiction Novel,318.12,1,0.1,286.31,62.85,North,Chandigarh,Cash on Delivery
ORD102919,2023-09-10,CUST00400,46.0,Female,Small Business,Electronics,Smartwatch,3544.19,3,0.1,9569.31,1329.34,West,Mumbai,Debit Card
ORD105030,2023-09-10,CUST00075,28.0,Female,Consumer,Clothing,Men's T-Shirt,544.75,1,0.15,463.04,152.63,East,Patna,UPI
ORD103548,2023-09-10,CUST00296,44.0,Male,Consumer,Clothing,Summer Dress,2145.83,1,0.05,2038.54,338.19,North,Lucknow,Debit Card
ORD102725,2023-09-10,CUST01394,,Male,Corporate,Clothing,Kids Hoodie,1742.2,1,0.1,1567.98,606.11,North,Chandigarh,UPI
ORD102445,2023-09-10,CUST00930,34.0,Male,Consumer,Clothing,Formal Shirt,1302.19,1,0.0,1302.19,499.62,East,Bhubaneswar,Credit Card
ORD104618,2023-09-10,CUST00841,47.0,Female,Consumer,Electronics,Smartwatch,4955.17,1,0.2,3964.14,937.02,West,Surat,Credit Card
ORD106268,2023-09-10,CUST00397,27.0,Female,Corporate,Furniture,Study Table,13549.92,1,0.1,12194.93,2552.27,West,Surat,Cash on Delivery
ORD101651,2023-09-10,CUST00234,33.0,Male,Corporate,Home & Kitchen,LED Table Lamp,1488.81,1,0.05,1414.37,480.6,Central,Bhopal,UPI
ORD105333,2023-09-11,CUST00698,27.0,Male,Consumer,Home & Kitchen,Mixer Grinder,3291.49,3,0.05,9380.75,2364.18,South,Chennai,UPI
ORD102908,2023-09-11,CUST00724,36.0,Female,Consumer,Clothing,Winter Jacket,1349.98,2,0.2,2159.97,60.62,West,Mumbai,Debit Card
ORD105717,2023-09-11,CUST00372,18.0,Female,Corporate,Beauty & Personal Care,Face Wash,1508.03,1,0.25,1131.02,116.67,East,Bhubaneswar,UPI
ORD100016,2023-09-11,CUST01556,41.0,Female,Consumer,Sports & Outdoors,Cricket Bat,1890.51,1,0.0,1890.51,824.27,North,Delhi,
ORD102909,2023-09-11,CUST00390,39.0,Male,Consumer,Sports & Outdoors,Dumbbell Set,3245.74,1,0.25,2434.3,11.0,West,Mumbai,UPI
ORD101722,2023-09-11,CUST00567,22.0,Male,Corporate,Electronics,Bluetooth Speaker,1871.05,2,0.0,3742.1,1455.64,West,Surat,Credit Card
ORD103835,2023-09-11,CUST00224,40.0,Female,Consumer,Beauty & Personal Care,Trimmer,1852.24,1,0.1,1667.02,339.2,North,Jaipur,UPI
ORD102183,2023-09-11,CUST01558,34.0,Female,Consumer,Books & Stationery,Planner Diary,161.72,1,0.0,161.72,72.64,North,Lucknow,Credit Card
ORD105479,2023-09-11,CUST01285,32.0,Male,Consumer,Home & Kitchen,Bedsheet Set,3721.64,1,0.0,3721.64,1644.66,West,Ahmedabad,Debit Card
ORD104581,2023-09-11,CUST00048,40.0,Female,Consumer,Home & Kitchen,Mixer Grinder,2109.55,2,0.2,3375.28,402.66,East,Bhubaneswar,Net Banking
ORD101910,2023-09-12,CUST00785,33.0,Female,Consumer,Books & Stationery,Desk Organizer,316.56,1,0.0,316.56,135.37,South,Chennai,Credit Card
ORD102215,2023-09-12,CUST01915,29.0,Female,Corporate,Electronics,Webcam,6497.71,1,0.15,5523.05,731.35,Central,Bhopal,UPI
ORD101675,2023-09-12,CUST00538,28.0,Male,Small Business,Furniture,Coffee Table,12818.71,2,0.0,25637.42,6212.8,East,Patna,UPI
ORD100036,2023-09-12,CUST01650,43.0,Other,Small Business,Clothing,Winter Jacket,2182.18,1,0.05,2073.07,708.52,South,Chennai,Debit Card
ORD102180,2023-09-12,CUST01597,18.0,Female,Consumer,Electronics,Power Bank,7094.86,1,0.1,6385.37,1388.42,South,Kochi,UPI
ORD105200,2023-09-12,CUST01883,49.0,Male,Consumer,Sports & Outdoors,Dumbbell Set,4492.06,1,0.0,4492.06,1559.26,East,Bhubaneswar,Debit Card
ORD101657,2023-09-12,CUST01206,29.0,Female,Consumer,Clothing,Formal Shirt,403.44,1,0.0,403.44,111.92,West,Ahmedabad,Cash on Delivery
ORD105269,2023-09-12,CUST01132,22.0,Male,Corporate,Furniture,Bean Bag,8879.92,1,0.2,7103.94,230.6,North,Delhi,UPI
ORD106071,2023-09-12,CUST01225,22.0,Female,Consumer,Beauty & Personal Care,Perfume,618.19,4,0.0,2472.76,635.73,South,Hyderabad,UPI
ORD103560,2023-09-13,CUST00234,33.0,Male,Corporate,Beauty & Personal Care,Lipstick,1071.5,1,0.25,803.62,-9.32,North,Chandigarh,Net Banking
ORD104533,2023-09-13,CUST01273,18.0,Female,Consumer,Home & Kitchen,Water Bottle,4170.48,1,0.0,4170.48,1203.67,South,Bengaluru,UPI
ORD104179,2023-09-13,CUST00392,20.0,Male,Consumer,Sports & Outdoors,Dumbbell Set,1081.01,1,0.25,810.76,179.37,East,Kolkata,Credit Card
ORD103012,2023-09-13,CUST01690,18.0,Male,Consumer,Clothing,Running Shoes,700.72,1,0.05,665.68,223.42,West,Pune,UPI
ORD103966,2023-09-13,CUST01980,18.0,Female,Corporate,Electronics,Laptop Stand,1165.02,1,0.0,1165.02,345.92,West,Surat,UPI
ORD102376,2023-09-13,CUST00913,42.0,Female,Corporate,Clothing,Winter Jacket,787.9,1,0.05,748.5,120.51,North,Lucknow,Credit Card
ORD101730,2023-09-13,CUST01945,23.0,Other,Consumer,Clothing,Summer Dress,734.94,1,0.2,587.95,90.09,North,Chandigarh,Cash on Delivery
ORD104777,2023-09-14,CUST01348,18.0,Female,Consumer,Furniture,Study Table,3084.84,2,0.0,6169.68,1867.8,West,Ahmedabad,Debit Card
ORD101527,2023-09-14,CUST00573,40.0,Male,Small Business,Electronics,Smartwatch,1785.01,1,0.25,1338.76,295.21,South,Hyderabad,Net Banking
ORD103934,2023-09-14,CUST00391,40.0,Male,Consumer,Sports & Outdoors,Cycling Helmet,1307.08,1,0.05,1241.73,426.61,North,Lucknow,Debit Card
ORD104903,2023-09-14,CUST00670,68.0,Female,Consumer,Beauty & Personal Care,Perfume,907.1,1,0.2,725.68,186.46,South,Chennai,UPI
ORD101436,2023-09-14,CUST00820,27.0,Male,Consumer,Clothing,Sports Cap,2499.5,1,0.05,2374.52,391.43,North,Jaipur,Cash on Delivery
ORD103190,2023-09-14,CUST01336,32.0,Male,Small Business,Clothing,Kids Hoodie,1420.26,1,0.0,1420.26,325.45,North,Chandigarh,Cash on Delivery
ORD106074,2023-09-14,CUST02083,46.0,Female,Consumer,Electronics,Webcam,1555.89,1,0.15,1322.51,198.97,South,Bengaluru,UPI
ORD104220,2023-09-14,CUST01952,40.0,Female,Corporate,Sports & Outdoors,Football,1131.27,3,0.2,2715.05,193.54,South,Hyderabad,Credit Card
ORD105956,2023-09-15,CUST00722,23.0,Male,Consumer,Books & Stationery,Sketch Pens,922.63,2,0.0,1845.26,695.77,West,Ahmedabad,Cash on Delivery
ORD103907,2023-09-15,CUST01862,33.0,Female,Consumer,Furniture,Bookshelf,2112.22,1,0.05,2006.61,404.94,North,Delhi,UPI
ORD101262,2023-09-16,CUST01794,36.0,Male,Small Business,Home & Kitchen,Non-Stick Pan,2185.6,1,0.1,1967.04,723.11,South,Kochi,Debit Card
ORD102323,2023-09-16,CUST00756,41.0,Male,Small Business,Beauty & Personal Care,Hair Dryer,780.61,1,0.0,780.61,257.26,South,Bengaluru,Cash on Delivery
ORD104828,2023-09-16,CUST01733,43.0,Male,Consumer,Clothing,Winter Jacket,1855.64,1,0.0,1855.64,416.51,West,Ahmedabad,UPI
ORD105150,2023-09-16,CUST01466,50.0,Male,Corporate,Clothing,Summer Dress,2200.71,1,0.1,1980.64,416.66,West,Mumbai,Cash on Delivery
ORD105421,2023-09-16,CUST01516,24.0,Female,Corporate,Electronics,USB-C Cable,2402.3,1,0.0,2402.3,902.94,South,Kochi,Net Banking
ORD102997,2023-09-16,CUST01725,25.0,Female,Corporate,Home & Kitchen,Bedsheet Set,2979.02,1,0.0,2979.02,1181.75,South,Chennai,Cash on Delivery
ORD105695,2023-09-16,CUST01331,44.0,Female,Consumer,Electronics,Power Bank,1064.75,2,0.25,1597.12,-64.34,Central,Raipur,UPI
ORD105759,2023-09-16,CUST01035,43.0,Male,Consumer,Home & Kitchen,Air Fryer,4897.55,1,0.05,4652.67,783.29,South,Hyderabad,Cash on Delivery
ORD100502,2023-09-16,CUST01822,29.0,Female,Corporate,Clothing,Women's Jeans,431.06,1,0.15,366.4,47.96,East,Bhubaneswar,Credit Card
ORD103182,2023-09-16,CUST00668,30.0,Female,Consumer,Electronics,Bluetooth Speaker,5597.37,1,0.0,5597.37,1584.18,South,Hyderabad,Cash on Delivery
ORD105504,2023-09-16,CUST01049,31.0,Male,Corporate,Books & Stationery,Sketch Pens,518.11,2,0.0,1036.22,387.18,North,Lucknow,Credit Card
ORD102697,2023-09-17,CUST01260,33.0,Female,Corporate,Clothing,Running Shoes,1979.67,1,0.0,1979.67,587.9,East,Patna,Debit Card
ORD100761,2023-09-17,CUST01875,18.0,Male,Consumer,Clothing,Men's T-Shirt,722.01,2,0.05,1371.82,269.1,North,Jaipur,Credit Card
ORD104631,2023-09-17,CUST01567,39.0,Male,Corporate,Home & Kitchen,Mixer Grinder,2778.89,1,0.0,2778.89,797.92,North,Lucknow,UPI
ORD104593,2023-09-17,CUST01146,32.0,Female,Corporate,Electronics,Wireless Earbuds,5126.94,1,0.05,4870.59,1138.07,North,Delhi,UPI
ORD102403,2023-09-17,CUST00614,37.0,Other,Corporate,Books & Stationery,Desk Organizer,658.29,2,0.1,1184.92,408.41,South,Chennai,Cash on Delivery
ORD106299,2023-09-17,CUST01308,35.0,Other,Corporate,Clothing,Summer Dress,2285.01,1,0.0,2285.01,652.38,North,Lucknow,Credit Card
ORD103715,2023-09-17,CUST01791,62.0,Female,Corporate,Beauty & Personal Care,Lipstick,773.5,1,0.1,696.15,236.14,West,Surat,Debit Card
ORD100046,2023-09-17,CUST00177,40.0,Female,Corporate,Beauty & Personal Care,Perfume,593.49,1,0.0,593.49,251.14,West,Mumbai,Debit Card
ORD100084,2023-09-17,CUST01322,18.0,Male,Consumer,Electronics,Smartphone Case,6060.89,1,0.1,5454.8,1016.36,West,Mumbai,UPI
ORD101702,2023-09-17,CUST02086,19.0,Male,Small Business,Sports & Outdoors,Camping Tent,3210.37,1,0.1,2889.33,418.16,South,Hyderabad,UPI
ORD101530,2023-09-17,CUST01197,48.0,Female,Corporate,Furniture,Office Chair,4392.64,1,0.25,3294.48,863.84,South,Kochi,UPI
ORD105590,2023-09-17,CUST02026,24.0,Female,Corporate,Electronics,Wireless Earbuds,8950.71,2,0.2,14321.14,755.22,Central,Nagpur,Credit Card
ORD104641,2023-09-18,CUST00518,42.0,Male,Consumer,Beauty & Personal Care,Trimmer,1070.62,2,0.15,1820.05,366.02,North,Jaipur,Cash on Delivery
ORD104575,2023-09-18,CUST01654,47.0,Female,Corporate,Home & Kitchen,LED Table Lamp,4525.83,4,0.0,18103.32,6900.37,West,Mumbai,UPI
ORD102619,2023-09-18,CUST00377,18.0,Female,Small Business,Clothing,Kids Hoodie,2887.97,1,0.0,2887.97,1071.39,West,Surat,UPI
ORD103072,2023-09-18,CUST00396,42.0,Male,Consumer,Beauty & Personal Care,Trimmer,498.19,2,0.25,747.28,46.91,North,Delhi,UPI
ORD103416,2023-09-18,CUST01414,37.0,Female,Consumer,Beauty & Personal Care,Face Wash,1782.69,1,0.15,1515.29,199.01,East,Kolkata,Cash on Delivery
ORD105471,2023-09-18,CUST01310,19.0,Male,Consumer,Electronics,Webcam,5728.81,1,0.15,4869.49,377.59,West,Pune,Cash on Delivery
ORD102143,2023-09-19,CUST01658,41.0,Male,Small Business,Electronics,Laptop Stand,4893.81,1,0.05,4649.12,1484.05,South,Chennai,Credit Card
ORD102428,2023-09-19,CUST00205,31.0,Female,Small Business,Home & Kitchen,Non-Stick Pan,3370.78,2,0.05,6404.48,1904.89,Central,Raipur,UPI
ORD105673,2023-09-19,CUST01328,18.0,Female,Corporate,Clothing,Men's T-Shirt,2702.91,2,0.1,4865.24,1838.36,Central,Raipur,Cash on Delivery
ORD103570,2023-09-19,CUST01216,32.0,Male,Corporate,Home & Kitchen,Bedsheet Set,4489.32,1,0.0,4489.32,1898.83,West,Ahmedabad,UPI
ORD103348,2023-09-19,CUST01116,48.0,Male,Consumer,Clothing,Formal Shirt,2673.87,2,0.0,5347.74,1835.44,North,Chandigarh,Cash on Delivery
ORD103752,2023-09-19,CUST01366,44.0,Female,Corporate,Books & Stationery,Desk Organizer,182.63,2,0.0,365.26,85.75,West,Pune,UPI
ORD106407,2023-09-19,CUST00012,26.0,Female,Corporate,Electronics,USB-C Cable,2607.92,1,0.1,2347.13,574.9,East,Bhubaneswar,UPI
ORD104864,2023-09-19,CUST00119,33.0,Male,Consumer,Clothing,Summer Dress,1086.82,1,0.0,1086.82,449.57,Central,Bhopal,Credit Card
ORD100102,2023-09-19,CUST00481,29.0,Male,Corporate,Beauty & Personal Care,Sunscreen SPF50,277.96,2,0.15,472.53,132.69,West,Pune,UPI
ORD104183,2023-09-20,CUST01131,19.0,Male,Consumer,Books & Stationery,Planner Diary,461.1,1,0.0,461.1,95.5,East,Bhubaneswar,Cash on Delivery
ORD101775,2023-09-20,CUST01542,38.0,Female,Corporate,Furniture,Bookshelf,13383.92,4,0.1,48182.11,8648.62,East,Patna,Net Banking
ORD104168,2023-09-20,CUST00764,31.0,Male,Consumer,Books & Stationery,Fiction Novel,636.57,1,0.25,477.43,38.33,West,Surat,Debit Card
ORD102669,2023-09-20,CUST00725,28.0,Female,Consumer,Sports & Outdoors,Cycling Helmet,5735.36,2,0.1,10323.65,2198.4,North,Lucknow,Credit Card
ORD104424,2023-09-20,CUST00996,25.0,Female,Corporate,Electronics,Smartphone Case,1838.77,1,0.05,1746.83,467.19,South,Bengaluru,Net Banking
ORD105417,2023-09-20,CUST01019,31.0,Male,Corporate,Furniture,Bookshelf,4006.03,1,0.15,3405.13,857.37,South,Chennai,UPI
ORD101039,2023-09-20,CUST01178,18.0,Male,Small Business,Electronics,Webcam,5767.66,2,0.05,10958.55,2890.62,North,Chandigarh,Cash on Delivery
ORD105601,2023-09-20,CUST01209,34.0,Female,Corporate,Electronics,Webcam,8943.79,2,0.1,16098.82,2676.28,West,Pune,UPI
ORD105104,2023-09-20,CUST01657,31.0,Female,Small Business,Clothing,Women's Jeans,721.4,1,0.0,721.4,320.05,North,Chandigarh,Net Banking
ORD104235,2023-09-20,CUST00539,18.0,Female,Consumer,Electronics,Bluetooth Speaker,2874.52,1,0.15,2443.34,816.81,North,Delhi,UPI
ORD104615,2023-09-21,CUST00747,23.0,Male,Consumer,Clothing,Summer Dress,1378.1,1,0.2,1102.48,281.26,East,Patna,Cash on Delivery
ORD105463,2023-09-21,CUST01714,27.0,Female,Corporate,Electronics,Wireless Earbuds,8704.95,5,0.0,43524.75,13374.48,West,Ahmedabad,UPI
ORD100253,2023-09-21,CUST01539,23.0,Male,Small Business,Beauty & Personal Care,Face Wash,845.29,1,0.0,845.29,276.85,South,Kochi,Cash on Delivery
ORD102614,2023-09-21,CUST01691,18.0,Female,Consumer,Books & Stationery,Planner Diary,612.7,1,0.15,520.8,161.53,East,Patna,Cash on Delivery
ORD105331,2023-09-21,CUST01098,39.0,Male,Consumer,Clothing,Women's Jeans,1436.95,1,0.2,1149.56,332.24,North,Jaipur,Net Banking
ORD101420,2023-09-21,CUST00912,43.0,Female,Small Business,Beauty & Personal Care,Lipstick,1879.71,1,0.05,1785.72,553.77,South,Kochi,Net Banking
ORD102258,2023-09-21,CUST00838,49.0,Male,Consumer,Beauty & Personal Care,Lipstick,1671.64,2,0.1,3008.95,1113.87,North,Delhi,Credit Card
ORD102105,2023-09-21,CUST01210,41.0,Male,Consumer,Clothing,Kids Hoodie,1150.99,1,0.0,1150.99,454.99,South,Hyderabad,Credit Card
ORD104890,2023-09-21,CUST00778,24.0,Male,Corporate,Clothing,Summer Dress,2879.69,2,0.0,5759.38,1807.45,East,Patna,Credit Card
ORD102603,2023-09-22,CUST01393,37.0,Female,Consumer,Sports & Outdoors,Dumbbell Set,6489.85,1,0.1,5840.87,1380.99,South,Hyderabad,UPI
ORD103702,2023-09-22,CUST00285,28.0,Female,Corporate,Electronics,Webcam,7904.94,4,0.1,28457.78,4408.78,West,Ahmedabad,Debit Card
ORD105120,2023-09-22,CUST00790,42.0,Male,Corporate,Electronics,Smartwatch,8836.38,2,0.0,17672.76,6370.06,North,Chandigarh,Net Banking
ORD100122,2023-09-22,CUST01748,19.0,Female,Small Business,Sports & Outdoors,Football,6378.3,1,0.0,6378.3,1452.5,Central,Nagpur,Debit Card
ORD100410,2023-09-23,CUST00988,31.0,Female,Small Business,Home & Kitchen,Water Bottle,5512.89,1,0.1,4961.6,1787.5,Central,Nagpur,Debit Card
ORD102384,2023-09-23,CUST00150,18.0,Female,Small Business,Sports & Outdoors,Cycling Helmet,2890.8,1,0.0,2890.8,813.92,East,Bhubaneswar,UPI
ORD101028,2023-09-23,CUST01851,45.0,Female,Corporate,Electronics,Webcam,2541.69,1,0.2,2033.35,55.45,North,Chandigarh,UPI
ORD106179,2023-09-23,CUST01182,33.0,Male,Consumer,Books & Stationery,Sketch Pens,753.45,2,0.0,1506.9,608.94,Central,Bhopal,Cash on Delivery
ORD106293,2023-09-23,CUST01563,26.0,Male,Small Business,Clothing,Men's T-Shirt,319.59,1,0.0,319.59,140.7,South,Chennai,Cash on Delivery
ORD106102,2023-09-23,CUST00820,27.0,Male,Consumer,Clothing,Summer Dress,409.96,2,0.15,696.93,238.5,East,Patna,UPI
ORD100375,2023-09-23,CUST00040,28.0,Female,Consumer,Electronics,Laptop Stand,7237.5,1,0.1,6513.75,1865.83,North,Chandigarh,Debit Card
ORD101042,2023-09-23,CUST01716,54.0,Male,Consumer,Electronics,Smartphone Case,1515.09,4,0.15,5151.31,869.21,West,Pune,Credit Card
ORD106453,2023-09-24,CUST02014,18.0,Female,Small Business,Clothing,Running Shoes,751.68,1,0.0,751.68,304.86,West,Surat,Debit Card
ORD105848,2023-09-24,CUST02015,38.0,Male,Small Business,Clothing,Running Shoes,2463.55,1,0.0,2463.55,737.78,North,Jaipur,Debit Card
ORD105419,2023-09-24,CUST00586,43.0,Male,Consumer,Beauty & Personal Care,Face Wash,1935.62,1,0.0,1935.62,720.83,Central,Nagpur,Debit Card
ORD103303,2023-09-24,CUST00131,25.0,Female,Consumer,Clothing,Men's T-Shirt,2642.68,1,0.1,2378.41,657.34,South,Hyderabad,UPI
ORD100404,2023-09-24,CUST00693,31.0,Male,Consumer,Electronics,Bluetooth Speaker,7785.23,2,0.1,14013.41,4185.04,East,Bhubaneswar,UPI
ORD105408,2023-09-24,CUST01075,21.0,Male,Consumer,Home & Kitchen,Ceramic Mug Set,292.84,1,0.25,219.63,-0.47,South,Bengaluru,Net Banking
ORD100166,2023-09-24,CUST01840,27.0,Female,Small Business,Clothing,Winter Jacket,2360.02,1,0.05,2242.02,796.31,North,Chandigarh,Net Banking
ORD104715,2023-09-24,CUST01369,38.0,Male,Consumer,Electronics,Smartwatch,7265.06,1,0.1,6538.55,2329.06,West,Pune,Net Banking
ORD104795,2023-09-24,CUST00121,18.0,Male,Consumer,Electronics,Laptop Stand,6985.59,1,0.05,6636.31,1547.5,North,Chandigarh,UPI
ORD102572,2023-09-25,CUST01145,42.0,Female,Consumer,Sports & Outdoors,Dumbbell Set,1773.92,1,0.25,1330.44,46.52,West,Pune,UPI
ORD105017,2023-09-25,CUST00642,36.0,Female,Consumer,Beauty & Personal Care,Lipstick,305.97,1,0.0,305.97,119.35,East,Bhubaneswar,UPI
ORD100706,2023-09-25,CUST02098,33.0,Female,Small Business,Sports & Outdoors,Camping Tent,1844.38,1,0.1,1659.94,411.76,South,Bengaluru,Net Banking
ORD100641,2023-09-25,CUST00923,24.0,Male,Corporate,Beauty & Personal Care,Trimmer,1123.06,1,0.1,1010.75,191.35,North,Jaipur,Debit Card
ORD102824,2023-09-25,CUST01590,45.0,Male,Consumer,Furniture,Office Chair,7547.76,3,0.2,18114.62,2210.0,South,Chennai,UPI
ORD100135,2023-09-26,CUST01464,31.0,Male,Corporate,Beauty & Personal Care,Trimmer,1871.9,2,0.1,3369.42,694.64,North,Chandigarh,Cash on Delivery
ORD101203,2023-09-26,CUST01065,22.0,Male,Small Business,Clothing,Women's Jeans,442.29,2,0.0,884.58,307.47,East,Bhubaneswar,Debit Card
ORD100307,2023-09-26,CUST00351,33.0,Male,Corporate,Electronics,Webcam,8816.69,1,0.05,8375.86,1396.71,North,Lucknow,Debit Card
ORD106076,2023-09-26,CUST01040,46.0,Male,Consumer,Books & Stationery,Desk Organizer,752.29,1,0.05,714.68,131.69,North,Lucknow,Debit Card
ORD104137,2023-09-26,CUST00658,32.0,Male,Consumer,Beauty & Personal Care,Face Wash,1582.47,2,0.2,2531.95,779.71,West,Pune,Cash on Delivery
ORD100690,2023-09-26,CUST01436,31.0,Female,Corporate,Home & Kitchen,Ceramic Mug Set,1694.35,1,0.1,1524.92,435.39,West,Mumbai,UPI
ORD101601,2023-09-26,CUST01177,46.0,Female,Consumer,Home & Kitchen,Air Fryer,2516.52,1,0.1,2264.87,562.81,North,Jaipur,UPI
ORD103390,2023-09-26,CUST01678,24.0,Male,Consumer,Furniture,Study Table,11272.37,1,0.05,10708.75,2887.27,South,Hyderabad,Cash on Delivery
ORD105507,2023-09-26,CUST01458,51.0,Male,Corporate,Clothing,Women's Jeans,2659.79,1,0.1,2393.81,693.01,South,Hyderabad,UPI
ORD102169,2023-09-27,CUST01643,27.0,Male,Small Business,Books & Stationery,Sketch Pens,939.04,4,0.0,3756.16,854.93,South,Chennai,UPI
ORD103366,2023-09-27,CUST01542,38.0,Female,Corporate,Electronics,Smartphone Case,6676.98,1,0.15,5675.43,1969.72,East,Bhubaneswar,Debit Card
ORD101613,2023-09-27,CUST00976,21.0,Other,Corporate,Sports & Outdoors,Cricket Bat,6866.76,1,0.15,5836.75,2022.25,West,Surat,Credit Card
ORD101484,2023-09-27,CUST01112,25.0,Male,Small Business,Clothing,Summer Dress,1425.27,1,0.0,1425.27,514.18,West,Ahmedabad,UPI
ORD104070,2023-09-27,CUST01495,36.0,Female,Consumer,Home & Kitchen,Non-Stick Pan,959.83,1,0.1,863.85,139.95,North,Jaipur,UPI
ORD101765,2023-09-27,CUST02091,51.0,Female,Consumer,Beauty & Personal Care,Perfume,766.16,1,0.2,612.93,146.6,East,Kolkata,UPI
ORD100059,2023-09-28,CUST01481,36.0,Female,Consumer,Electronics,Smartwatch,7043.51,2,0.0,14087.02,3060.3,East,Kolkata,UPI
ORD105212,2023-09-28,CUST00374,41.0,Other,Consumer,Home & Kitchen,Air Fryer,310.95,1,0.2,248.76,62.63,South,Chennai,Cash on Delivery
ORD102920,2023-09-28,CUST00873,21.0,Female,Small Business,Home & Kitchen,Bedsheet Set,1493.59,1,0.0,1493.59,527.38,West,Mumbai,Credit Card
ORD103532,2023-09-28,CUST01790,22.0,Male,Consumer,Electronics,Wireless Earbuds,6446.15,1,0.1,5801.54,1052.01,Central,Nagpur,Cash on Delivery
ORD105162,2023-09-28,CUST00382,31.0,Female,Corporate,Clothing,Running Shoes,1133.67,1,0.05,1076.99,358.77,East,Bhubaneswar,Cash on Delivery
ORD103909,2023-09-28,CUST01460,49.0,Male,Consumer,Furniture,Bean Bag,4419.92,2,0.05,8397.85,2468.74,West,Ahmedabad,
ORD100216,2023-09-28,CUST01648,21.0,Male,Consumer,Electronics,Smartphone Case,2583.36,1,0.1,2325.02,795.27,Central,Raipur,UPI
ORD100085,2023-09-28,CUST01772,33.0,Female,Consumer,Clothing,Men's T-Shirt,1705.98,1,0.0,1705.98,444.01,North,Lucknow,UPI
ORD103393,2023-09-28,CUST01438,33.0,Male,Consumer,Clothing,Sports Cap,1618.0,2,0.0,3236.0,1212.9,Central,Raipur,UPI
ORD101385,2023-09-28,CUST02035,33.0,Female,Consumer,Clothing,Women's Jeans,476.72,2,0.05,905.77,155.23,South,Chennai,Debit Card
ORD103193,2023-09-29,CUST01474,19.0,Male,Corporate,Home & Kitchen,Bedsheet Set,1516.28,1,0.1,1364.65,303.85,North,Lucknow,Cash on Delivery
ORD104178,2023-09-29,CUST01208,32.0,Female,Small Business,Clothing,Sports Cap,2758.81,1,0.0,2758.81,1195.94,South,Hyderabad,UPI
ORD105642,2023-09-29,CUST01323,37.0,Male,Consumer,Electronics,Laptop Stand,3227.02,2,0.1,5808.64,937.12,West,Ahmedabad,Credit Card
ORD103403,2023-09-29,CUST00966,32.0,Male,Consumer,Sports & Outdoors,Cycling Helmet,1125.79,1,0.0,1125.79,283.54,South,Kochi,Cash on Delivery
ORD100643,2023-09-29,CUST01624,43.0,Female,Consumer,Clothing,Formal Shirt,1414.25,1,0.25,1060.69,71.38,West,Mumbai,UPI
ORD101474,2023-09-29,CUST02008,29.0,Female,Corporate,Home & Kitchen,Water Bottle,2192.7,1,0.0,2192.7,785.53,East,Patna,Credit Card
ORD101908,2023-09-29,CUST01360,31.0,Female,Small Business,Beauty & Personal Care,Trimmer,462.37,1,0.15,393.01,119.33,South,Chennai,UPI
ORD103781,2023-09-29,CUST00991,24.0,Female,Consumer,Clothing,Winter Jacket,1067.55,1,0.05,1014.17,268.98,West,Ahmedabad,Credit Card
ORD101284,2023-09-29,CUST00539,18.0,Female,Consumer,Electronics,Smartphone Case,7302.55,1,0.0,7302.55,2463.01,West,Pune,UPI
ORD103585,2023-09-30,CUST02092,21.0,Male,Consumer,Sports & Outdoors,Camping Tent,899.23,2,0.0,1798.46,713.54,East,Patna,Debit Card
ORD103823,2023-09-30,CUST01762,27.0,Male,Small Business,Home & Kitchen,LED Table Lamp,2982.56,1,0.05,2833.43,1186.27,South,Hyderabad,Cash on Delivery
ORD104997,2023-09-30,CUST01085,,Male,Consumer,Beauty & Personal Care,Sunscreen SPF50,1472.32,1,0.0,1472.32,544.52,Central,Nagpur,UPI
ORD105063,2023-09-30,CUST00219,52.0,Female,Consumer,Clothing,Women's Jeans,1207.86,2,0.0,2415.72,981.09,North,Lucknow,Credit Card
ORD100583,2023-09-30,CUST00018,43.0,Male,Corporate,Sports & Outdoors,Yoga Mat,6941.36,1,0.15,5900.16,1707.02,East,Kolkata,Net Banking
ORD106406,2023-09-30,CUST01695,54.0,Male,Consumer,Electronics,Wireless Earbuds,2510.9,2,0.0,5021.8,1076.38,West,Mumbai,Cash on Delivery
ORD104636,2023-09-30,CUST01248,32.0,Male,Consumer,Clothing,Sports Cap,1233.05,1,0.0,1233.05,283.55,South,Bengaluru,UPI
ORD101948,2023-09-30,CUST00638,35.0,Male,Consumer,Furniture,Wardrobe,6370.05,1,0.05,6051.55,2093.68,West,Ahmedabad,Credit Card
ORD104916,2023-09-30,CUST00843,27.0,Female,Small Business,Beauty & Personal Care,Trimmer,1333.42,1,0.0,1333.42,454.65,West,Ahmedabad,UPI
ORD100417,2023-09-30,CUST01823,41.0,Female,Corporate,Sports & Outdoors,Cricket Bat,5236.36,1,0.05,4974.54,1901.71,East,Patna,UPI
ORD104789,2023-10-01,CUST00046,29.0,Female,Consumer,Electronics,Laptop Stand,6065.04,3,0.0,18195.12,6685.2,East,Bhubaneswar,Cash on Delivery
ORD105476,2023-10-01,CUST01978,40.0,Male,Corporate,Books & Stationery,Notebook Pack,979.42,1,0.1,881.48,108.76,South,Kochi,Credit Card
ORD104046,2023-10-01,CUST01241,18.0,Female,Small Business,Sports & Outdoors,Cycling Helmet,3390.37,1,0.05,3220.85,728.87,East,Bhubaneswar,UPI
ORD100082,2023-10-01,CUST01995,24.0,Female,Consumer,Clothing,Winter Jacket,2256.42,1,0.0,2256.42,653.55,North,Delhi,Cash on Delivery
ORD102069,2023-10-01,CUST02017,18.0,Female,Consumer,Home & Kitchen,Water Bottle,3748.36,1,0.0,3748.36,1261.77,East,Patna,UPI
ORD105931,2023-10-01,CUST01634,,Female,Small Business,Clothing,Sports Cap,2770.68,2,0.0,5541.36,2277.89,South,Bengaluru,Credit Card
ORD106397,2023-10-01,CUST01173,27.0,Male,Corporate,Clothing,Running Shoes,978.68,1,0.0,978.68,290.34,Central,Raipur,UPI
ORD104094,2023-10-02,CUST01561,23.0,Male,Consumer,Furniture,Bookshelf,10612.04,1,0.05,10081.44,2442.59,South,Bengaluru,Debit Card
ORD102890,2023-10-02,CUST00203,18.0,Male,Consumer,Home & Kitchen,Ceramic Mug Set,3654.52,1,0.2,2923.62,40.34,East,Patna,UPI
ORD105190,2023-10-02,CUST00557,34.0,Female,Small Business,Home & Kitchen,Non-Stick Pan,4068.18,1,0.15,3457.95,400.15,West,Ahmedabad,UPI
ORD104626,2023-10-02,CUST00580,44.0,Female,Consumer,Home & Kitchen,Ceramic Mug Set,2691.3,1,0.25,2018.48,347.31,South,Bengaluru,Credit Card
ORD105103,2023-10-02,CUST00794,47.0,Female,Corporate,Electronics,USB-C Cable,1805.76,1,0.0,1805.76,791.27,West,Surat,Cash on Delivery
ORD105277,2023-10-02,CUST00792,41.0,Male,Consumer,Electronics,Smartphone Case,3657.81,1,0.1,3292.03,766.39,West,Surat,Cash on Delivery
ORD103023,2023-10-02,CUST00151,20.0,Male,Corporate,Electronics,Smartwatch,5543.36,2,0.1,9978.05,3591.66,South,Bengaluru,UPI
ORD102880,2023-10-02,CUST01269,42.0,Male,Consumer,Clothing,Winter Jacket,2533.5,1,0.15,2153.48,490.96,West,Pune,Credit Card
ORD102287,2023-10-02,CUST01728,34.0,Male,Consumer,Beauty & Personal Care,Face Wash,1856.38,2,0.1,3341.48,768.24,North,Lucknow,Debit Card
ORD104239,2023-10-02,CUST00654,20.0,Other,Consumer,Home & Kitchen,Storage Rack,3812.55,2,0.0,7625.1,2190.66,East,Kolkata,UPI
ORD106061,2023-10-03,CUST00182,25.0,Female,Consumer,Furniture,Bean Bag,11421.09,3,0.2,27410.62,7279.12,East,Kolkata,Credit Card
ORD106067,2023-10-03,CUST00497,39.0,Male,Small Business,Home & Kitchen,Air Fryer,2728.02,1,0.0,2728.02,953.3,East,Kolkata,Cash on Delivery
ORD105495,2023-10-03,CUST01180,25.0,Male,Consumer,Books & Stationery,Fiction Novel,832.92,5,0.05,3956.37,936.17,South,Hyderabad,Net Banking
ORD103996,2023-10-03,CUST00404,48.0,Female,Consumer,Electronics,Bluetooth Speaker,2501.48,1,0.05,2376.41,953.05,West,Surat,UPI
ORD105048,2023-10-03,CUST00095,34.0,Male,Small Business,Home & Kitchen,Mixer Grinder,534.88,5,0.25,2005.8,184.3,North,Delhi,Debit Card
ORD103015,2023-10-03,CUST02094,46.0,Male,Consumer,Electronics,Laptop Stand,4192.18,2,0.15,7126.71,2389.87,South,Bengaluru,Net Banking
ORD100822,2023-10-03,CUST00511,22.0,Female,Corporate,Clothing,Summer Dress,2098.59,1,0.1,1888.73,614.46,Central,Raipur,Credit Card
ORD103278,2023-10-03,CUST01653,32.0,Male,Corporate,Home & Kitchen,Air Fryer,970.46,1,0.05,921.94,367.89,South,Kochi,Cash on Delivery
ORD104448,2023-10-03,CUST01051,20.0,Male,Consumer,Home & Kitchen,Air Fryer,3794.78,1,0.1,3415.3,404.54,East,Patna,Net Banking
ORD101614,2023-10-03,CUST01495,36.0,Female,Consumer,Beauty & Personal Care,Lipstick,167.82,1,0.05,159.43,40.57,East,Bhubaneswar,UPI
ORD100980,2023-10-03,CUST01017,41.0,Male,Consumer,Books & Stationery,Planner Diary,613.89,1,0.25,460.42,18.29,South,Chennai,Net Banking
ORD101941,2023-10-03,CUST01610,42.0,Female,Consumer,Sports & Outdoors,Camping Tent,6307.27,1,0.15,5361.18,662.4,Central,Raipur,Debit Card
ORD102150,2023-10-04,CUST01116,48.0,Male,Consumer,Clothing,Sports Cap,1536.61,2,0.0,3073.22,946.05,Central,Nagpur,UPI
ORD101162,2023-10-04,CUST01920,34.0,Male,Consumer,Home & Kitchen,Ceramic Mug Set,4449.9,1,0.05,4227.4,789.7,East,Kolkata,Debit Card
ORD100819,2023-10-04,CUST01279,48.0,Male,Consumer,Sports & Outdoors,Cycling Helmet,6110.75,1,0.1,5499.68,1676.48,Central,Bhopal,UPI
ORD104418,2023-10-04,CUST00016,45.0,Male,Consumer,Clothing,Formal Shirt,874.18,2,0.25,1311.27,211.18,West,Surat,Net Banking
ORD101968,2023-10-04,CUST01156,44.0,Other,Corporate,Electronics,Bluetooth Speaker,6317.81,1,0.25,4738.36,462.5,South,Kochi,Credit Card
ORD105310,2023-10-04,CUST01350,45.0,Female,Corporate,Home & Kitchen,Water Bottle,1431.43,5,0.0,7157.15,2619.66,South,Kochi,Credit Card
ORD105897,2023-10-04,CUST02092,21.0,Male,Consumer,Furniture,Office Chair,3159.65,5,0.1,14218.42,1932.12,West,Pune,Credit Card
ORD105336,2023-10-04,CUST01763,32.0,Female,Consumer,Home & Kitchen,Air Fryer,5641.92,1,0.15,4795.63,1190.59,South,Bengaluru,Cash on Delivery
ORD102962,2023-10-04,CUST00136,36.0,Female,Consumer,Furniture,Bean Bag,5271.16,1,0.1,4744.04,1038.59,Central,Raipur,Cash on Delivery
ORD100753,2023-10-04,CUST01893,34.0,Male,Corporate,Beauty & Personal Care,Sunscreen SPF50,373.93,1,0.2,299.14,86.03,Central,Bhopal,UPI
ORD103510,2023-10-04,CUST00944,40.0,Male,Consumer,Beauty & Personal Care,Hair Dryer,1811.69,1,0.0,1811.69,678.14,Central,Raipur,Credit Card
ORD104863,2023-10-04,CUST00237,23.0,Other,Consumer,Home & Kitchen,Bedsheet Set,5340.56,1,0.05,5073.53,1115.41,Central,Nagpur,Cash on Delivery
ORD106252,2023-10-05,CUST01017,41.0,Male,Consumer,Clothing,Running Shoes,820.14,1,0.05,779.13,175.98,Central,Raipur,Credit Card
ORD106207,2023-10-05,CUST01531,50.0,Male,Corporate,Electronics,Laptop Stand,5941.87,1,0.05,5644.78,1337.47,South,Hyderabad,Cash on Delivery
ORD103254,2023-10-05,CUST00009,34.0,Male,Consumer,Clothing,Running Shoes,2326.49,1,0.1,2093.84,596.81,South,Chennai,UPI
ORD105067,2023-10-05,CUST00106,22.0,Male,Corporate,Electronics,Webcam,7111.22,1,0.1,6400.1,1412.12,North,Delhi,Net Banking
ORD101394,2023-10-05,CUST00675,31.0,Female,Consumer,Clothing,Running Shoes,1781.44,1,0.05,1692.37,702.07,South,Kochi,UPI
ORD100702,2023-10-05,CUST01016,33.0,Female,Small Business,Sports & Outdoors,Cricket Bat,2714.53,1,0.0,2714.53,887.6,South,Chennai,Credit Card
ORD101325,2023-10-05,CUST00234,33.0,Male,Corporate,Furniture,Office Chair,3371.33,1,0.15,2865.63,841.9,East,Kolkata,Credit Card
ORD102684,2023-10-05,CUST00551,48.0,Male,Consumer,Clothing,Kids Hoodie,1277.61,3,0.05,3641.19,1131.81,West,Pune,Debit Card
ORD100133,2023-10-05,CUST01487,58.0,Female,Corporate,Books & Stationery,Sketch Pens,728.43,1,0.05,692.01,265.27,North,Delhi,UPI
ORD103988,2023-10-05,CUST00062,23.0,Female,Corporate,Furniture,Wardrobe,10507.19,1,0.0,10507.19,2980.49,West,Surat,Debit Card
ORD104774,2023-10-05,CUST01766,20.0,Female,Corporate,Clothing,Winter Jacket,2178.51,1,0.1,1960.66,726.59,South,Kochi,UPI
ORD106092,2023-10-06,CUST00565,18.0,Female,Consumer,Home & Kitchen,Air Fryer,5984.72,1,0.15,5087.01,1709.65,South,Bengaluru,Cash on Delivery
ORD104252,2023-10-06,CUST00452,19.0,Female,Small Business,Clothing,Men's T-Shirt,869.65,1,0.05,826.17,291.65,South,Hyderabad,Debit Card
ORD100281,2023-10-06,CUST01908,51.0,Female,Consumer,Beauty & Personal Care,Face Wash,1230.31,1,0.0,1230.31,416.98,North,Jaipur,Net Banking
ORD104919,2023-10-06,CUST00037,34.0,Male,Consumer,Books & Stationery,Fiction Novel,609.29,2,0.15,1035.79,158.56,East,Bhubaneswar,UPI
ORD102299,2023-10-06,CUST00034,37.0,Female,Consumer,Furniture,Bean Bag,12461.87,3,0.0,37385.61,15484.63,South,Kochi,UPI
ORD105946,2023-10-06,CUST00885,,Male,Small Business,Electronics,Smartphone Case,2077.99,2,0.25,3116.98,813.9,North,Jaipur,UPI
ORD104610,2023-10-06,CUST01971,33.0,Female,Consumer,Home & Kitchen,Mixer Grinder,3259.18,1,0.05,3096.22,942.91,West,Mumbai,UPI
ORD104277,2023-10-06,CUST01386,25.0,Male,Consumer,Home & Kitchen,Non-Stick Pan,3114.01,2,0.0,6228.02,1726.22,East,Patna,UPI
ORD100194,2023-10-06,CUST01381,39.0,Male,Consumer,Electronics,Bluetooth Speaker,5758.02,1,0.0,5758.02,1669.33,South,Hyderabad,Debit Card
ORD106371,2023-10-06,CUST01075,21.0,Male,Consumer,Furniture,Wardrobe,5931.98,1,0.0,5931.98,2220.94,East,Kolkata,Credit Card
ORD101837,2023-10-06,CUST01910,18.0,Male,Consumer,Electronics,Wireless Earbuds,1778.56,1,0.15,1511.78,120.28,North,Jaipur,UPI
ORD100180,2023-10-07,CUST01225,22.0,Female,Consumer,Furniture,Bean Bag,13143.02,1,0.2,10514.42,1834.12,West,Surat,UPI
ORD101308,2023-10-07,CUST00200,28.0,Male,Small Business,Sports & Outdoors,Cycling Helmet,6650.77,2,0.05,12636.46,4483.62,South,Bengaluru,UPI
ORD103716,2023-10-07,CUST01746,19.0,Female,Small Business,Beauty & Personal Care,Perfume,1327.35,1,0.1,1194.62,223.52,East,Kolkata,Cash on Delivery
ORD102437,2023-10-07,CUST00736,30.0,Female,Consumer,Beauty & Personal Care,Face Wash,578.51,1,0.1,520.66,156.3,North,Delhi,Cash on Delivery
ORD101503,2023-10-07,CUST01011,27.0,Male,Consumer,Beauty & Personal Care,Face Wash,1653.89,1,0.25,1240.42,80.62,West,Mumbai,UPI
ORD100394,2023-10-07,CUST01014,28.0,Female,Corporate,Electronics,Laptop Stand,3759.41,1,0.05,3571.44,916.7,North,Lucknow,UPI
ORD105560,2023-10-07,CUST01150,44.0,Male,Small Business,Clothing,Sports Cap,2840.32,1,0.05,2698.3,692.32,East,Kolkata,Credit Card
ORD104115,2023-10-07,CUST00746,37.0,Male,Corporate,Beauty & Personal Care,Face Wash,940.0,1,0.05,893.0,239.23,South,Chennai,UPI
ORD101036,2023-10-07,CUST01411,41.0,Female,Consumer,Clothing,Women's Jeans,1005.92,1,0.25,754.44,28.73,Central,Raipur,UPI
ORD105003,2023-10-07,CUST00978,24.0,Female,Consumer,Beauty & Personal Care,Hair Dryer,1577.87,2,0.2,2524.59,677.82,South,Hyderabad,UPI
ORD104091,2023-10-07,CUST00753,37.0,Male,Small Business,Clothing,Sports Cap,2705.69,3,0.2,6493.66,694.1,West,Ahmedabad,UPI
ORD102400,2023-10-07,CUST02066,33.0,Male,Corporate,Books & Stationery,Notebook Pack,306.34,1,0.0,306.34,128.65,West,Pune,Credit Card
ORD104750,2023-10-07,CUST01460,49.0,Male,Consumer,Electronics,Wireless Earbuds,6938.62,4,0.1,24979.03,6506.83,South,Kochi,Debit Card
ORD103656,2023-10-07,CUST01922,20.0,Male,Corporate,Clothing,Running Shoes,2200.76,1,0.05,2090.72,672.14,South,Hyderabad,Net Banking
ORD101181,2023-10-08,CUST01573,24.0,Male,Consumer,Beauty & Personal Care,Hair Dryer,771.43,1,0.2,617.14,42.87,West,Mumbai,Net Banking
ORD102449,2023-10-08,CUST00151,20.0,Male,Corporate,Electronics,Webcam,4626.83,2,0.0,9253.66,3743.61,North,Lucknow,Debit Card
ORD104853,2023-10-08,CUST00075,28.0,Female,Consumer,Books & Stationery,Desk Organizer,917.73,1,0.15,780.07,179.43,South,Hyderabad,UPI
ORD103720,2023-10-08,CUST00940,24.0,Female,Consumer,Books & Stationery,Desk Organizer,733.83,1,0.25,550.37,-34.54,West,Surat,UPI
ORD104140,2023-10-08,CUST00984,45.0,Female,Consumer,Electronics,Smartphone Case,4639.93,1,0.1,4175.94,861.84,South,Chennai,Credit Card
ORD100907,2023-10-08,CUST01582,50.0,Female,Small Business,Sports & Outdoors,Camping Tent,3547.24,1,0.0,3547.24,845.34,East,Kolkata,UPI
ORD105377,2023-10-08,CUST01333,35.0,Female,Corporate,Clothing,Summer Dress,862.91,1,0.0,862.91,326.38,North,Delhi,UPI
ORD105945,2023-10-08,CUST00816,34.0,Male,Consumer,Furniture,Coffee Table,10299.22,2,0.2,16478.75,1049.07,Central,Raipur,Credit Card
ORD105279,2023-10-08,CUST01219,34.0,Male,Consumer,Electronics,Wireless Earbuds,7305.39,1,0.0,7305.39,3093.4,Central,Raipur,UPI
ORD104931,2023-10-08,CUST01125,30.0,Male,Small Business,Furniture,Office Chair,10220.96,1,0.1,9198.86,3233.17,Central,Nagpur,UPI
ORD105128,2023-10-08,CUST01231,18.0,Male,Consumer,Clothing,Women's Jeans,2008.74,1,0.1,1807.87,614.5,Central,Raipur,Net Banking
ORD104940,2023-10-08,CUST01738,33.0,Female,Consumer,Sports & Outdoors,Cricket Bat,3876.86,2,0.05,7366.03,2561.18,East,Kolkata,Credit Card
ORD102368,2023-10-08,CUST00236,34.0,Female,Small Business,Furniture,Office Chair,4169.58,2,0.0,8339.16,2799.78,North,Lucknow,Credit Card
ORD100768,2023-10-08,CUST01380,47.0,Female,Corporate,Electronics,Laptop Stand,4210.78,1,0.25,3158.08,522.25,South,Hyderabad,UPI
ORD104992,2023-10-08,CUST01112,25.0,Male,Small Business,Furniture,Office Chair,1644.89,1,0.0,1644.89,441.46,South,Bengaluru,UPI
ORD105806,2023-10-08,CUST01059,25.0,Female,Consumer,Clothing,Winter Jacket,848.83,1,0.0,848.83,232.92,South,Bengaluru,
ORD104886,2023-10-08,CUST01048,37.0,Male,Consumer,Sports & Outdoors,Cricket Bat,1564.6,1,0.0,1564.6,388.26,Central,Bhopal,UPI
ORD103440,2023-10-08,CUST00605,34.0,Female,Corporate,Clothing,Formal Shirt,2452.33,1,0.1,2207.1,423.72,Central,Nagpur,Credit Card
ORD103543,2023-10-08,CUST01820,18.0,Female,Small Business,Clothing,Kids Hoodie,2696.13,1,0.1,2426.52,820.43,East,Bhubaneswar,Net Banking
ORD105627,2023-10-08,CUST01021,29.0,Male,Consumer,Beauty & Personal Care,Lipstick,1656.57,1,0.15,1408.08,361.12,East,Kolkata,Net Banking
ORD103757,2023-10-08,CUST00800,41.0,Male,Corporate,Home & Kitchen,Bedsheet Set,3260.56,2,0.05,6195.06,1478.18,North,Delhi,Net Banking
ORD104692,2023-10-09,CUST00119,33.0,Male,Consumer,Electronics,Smartphone Case,1896.58,1,0.1,1706.92,299.24,Central,Raipur,Credit Card
ORD103772,2023-10-09,CUST00561,28.0,Female,Consumer,Electronics,Smartphone Case,7060.15,2,0.0,14120.3,5688.97,West,Ahmedabad,Debit Card
ORD103694,2023-10-09,CUST00384,35.0,Male,Consumer,Sports & Outdoors,Cycling Helmet,1417.94,3,0.0,4253.82,1424.03,Central,Raipur,Debit Card
ORD104720,2023-10-09,CUST00620,29.0,Female,Corporate,Clothing,Kids Hoodie,462.06,1,0.0,462.06,177.98,West,Mumbai,UPI
ORD100783,2023-10-10,CUST00565,18.0,Female,Consumer,Electronics,Laptop Stand,908.92,1,0.0,908.92,310.64,East,Bhubaneswar,Credit Card
ORD103917,2023-10-10,CUST01003,18.0,Male,Corporate,Sports & Outdoors,Yoga Mat,4932.95,3,0.05,14058.91,5907.38,East,Bhubaneswar,Cash on Delivery
ORD100593,2023-10-10,CUST00625,20.0,Female,Small Business,Clothing,Men's T-Shirt,2862.91,1,0.1,2576.62,971.42,North,Delhi,Debit Card
ORD103047,2023-10-10,CUST00260,48.0,Male,Corporate,Clothing,Winter Jacket,436.83,3,0.05,1244.97,345.59,North,Jaipur,Debit Card
ORD102753,2023-10-10,CUST00879,43.0,Female,Consumer,Sports & Outdoors,Cycling Helmet,956.8,1,0.1,861.12,239.08,South,Bengaluru,Cash on Delivery
ORD104288,2023-10-10,CUST01953,32.0,Female,Small Business,Electronics,USB-C Cable,8857.36,1,0.05,8414.49,1594.09,East,Kolkata,Cash on Delivery
ORD102395,2023-10-10,CUST01387,30.0,Female,Corporate,Beauty & Personal Care,Lipstick,1726.69,2,0.05,3280.71,939.67,East,Kolkata,Net Banking
ORD104769,2023-10-10,CUST01676,18.0,Male,Consumer,Clothing,Summer Dress,683.91,1,0.05,649.71,148.91,East,Patna,Cash on Delivery
ORD101680,2023-10-10,CUST00054,36.0,Female,Corporate,Furniture,Bean Bag,6660.61,2,0.0,13321.22,3913.86,West,Ahmedabad,UPI
ORD101192,2023-10-10,CUST01552,26.0,Female,Consumer,Books & Stationery,Sketch Pens,856.07,1,0.1,770.46,148.19,South,Hyderabad,Net Banking
ORD102961,2023-10-10,CUST00034,37.0,Female,Consumer,Home & Kitchen,Mixer Grinder,3418.08,1,0.05,3247.18,1332.32,West,Pune,UPI
ORD102309,2023-10-10,CUST01870,42.0,Male,Consumer,Clothing,Running Shoes,575.27,1,0.0,575.27,143.41,West,Mumbai,Credit Card
ORD100826,2023-10-10,CUST01283,36.0,Female,Corporate,Electronics,USB-C Cable,3810.12,1,0.0,3810.12,1647.38,North,Chandigarh,UPI
ORD101346,2023-10-10,CUST01940,29.0,Male,Corporate,Clothing,Men's T-Shirt,355.42,1,0.2,284.34,8.24,North,Chandigarh,
ORD105446,2023-10-11,CUST00430,34.0,Female,Small Business,Electronics,Smartwatch,6941.99,1,0.2,5553.59,51.99,West,Pune,Debit Card
ORD100569,2023-10-11,CUST00822,18.0,Female,Consumer,Books & Stationery,Fiction Novel,592.11,2,0.0,1184.22,255.08,West,Pune,Cash on Delivery
ORD101141,2023-10-11,CUST00695,36.0,Female,Corporate,Home & Kitchen,Ceramic Mug Set,4739.8,2,0.15,8057.66,583.54,West,Surat,Cash on Delivery
ORD102016,2023-10-11,CUST01193,32.0,Female,Small Business,Clothing,Summer Dress,497.21,2,0.0,994.42,425.47,North,Chandigarh,UPI
ORD102712,2023-10-11,CUST01587,37.0,Female,Corporate,Furniture,Wardrobe,8154.28,1,0.2,6523.42,1024.89,North,Delhi,Cash on Delivery
ORD105371,2023-10-11,CUST00048,40.0,Female,Consumer,Furniture,Bookshelf,7140.64,1,0.1,6426.58,962.8,East,Patna,Credit Card
ORD105404,2023-10-11,CUST00975,36.0,Female,Consumer,Clothing,Men's T-Shirt,2591.34,2,0.15,4405.28,311.5,South,Hyderabad,Net Banking
ORD102157,2023-10-11,CUST01032,35.0,Female,Corporate,Electronics,Wireless Earbuds,5062.41,1,0.0,5062.41,1614.67,West,Mumbai,UPI
ORD105059,2023-10-11,CUST01688,18.0,Female,Consumer,Home & Kitchen,Storage Rack,5755.43,1,0.0,5755.43,2150.81,West,Ahmedabad,UPI
ORD103807,2023-10-11,CUST00009,34.0,Male,Consumer,Electronics,Smartwatch,1327.7,1,0.0,1327.7,485.59,West,Pune,UPI
ORD102453,2023-10-11,CUST00326,52.0,Male,Consumer,Beauty & Personal Care,Sunscreen SPF50,705.7,1,0.0,705.7,315.42,North,Jaipur,UPI
ORD101631,2023-10-11,CUST00660,32.0,Female,Small Business,Sports & Outdoors,Camping Tent,3790.41,1,0.0,3790.41,1253.05,Central,Raipur,Credit Card
ORD106459,2023-10-11,CUST00282,31.0,Female,Small Business,Books & Stationery,Planner Diary,704.32,2,0.0,1408.64,498.63,East,Patna,UPI
ORD100827,2023-10-11,CUST01933,41.0,Female,Small Business,Electronics,Laptop Stand,1577.75,1,0.05,1498.86,303.53,North,Delhi,UPI
ORD101804,2023-10-12,CUST00902,18.0,Male,Consumer,Beauty & Personal Care,Hair Dryer,1070.3,1,0.25,802.72,125.54,West,Pune,Credit Card
ORD104436,2023-10-12,CUST01930,31.0,Female,Consumer,Home & Kitchen,Bedsheet Set,2796.34,1,0.0,2796.34,860.46,South,Hyderabad,Credit Card
ORD104737,2023-10-12,CUST01508,25.0,Female,Consumer,Home & Kitchen,Ceramic Mug Set,2993.84,1,0.15,2544.76,508.24,Central,Bhopal,UPI
ORD100714,2023-10-12,CUST02094,46.0,Male,Consumer,Sports & Outdoors,Camping Tent,1583.09,1,0.0,1583.09,431.13,East,Kolkata,UPI
ORD105643,2023-10-12,CUST00846,41.0,Male,Consumer,Books & Stationery,Fiction Novel,135.13,2,0.25,202.7,42.61,Central,Raipur,UPI
ORD106270,2023-10-12,CUST01603,53.0,Female,Corporate,Sports & Outdoors,Yoga Mat,1443.02,1,0.05,1370.87,256.16,Central,Bhopal,UPI
ORD100195,2023-10-12,CUST00864,39.0,Male,Corporate,Books & Stationery,Fiction Novel,125.09,2,0.0,250.18,110.86,South,Chennai,Cash on Delivery
ORD102035,2023-10-12,CUST00229,43.0,Male,Corporate,Home & Kitchen,Non-Stick Pan,5364.75,1,0.0,5364.75,2105.23,South,Kochi,UPI
ORD102550,2023-10-12,CUST00605,34.0,Female,Corporate,Clothing,Summer Dress,2343.89,1,0.05,2226.7,753.3,South,Chennai,Credit Card
ORD100564,2023-10-13,CUST00287,43.0,Male,Consumer,Furniture,Bean Bag,10233.04,1,0.2,8186.43,26.7,North,Lucknow,Cash on Delivery
ORD103305,2023-10-13,CUST00849,26.0,Female,Corporate,Home & Kitchen,Air Fryer,3646.18,1,0.2,2916.94,598.06,Central,Raipur,UPI
ORD106213,2023-10-13,CUST01470,28.0,Female,Corporate,Clothing,Winter Jacket,2754.81,2,0.15,4683.18,1157.06,East,Patna,Cash on Delivery
ORD103820,2023-10-13,CUST01929,18.0,Female,Consumer,Books & Stationery,Planner Diary,472.92,1,0.0,472.92,207.03,West,Surat,Net Banking
ORD103633,2023-10-13,CUST01413,22.0,Male,Corporate,Electronics,Smartphone Case,3245.73,1,0.05,3083.44,1183.7,South,Bengaluru,Cash on Delivery
ORD100428,2023-10-13,CUST01464,31.0,Male,Corporate,Electronics,USB-C Cable,4897.23,1,0.0,4897.23,1248.54,West,Pune,UPI
ORD104935,2023-10-13,CUST01061,46.0,Female,Consumer,Sports & Outdoors,Yoga Mat,911.46,1,0.05,865.89,284.27,North,Lucknow,Net Banking
ORD106296,2023-10-13,CUST02035,33.0,Female,Consumer,Home & Kitchen,Mixer Grinder,5363.89,4,0.05,20382.78,5680.53,South,Chennai,UPI
ORD101099,2023-10-13,CUST01637,52.0,Male,Consumer,Home & Kitchen,Water Bottle,208.58,2,0.25,312.87,7.6,North,Delhi,UPI
ORD101055,2023-10-13,CUST01970,63.0,Male,Consumer,Clothing,Kids Hoodie,527.05,2,0.15,895.98,238.57,North,Jaipur,UPI
ORD101522,2023-10-13,CUST00367,56.0,Female,Consumer,Clothing,Formal Shirt,839.66,1,0.0,839.66,230.62,South,Hyderabad,Debit Card
ORD101287,2023-10-13,CUST00223,34.0,Male,Corporate,Electronics,Bluetooth Speaker,2934.73,1,0.0,2934.73,1035.51,Central,Bhopal,UPI
ORD102162,2023-10-14,CUST02086,19.0,Male,Small Business,Electronics,Wireless Earbuds,4969.74,4,0.05,18885.01,4098.66,West,Mumbai,Credit Card
ORD106411,2023-10-14,CUST00604,32.0,Male,Corporate,Clothing,Kids Hoodie,1844.64,2,0.1,3320.35,1282.55,North,Lucknow,UPI
ORD103187,2023-10-14,CUST01540,20.0,Female,Consumer,Beauty & Personal Care,Sunscreen SPF50,1616.14,1,0.05,1535.33,316.81,South,Bengaluru,Credit Card
ORD101802,2023-10-14,CUST01074,27.0,Male,Small Business,Beauty & Personal Care,Trimmer,1341.57,1,0.1,1207.41,294.94,East,Kolkata,UPI
ORD105416,2023-10-14,CUST00644,54.0,Male,Corporate,Clothing,Winter Jacket,2260.99,1,0.25,1695.74,439.7,East,Patna,Net Banking
ORD105653,2023-10-14,CUST00386,41.0,Male,Small Business,Home & Kitchen,Storage Rack,2659.49,1,0.0,2659.49,621.86,North,Delhi,UPI
ORD101560,2023-10-14,CUST00864,39.0,Male,Corporate,Sports & Outdoors,Dumbbell Set,4086.6,1,0.1,3677.94,697.76,South,Bengaluru,Debit Card
ORD104842,2023-10-14,CUST00619,38.0,Male,Corporate,Home & Kitchen,Bedsheet Set,1938.13,1,0.15,1647.41,299.56,South,Chennai,UPI
ORD103013,2023-10-14,CUST01721,39.0,Male,Corporate,Clothing,Winter Jacket,1649.43,1,0.0,1649.43,391.93,West,Pune,Credit Card
ORD102869,2023-10-14,CUST01013,44.0,Male,Consumer,Clothing,Sports Cap,601.44,2,0.0,1202.88,320.78,South,Chennai,Credit Card
ORD100495,2023-10-14,CUST01498,26.0,Female,Consumer,Electronics,Smartphone Case,6460.39,2,0.1,11628.7,2455.93,South,Kochi,UPI
ORD106100,2023-10-14,CUST01326,21.0,Male,Corporate,Electronics,USB-C Cable,4045.34,2,0.05,7686.15,2666.74,South,Kochi,Credit Card
ORD104345,2023-10-14,CUST00650,38.0,Female,Corporate,Home & Kitchen,Ceramic Mug Set,2503.02,1,0.0,2503.02,977.63,South,Kochi,Debit Card
ORD102343,2023-10-15,CUST01615,29.0,Female,Corporate,Electronics,Bluetooth Speaker,7755.13,1,0.1,6979.62,1408.54,South,Bengaluru,UPI
ORD103865,2023-10-15,CUST01911,23.0,Male,Consumer,Sports & Outdoors,Camping Tent,778.92,1,0.05,739.97,280.22,North,Lucknow,UPI
ORD101603,2023-10-15,CUST00546,26.0,Female,Consumer,Electronics,Smartwatch,2549.54,1,0.15,2167.11,251.06,North,Lucknow,Net Banking
ORD104258,2023-10-15,CUST00596,25.0,Male,Consumer,Home & Kitchen,Bedsheet Set,4385.35,2,0.0,8770.7,2708.18,East,Bhubaneswar,Credit Card
ORD104487,2023-10-15,CUST00359,42.0,Female,Small Business,Clothing,Sports Cap,1694.62,1,0.1,1525.16,336.78,East,Bhubaneswar,UPI
ORD103537,2023-10-15,CUST01979,29.0,Female,Consumer,Home & Kitchen,LED Table Lamp,2962.25,2,0.0,5924.5,1748.24,Central,Bhopal,Credit Card
ORD100965,2023-10-15,CUST01674,23.0,Female,Corporate,Clothing,Men's T-Shirt,1241.72,1,0.1,1117.55,193.92,South,Kochi,Debit Card
ORD101068,2023-10-15,CUST00006,38.0,Female,Consumer,Sports & Outdoors,Yoga Mat,3733.26,1,0.15,3173.27,553.17,East,Patna,Credit Card
ORD101898,2023-10-15,CUST00339,33.0,Male,Consumer,Home & Kitchen,Ceramic Mug Set,1603.4,2,0.15,2725.78,483.33,West,Ahmedabad,Cash on Delivery
ORD101923,2023-10-15,CUST00742,26.0,Female,Small Business,Clothing,Sports Cap,1749.53,1,0.0,1749.53,758.03,North,Chandigarh,Debit Card
ORD105596,2023-10-15,CUST01369,38.0,Male,Consumer,Clothing,Men's T-Shirt,2088.54,1,0.0,2088.54,769.16,West,Surat,Cash on Delivery
ORD105731,2023-10-15,CUST00176,43.0,Female,Consumer,Electronics,Wireless Earbuds,2549.65,1,0.05,2422.17,813.37,South,Chennai,Cash on Delivery
ORD103856,2023-10-15,CUST00164,51.0,Female,Corporate,Sports & Outdoors,Camping Tent,6446.39,1,0.15,5479.43,928.31,North,Delhi,Debit Card
ORD103194,2023-10-15,CUST01191,28.0,Male,Consumer,Books & Stationery,Planner Diary,810.38,1,0.15,688.82,188.1,West,Pune,Cash on Delivery
ORD105701,2023-10-15,CUST00642,36.0,Female,Consumer,Home & Kitchen,Air Fryer,2733.32,1,0.0,2733.32,1164.21,East,Kolkata,Credit Card
ORD105223,2023-10-15,CUST00129,21.0,Male,Corporate,Furniture,Wardrobe,10761.92,1,0.05,10223.82,1833.5,North,Delhi,
ORD103227,2023-10-15,CUST01340,24.0,Female,Consumer,Furniture,Coffee Table,13346.91,2,0.0,26693.82,9603.48,West,Mumbai,Debit Card
ORD103486,2023-10-15,CUST00725,28.0,Female,Consumer,Beauty & Personal Care,Perfume,1668.93,2,0.15,2837.18,759.3,East,Kolkata,Cash on Delivery
ORD104473,2023-10-15,CUST01338,20.0,Male,Consumer,Home & Kitchen,Water Bottle,1193.5,1,0.15,1014.48,184.54,East,Patna,Debit Card
ORD106031,2023-10-16,CUST00552,37.0,Male,Corporate,Books & Stationery,Fiction Novel,742.95,1,0.15,631.51,122.68,East,Bhubaneswar,Cash on Delivery
ORD106366,2023-10-16,CUST01804,25.0,Female,Corporate,Home & Kitchen,Ceramic Mug Set,2711.28,1,0.0,2711.28,971.45,Central,Raipur,UPI
ORD102819,2023-10-16,CUST00189,31.0,Female,Consumer,Electronics,USB-C Cable,5700.09,1,0.1,5130.08,992.89,West,Mumbai,Cash on Delivery
ORD100660,2023-10-16,CUST00853,39.0,Female,Consumer,Electronics,USB-C Cable,738.5,2,0.0,1477.0,313.83,West,Surat,Credit Card
ORD106079,2023-10-16,CUST01406,50.0,Male,Consumer,Books & Stationery,Sketch Pens,313.97,2,0.1,565.15,208.71,North,Delhi,Credit Card
ORD103186,2023-10-16,CUST00831,40.0,Female,Consumer,Sports & Outdoors,Cricket Bat,2430.82,2,0.1,4375.48,1644.58,Central,Bhopal,Cash on Delivery
ORD104866,2023-10-16,CUST00580,44.0,Female,Consumer,Furniture,Coffee Table,14582.73,5,0.25,54685.24,11866.34,West,Surat,UPI
ORD100063,2023-10-16,CUST00485,53.0,Male,Consumer,Electronics,Webcam,6799.47,1,0.1,6119.52,2338.95,West,Mumbai,UPI
ORD104956,2023-10-16,CUST00887,46.0,Male,Small Business,Clothing,Winter Jacket,1777.83,1,0.2,1422.26,236.14,South,Hyderabad,Debit Card
ORD100330,2023-10-16,CUST01355,18.0,Male,Small Business,Home & Kitchen,Storage Rack,5512.08,1,0.0,5512.08,2345.86,West,Surat,UPI
ORD104153,2023-10-16,CUST00682,63.0,Female,Corporate,Clothing,Winter Jacket,2622.21,1,0.2,2097.77,54.97,South,Chennai,UPI
ORD102845,2023-10-16,CUST01609,39.0,Male,Consumer,Clothing,Kids Hoodie,654.76,3,0.2,1571.42,188.55,North,Chandigarh,UPI
ORD104691,2023-10-16,CUST01111,34.0,Male,Consumer,Beauty & Personal Care,Face Wash,1020.17,5,0.1,4590.76,706.66,South,Hyderabad,UPI
ORD104232,2023-10-17,CUST00144,48.0,Female,Consumer,Sports & Outdoors,Cycling Helmet,1286.86,1,0.0,1286.86,576.3,South,Chennai,Credit Card
ORD102523,2023-10-17,CUST01483,36.0,Female,Corporate,Clothing,Men's T-Shirt,2042.66,1,0.0,2042.66,445.54,Central,Bhopal,UPI
ORD100734,2023-10-17,CUST01574,47.0,Male,Consumer,Sports & Outdoors,Cricket Bat,6406.5,1,0.15,5445.52,1005.06,South,Kochi,Debit Card
ORD102578,2023-10-17,CUST01510,38.0,Female,Corporate,Furniture,Bookshelf,13510.99,1,0.0,13510.99,3856.23,East,Kolkata,Net Banking
ORD100078,2023-10-17,CUST01210,41.0,Male,Consumer,Clothing,Winter Jacket,1175.29,2,0.0,2350.58,737.16,North,Lucknow,Debit Card
ORD104477,2023-10-17,CUST02053,26.0,Male,Small Business,Home & Kitchen,LED Table Lamp,1015.23,1,0.05,964.47,391.33,North,Jaipur,UPI
ORD102147,2023-10-17,CUST00349,52.0,Female,Corporate,Electronics,Bluetooth Speaker,8816.64,1,0.05,8375.81,2205.45,South,Kochi,Cash on Delivery
ORD105882,2023-10-17,CUST00271,42.0,Female,Corporate,Clothing,Kids Hoodie,547.14,1,0.1,492.43,100.28,West,Pune,UPI
ORD102849,2023-10-17,CUST00654,20.0,Other,Consumer,Electronics,Power Bank,991.1,1,0.1,891.99,136.74,West,Surat,UPI
ORD104403,2023-10-17,CUST00184,31.0,Male,Small Business,Books & Stationery,Notebook Pack,185.53,2,0.0,371.06,104.87,South,Bengaluru,Debit Card
ORD100545,2023-10-17,CUST01914,42.0,Female,Corporate,Electronics,Smartwatch,3512.08,1,0.0,3512.08,1404.92,West,Ahmedabad,Debit Card
ORD103413,2023-10-18,CUST00209,28.0,Male,Consumer,Beauty & Personal Care,Face Wash,1386.91,1,0.05,1317.56,296.01,North,Lucknow,Net Banking
ORD101653,2023-10-18,CUST01587,37.0,Female,Corporate,Clothing,Summer Dress,960.45,1,0.2,768.36,169.04,North,Delhi,Cash on Delivery
ORD104029,2023-10-18,CUST01123,45.0,Female,Corporate,Home & Kitchen,Mixer Grinder,3333.36,1,0.2,2666.69,59.91,East,Kolkata,Debit Card
ORD103816,2023-10-18,CUST00307,30.0,Male,Consumer,Beauty & Personal Care,Lipstick,1044.83,1,0.05,992.59,214.65,North,Lucknow,UPI
ORD100293,2023-10-18,CUST01100,18.0,Female,Consumer,Books & Stationery,Fiction Novel,725.74,1,0.05,689.45,143.51,East,Bhubaneswar,Debit Card
ORD106323,2023-10-18,CUST01597,18.0,Female,Consumer,Electronics,Smartphone Case,4686.47,1,0.05,4452.15,952.28,North,Lucknow,Debit Card
ORD100268,2023-10-18,CUST01537,18.0,Male,Consumer,Sports & Outdoors,Cricket Bat,2014.41,1,0.1,1812.97,291.67,North,Chandigarh,Credit Card
ORD105594,2023-10-18,CUST01131,19.0,Male,Consumer,Clothing,Summer Dress,500.28,1,0.2,400.22,16.6,South,Hyderabad,Net Banking
ORD102645,2023-10-18,CUST00944,40.0,Male,Consumer,Clothing,Men's T-Shirt,925.88,2,0.0,1851.76,647.04,North,Delhi,Cash on Delivery
ORD105469,2023-10-18,CUST00899,35.0,Male,Corporate,Electronics,Smartwatch,2203.45,1,0.0,2203.45,715.09,South,Bengaluru,Debit Card
ORD101378,2023-10-18,CUST01230,57.0,Female,Corporate,Books & Stationery,Planner Diary,482.71,1,0.0,482.71,115.61,South,Hyderabad,Credit Card
ORD102616,2023-10-18,CUST00427,41.0,Female,Consumer,Clothing,Summer Dress,2278.73,1,0.0,2278.73,971.6,South,Kochi,Debit Card
ORD102347,2023-10-19,CUST01609,39.0,Male,Consumer,Home & Kitchen,Storage Rack,5082.99,1,0.0,5082.99,1957.29,South,Kochi,UPI
ORD101967,2023-10-19,CUST01207,30.0,Female,Corporate,Clothing,Running Shoes,2873.04,1,0.0,2873.04,1053.86,West,Ahmedabad,UPI
ORD105828,2023-10-19,CUST00216,18.0,Female,Consumer,Sports & Outdoors,Football,5267.14,2,0.1,9480.85,1655.93,South,Hyderabad,Credit Card
ORD100994,2023-10-19,CUST01743,19.0,Male,Small Business,Beauty & Personal Care,Sunscreen SPF50,583.55,1,0.0,583.55,167.75,East,Bhubaneswar,Credit Card
ORD105825,2023-10-19,CUST00428,33.0,Male,Consumer,Clothing,Summer Dress,1089.62,2,0.2,1743.39,382.2,South,Chennai,Cash on Delivery
ORD100837,2023-10-19,CUST01206,29.0,Female,Consumer,Electronics,USB-C Cable,771.04,1,0.0,771.04,206.71,East,Kolkata,Credit Card
ORD102281,2023-10-19,CUST01205,19.0,Female,Consumer,Sports & Outdoors,Cricket Bat,5611.45,2,0.0,11222.9,2513.75,Central,Nagpur,Credit Card
ORD103582,2023-10-19,CUST00213,42.0,Female,Corporate,Home & Kitchen,Ceramic Mug Set,2406.27,1,0.0,2406.27,618.56,South,Kochi,Net Banking
ORD104006,2023-10-19,CUST01743,19.0,Male,Small Business,Clothing,Women's Jeans,523.47,1,0.05,497.3,110.3,West,Surat,Credit Card
ORD106141,2023-10-19,CUST01217,32.0,Female,Corporate,Home & Kitchen,Mixer Grinder,5525.51,3,0.15,14090.05,4703.34,Central,Raipur,Credit Card
ORD105581,2023-10-19,CUST01440,50.0,Female,Corporate,Electronics,Smartphone Case,1213.75,1,0.05,1153.06,369.76,North,Chandigarh,UPI
ORD106310,2023-10-19,CUST00700,32.0,Female,Small Business,Electronics,Webcam,4867.39,2,0.1,8761.3,2035.62,East,Bhubaneswar,UPI
ORD103821,2023-10-20,CUST00300,44.0,Female,Corporate,Clothing,Men's T-Shirt,460.14,1,0.0,460.14,203.61,West,Mumbai,Credit Card
ORD100138,2023-10-20,CUST01932,55.0,Female,Consumer,Beauty & Personal Care,Lipstick,728.03,1,0.1,655.23,229.18,South,Chennai,Credit Card
ORD100657,2023-10-20,CUST00340,37.0,Female,Small Business,Beauty & Personal Care,Hair Dryer,1710.5,2,0.2,2736.8,579.12,North,Chandigarh,UPI
ORD105187,2023-10-20,CUST01227,42.0,Female,Small Business,Books & Stationery,Planner Diary,927.28,1,0.1,834.55,224.9,South,Chennai,UPI
ORD104878,2023-10-20,CUST00466,25.0,Male,Consumer,Sports & Outdoors,Camping Tent,923.62,1,0.1,831.26,235.42,East,Patna,Credit Card
ORD104943,2023-10-20,CUST01041,32.0,Female,Small Business,Electronics,Bluetooth Speaker,3664.86,2,0.0,7329.72,1839.92,West,Pune,UPI
ORD104670,2023-10-20,CUST02080,37.0,Male,Consumer,Clothing,Sports Cap,1060.08,1,0.0,1060.08,352.89,South,Bengaluru,UPI
ORD100607,2023-10-21,CUST01097,54.0,Male,Small Business,Electronics,Smartwatch,4832.32,1,0.0,4832.32,1368.44,West,Ahmedabad,Net Banking
ORD102406,2023-10-21,CUST01968,41.0,Male,Corporate,Electronics,USB-C Cable,793.11,1,0.05,753.45,201.99,East,Kolkata,Debit Card
ORD106277,2023-10-21,CUST01462,24.0,Female,Consumer,Home & Kitchen,Bedsheet Set,2916.37,1,0.2,2333.1,338.19,West,Pune,Cash on Delivery
ORD102740,2023-10-21,CUST00014,27.0,Male,Small Business,Sports & Outdoors,Camping Tent,936.65,1,0.15,796.15,130.83,South,Bengaluru,UPI
ORD104226,2023-10-21,CUST01499,18.0,Female,Consumer,Clothing,Summer Dress,698.07,1,0.0,698.07,290.29,South,Chennai,Credit Card
ORD103614,2023-10-22,CUST01651,37.0,Male,Corporate,Books & Stationery,Fiction Novel,473.07,1,0.0,473.07,147.68,South,Chennai,Credit Card
ORD106307,2023-10-22,CUST01691,18.0,Female,Consumer,Clothing,Summer Dress,582.66,1,0.1,524.39,111.48,South,Chennai,UPI
ORD105456,2023-10-22,CUST01353,37.0,Female,Small Business,Clothing,Kids Hoodie,1880.23,1,0.15,1598.2,423.34,South,Hyderabad,UPI
ORD100223,2023-10-22,CUST00843,27.0,Female,Small Business,Electronics,Webcam,8151.0,1,0.15,6928.35,1851.7,West,Ahmedabad,UPI
ORD101694,2023-10-22,CUST01467,,Male,Consumer,Clothing,Formal Shirt,2740.63,2,0.0,5481.26,2219.08,South,Hyderabad,UPI
ORD101738,2023-10-22,CUST00587,38.0,Male,Corporate,Home & Kitchen,Bedsheet Set,1827.24,1,0.0,1827.24,463.16,South,Chennai,UPI
ORD106223,2023-10-22,CUST01540,20.0,Female,Consumer,Beauty & Personal Care,Sunscreen SPF50,942.18,2,0.1,1695.92,442.73,West,Pune,Credit Card
ORD102676,2023-10-22,CUST01986,48.0,Female,Consumer,Books & Stationery,Planner Diary,305.6,2,0.0,611.2,266.68,East,Bhubaneswar,Credit Card
ORD106217,2023-10-22,CUST01002,25.0,Male,Consumer,Electronics,Smartwatch,1896.23,2,0.0,3792.46,1249.25,East,Bhubaneswar,UPI
ORD100160,2023-10-22,CUST01676,18.0,Male,Consumer,Clothing,Running Shoes,1091.68,2,0.0,2183.36,710.51,West,Surat,UPI
ORD101907,2023-10-22,CUST01863,33.0,Female,Consumer,Beauty & Personal Care,Sunscreen SPF50,876.72,4,0.15,2980.85,549.95,South,Chennai,Credit Card
ORD101485,2023-10-22,CUST01540,20.0,Female,Consumer,Furniture,Bookshelf,11213.59,1,0.1,10092.23,2985.0,North,Delhi,Debit Card
ORD100023,2023-10-22,CUST01691,18.0,Female,Consumer,Electronics,Bluetooth Speaker,1229.17,1,0.1,1106.25,259.32,South,Hyderabad,Cash on Delivery
ORD105106,2023-10-22,CUST01357,30.0,Female,Consumer,Clothing,Summer Dress,438.15,1,0.15,372.43,87.92,South,Chennai,Net Banking
ORD102948,2023-10-23,CUST00888,39.0,Male,Corporate,Furniture,Office Chair,4952.61,1,0.1,4457.35,1712.89,South,Chennai,
ORD101913,2023-10-23,CUST00175,30.0,Female,Consumer,Furniture,Coffee Table,8593.7,4,0.0,34374.8,8433.36,South,Bengaluru,Cash on Delivery
ORD100625,2023-10-23,CUST01517,26.0,Male,Corporate,Home & Kitchen,Storage Rack,3487.53,2,0.0,6975.06,2746.22,North,Lucknow,Cash on Delivery
ORD103380,2023-10-23,CUST00709,29.0,Female,Consumer,Books & Stationery,Fiction Novel,138.95,1,0.15,118.11,37.67,Central,Nagpur,UPI
ORD105957,2023-10-23,CUST01827,26.0,Female,Consumer,Beauty & Personal Care,Trimmer,1777.4,2,0.0,3554.8,823.97,South,Chennai,UPI
ORD103308,2023-10-23,CUST00288,26.0,Male,Corporate,Home & Kitchen,Water Bottle,5437.51,1,0.15,4621.88,855.93,North,Chandigarh,UPI
ORD101235,2023-10-23,CUST01593,43.0,Female,Small Business,Electronics,Power Bank,1046.56,1,0.0,1046.56,368.26,Central,Raipur,Credit Card
ORD105239,2023-10-23,CUST00345,38.0,Male,Corporate,Electronics,USB-C Cable,6090.27,1,0.05,5785.76,1107.85,South,Kochi,Credit Card
ORD102652,2023-10-23,CUST00209,28.0,Male,Consumer,Home & Kitchen,LED Table Lamp,2192.62,1,0.05,2082.99,833.02,South,Bengaluru,UPI
ORD102651,2023-10-23,CUST00252,40.0,Male,Small Business,Furniture,Bookshelf,12512.52,5,0.05,59434.47,16122.39,West,Pune,Net Banking
ORD102337,2023-10-23,CUST00575,31.0,Male,Consumer,Sports & Outdoors,Cycling Helmet,6693.41,1,0.05,6358.74,1496.1,Central,Nagpur,Cash on Delivery
ORD103145,2023-10-23,CUST00327,21.0,Male,Consumer,Home & Kitchen,Water Bottle,4242.73,1,0.05,4030.59,1579.4,West,Surat,Cash on Delivery
ORD104690,2023-10-23,CUST00702,35.0,Male,Corporate,Clothing,Women's Jeans,2377.04,2,0.05,4516.38,1800.87,Central,Bhopal,Credit Card
ORD100243,2023-10-24,CUST00470,38.0,Male,Corporate,Electronics,Power Bank,6794.56,1,0.2,5435.65,944.9,West,Surat,Debit Card
ORD102386,2023-10-24,CUST00923,24.0,Male,Corporate,Home & Kitchen,Water Bottle,271.22,1,0.0,271.22,83.65,North,Lucknow,Credit Card
ORD105367,2023-10-24,CUST01251,34.0,Male,Small Business,Clothing,Women's Jeans,750.21,1,0.1,675.19,228.71,West,Mumbai,UPI
ORD103575,2023-10-24,CUST01382,20.0,Male,Corporate,Clothing,Summer Dress,2302.61,1,0.0,2302.61,743.65,East,Bhubaneswar,UPI
ORD104603,2023-10-24,CUST01987,23.0,Female,Consumer,Electronics,Smartphone Case,3502.0,1,0.0,3502.0,1574.68,South,Bengaluru,Credit Card
ORD100622,2023-10-24,CUST00041,32.0,Male,Consumer,Books & Stationery,Desk Organizer,283.22,1,0.0,283.22,127.3,Central,Raipur,Credit Card
ORD100443,2023-10-24,CUST00923,24.0,Male,Corporate,Beauty & Personal Care,Lipstick,246.97,1,0.0,246.97,64.41,North,Jaipur,Credit Card
ORD101347,2023-10-24,CUST01738,33.0,Female,Consumer,Electronics,Wireless Earbuds,6949.73,1,0.0,6949.73,2296.05,North,Jaipur,Credit Card
ORD103140,2023-10-24,CUST00266,35.0,Female,Corporate,Electronics,Laptop Stand,1712.47,2,0.0,3424.94,922.01,West,Surat,UPI
ORD102924,2023-10-24,CUST01666,43.0,Female,Small Business,Home & Kitchen,Ceramic Mug Set,4578.36,4,0.05,17397.77,6565.67,Central,Raipur,UPI
ORD106496,2023-10-25,CUST00822,18.0,Female,Consumer,Beauty & Personal Care,Hair Dryer,1517.48,1,0.1,1365.73,427.82,East,Kolkata,Credit Card
ORD101128,2023-10-25,CUST01255,18.0,Male,Small Business,Sports & Outdoors,Yoga Mat,1682.97,1,0.2,1346.38,334.61,West,Pune,Credit Card
ORD102839,2023-10-25,CUST01236,28.0,Female,Corporate,Beauty & Personal Care,Sunscreen SPF50,460.83,1,0.0,460.83,100.47,Central,Nagpur,Cash on Delivery
ORD106163,2023-10-25,CUST00715,20.0,Male,Corporate,Home & Kitchen,Bedsheet Set,5334.98,1,0.25,4001.23,1046.14,South,Kochi,Cash on Delivery
ORD103598,2023-10-25,CUST00531,33.0,Male,Small Business,Home & Kitchen,Water Bottle,2902.11,1,0.2,2321.69,313.52,East,Kolkata,UPI
ORD101840,2023-10-25,CUST01313,39.0,Male,Consumer,Furniture,Coffee Table,14218.83,1,0.0,14218.83,5845.49,North,Chandigarh,UPI
ORD100392,2023-10-25,CUST00639,30.0,Male,Consumer,Clothing,Sports Cap,830.74,1,0.15,706.13,64.47,South,Bengaluru,Credit Card
ORD104917,2023-10-25,CUST01329,22.0,Male,Corporate,Clothing,Kids Hoodie,485.34,3,0.0,1456.02,357.69,Central,Nagpur,Net Banking
ORD103724,2023-10-25,CUST01976,35.0,Female,Consumer,Books & Stationery,Notebook Pack,773.64,1,0.05,734.96,223.24,East,Patna,Cash on Delivery
ORD103453,2023-10-25,CUST01070,18.0,Male,Consumer,Home & Kitchen,Non-Stick Pan,2462.2,1,0.0,2462.2,803.22,West,Mumbai,Net Banking
ORD102713,2023-10-25,CUST00167,23.0,Female,Consumer,Beauty & Personal Care,Lipstick,1812.32,1,0.05,1721.7,481.8,South,Chennai,Cash on Delivery
ORD105395,2023-10-25,CUST00931,45.0,Female,Corporate,Electronics,Laptop Stand,7699.36,1,0.15,6544.46,1284.49,South,Hyderabad,UPI
ORD103306,2023-10-25,CUST01358,41.0,Male,Consumer,Beauty & Personal Care,Trimmer,646.52,1,0.1,581.87,189.69,South,Chennai,UPI
ORD101491,2023-10-26,CUST01138,27.0,Male,Corporate,Home & Kitchen,Ceramic Mug Set,4926.83,1,0.1,4434.15,1507.76,Central,Raipur,UPI
ORD103025,2023-10-26,CUST00648,37.0,Male,Corporate,Furniture,Coffee Table,3737.75,1,0.1,3363.98,1108.67,West,Pune,UPI
ORD100870,2023-10-26,CUST00751,38.0,Male,Small Business,Electronics,Smartwatch,7718.83,1,0.2,6175.06,494.57,South,Hyderabad,UPI
ORD100000,2023-10-26,CUST00782,52.0,Male,Consumer,Beauty & Personal Care,Perfume,575.92,2,0.1,1036.66,336.97,South,Bengaluru,Credit Card
ORD100348,2023-10-26,CUST00981,24.0,Male,Small Business,Clothing,Formal Shirt,778.8,2,0.15,1323.96,254.98,East,Kolkata,Credit Card
ORD100442,2023-10-26,CUST01497,33.0,Female,Consumer,Clothing,Women's Jeans,608.58,2,0.1,1095.44,321.93,North,Delhi,Cash on Delivery
ORD103862,2023-10-26,CUST01590,45.0,Male,Consumer,Clothing,Sports Cap,1048.62,2,0.05,1992.38,728.16,North,Jaipur,UPI
ORD103976,2023-10-26,CUST01210,41.0,Male,Consumer,Beauty & Personal Care,Sunscreen SPF50,335.07,1,0.2,268.06,55.38,North,Jaipur,Cash on Delivery
ORD106218,2023-10-26,CUST00298,32.0,Male,Corporate,Electronics,Bluetooth Speaker,7678.77,1,0.25,5759.08,-14.65,North,Jaipur,Net Banking
ORD103612,2023-10-26,CUST00761,24.0,Female,Corporate,Clothing,Summer Dress,2151.4,1,0.0,2151.4,827.5,South,Bengaluru,Debit Card
ORD102390,2023-10-26,CUST00257,52.0,Female,Corporate,Sports & Outdoors,Camping Tent,2069.47,1,0.05,1966.0,456.17,North,Chandigarh,UPI
ORD105775,2023-10-27,CUST01015,33.0,Male,Consumer,Clothing,Sports Cap,2812.23,1,0.15,2390.4,209.22,South,Bengaluru,Net Banking
ORD106111,2023-10-27,CUST01237,41.0,Female,Consumer,Electronics,Smartwatch,8458.54,1,0.0,8458.54,1812.51,North,Chandigarh,UPI
ORD104738,2023-10-27,CUST01924,44.0,Male,Consumer,Electronics,Smartphone Case,3484.83,1,0.05,3310.59,1373.48,East,Patna,UPI
ORD102489,2023-10-27,CUST00647,24.0,Male,Small Business,Books & Stationery,Sketch Pens,245.71,1,0.1,221.14,45.53,East,Bhubaneswar,Credit Card
ORD100448,2023-10-27,CUST00327,21.0,Male,Consumer,Clothing,Summer Dress,1661.36,1,0.1,1495.22,552.26,West,Ahmedabad,Cash on Delivery
ORD106306,2023-10-27,CUST00473,39.0,Female,Corporate,Sports & Outdoors,Football,6033.75,2,0.0,12067.5,4202.21,West,Surat,UPI
ORD100282,2023-10-27,CUST00023,37.0,Female,Corporate,Electronics,Smartphone Case,2675.41,1,0.0,2675.41,615.8,North,Lucknow,UPI
ORD103298,2023-10-27,CUST00329,49.0,Female,Corporate,Home & Kitchen,Air Fryer,4974.14,1,0.0,4974.14,1000.68,West,Mumbai,Credit Card
ORD101768,2023-10-27,CUST01041,32.0,Female,Small Business,Home & Kitchen,Non-Stick Pan,285.47,1,0.1,256.92,80.08,South,Kochi,Credit Card
ORD106130,2023-10-27,CUST00866,23.0,Male,Consumer,Clothing,Kids Hoodie,703.65,2,0.0,1407.3,437.89,North,Chandigarh,Debit Card
ORD100465,2023-10-27,CUST00410,22.0,Male,Corporate,Books & Stationery,Planner Diary,324.6,2,0.05,616.74,163.12,West,Surat,UPI
ORD105903,2023-10-27,CUST00659,40.0,Female,Small Business,Clothing,Sports Cap,2448.14,4,0.15,8323.68,806.92,East,Patna,UPI
ORD100739,2023-10-28,CUST01619,23.0,Male,Consumer,Clothing,Kids Hoodie,413.35,1,0.0,413.35,88.21,West,Surat,Cash on Delivery
ORD100639,2023-10-28,CUST01761,53.0,Male,Corporate,Electronics,Power Bank,2277.28,1,0.1,2049.55,236.05,East,Kolkata,Debit Card
ORD104785,2023-10-28,CUST01413,22.0,Male,Corporate,Furniture,Study Table,5360.64,2,0.25,8040.96,-509.0,East,Bhubaneswar,Net Banking
ORD104822,2023-10-28,CUST01149,34.0,Other,Consumer,Beauty & Personal Care,Sunscreen SPF50,297.89,1,0.1,268.1,36.42,West,Ahmedabad,UPI
ORD105205,2023-10-28,CUST00365,45.0,Male,Consumer,Electronics,Bluetooth Speaker,3192.4,4,0.05,12131.12,4412.31,West,Surat,UPI
ORD105135,2023-10-28,CUST01191,28.0,Male,Consumer,Books & Stationery,Planner Diary,429.65,1,0.05,408.17,129.13,West,Mumbai,Credit Card
ORD104250,2023-10-28,CUST00570,29.0,Male,Corporate,Electronics,Laptop Stand,8004.73,5,0.05,38022.47,8240.41,North,Chandigarh,Cash on Delivery
ORD100516,2023-10-28,CUST00743,29.0,Female,Consumer,Electronics,Smartphone Case,4230.91,1,0.05,4019.36,1605.34,Central,Raipur,UPI
ORD106082,2023-10-28,CUST01575,32.0,Female,Consumer,Clothing,Sports Cap,1748.11,2,0.05,3321.41,607.2,North,Chandigarh,UPI
ORD105804,2023-10-28,CUST01254,56.0,Female,Consumer,Sports & Outdoors,Dumbbell Set,1279.67,4,0.05,4862.75,1115.59,South,Chennai,UPI
ORD104609,2023-10-28,CUST00520,27.0,Male,Small Business,Electronics,Bluetooth Speaker,4407.84,1,0.0,4407.84,1116.61,South,Chennai,UPI
ORD102624,2023-10-28,CUST00420,56.0,Male,Consumer,Sports & Outdoors,Yoga Mat,6598.15,1,0.0,6598.15,2038.59,South,Bengaluru,UPI
ORD104836,2023-10-28,CUST00386,41.0,Male,Small Business,Clothing,Winter Jacket,880.36,1,0.25,660.27,159.41,West,Mumbai,UPI
ORD101498,2023-10-29,CUST01693,28.0,Female,Consumer,Electronics,USB-C Cable,8501.98,1,0.25,6376.48,501.88,West,Surat,UPI
ORD102970,2023-10-29,CUST01770,26.0,Female,Consumer,Clothing,Men's T-Shirt,1134.75,1,0.1,1021.28,213.06,North,Lucknow,Credit Card
ORD103677,2023-10-29,CUST01741,25.0,Male,Small Business,Electronics,Smartphone Case,2901.45,1,0.0,2901.45,741.36,North,Jaipur,Debit Card
ORD102089,2023-10-29,CUST00082,22.0,Male,Consumer,Clothing,Kids Hoodie,1370.27,2,0.1,2466.49,562.24,Central,Nagpur,UPI
ORD100909,2023-10-29,CUST00685,49.0,Female,Consumer,Furniture,Study Table,1616.2,1,0.2,1292.96,307.13,Central,Nagpur,Cash on Delivery
ORD103901,2023-10-29,CUST01313,39.0,Male,Consumer,Home & Kitchen,Water Bottle,3349.52,1,0.0,3349.52,1168.14,North,Delhi,Cash on Delivery
ORD105035,2023-10-29,CUST01814,29.0,Female,Small Business,Clothing,Sports Cap,1938.14,2,0.1,3488.65,513.92,East,Bhubaneswar,Credit Card
ORD101504,2023-10-29,CUST00391,40.0,Male,Consumer,Electronics,Wireless Earbuds,4756.89,1,0.0,4756.89,1783.51,Central,Raipur,Cash on Delivery
ORD106234,2023-10-29,CUST00549,34.0,Female,Small Business,Beauty & Personal Care,Perfume,1672.62,1,0.05,1588.99,367.32,North,Lucknow,UPI
ORD104163,2023-10-29,CUST00201,36.0,Female,Consumer,Electronics,USB-C Cable,7379.05,2,0.05,14020.2,4124.11,South,Chennai,Cash on Delivery
ORD102199,2023-10-29,CUST00394,25.0,Male,Consumer,Electronics,Webcam,5669.28,2,0.05,10771.63,3009.77,East,Kolkata,UPI
ORD102683,2023-10-29,CUST01984,23.0,Female,Small Business,Furniture,Coffee Table,8808.59,1,0.0,8808.59,1860.49,South,Kochi,UPI
ORD104334,2023-10-30,CUST00456,52.0,Female,Small Business,Home & Kitchen,LED Table Lamp,1178.26,1,0.0,1178.26,444.54,South,Chennai,Credit Card
ORD104851,2023-10-30,CUST01253,34.0,Female,Small Business,Clothing,Women's Jeans,946.44,1,0.15,804.47,165.92,South,Hyderabad,Credit Card
ORD101819,2023-10-30,CUST00606,45.0,Female,Small Business,Electronics,USB-C Cable,2002.06,1,0.05,1901.96,526.3,West,Mumbai,Debit Card
ORD104870,2023-10-30,CUST02058,34.0,Female,Consumer,Furniture,Wardrobe,2882.24,1,0.05,2738.13,867.25,Central,Nagpur,Debit Card
ORD103830,2023-10-30,CUST01265,33.0,Female,Corporate,Clothing,Formal Shirt,2467.82,1,0.15,2097.65,453.42,West,Pune,Cash on Delivery
ORD104408,2023-10-30,CUST01751,25.0,Male,Corporate,Home & Kitchen,Storage Rack,2028.49,1,0.0,2028.49,412.48,West,Pune,Debit Card
ORD100521,2023-10-30,CUST01644,33.0,Female,Small Business,Clothing,Running Shoes,1169.67,1,0.15,994.22,294.41,North,Chandigarh,UPI
ORD101670,2023-10-30,CUST00799,24.0,Male,Corporate,Books & Stationery,Sketch Pens,156.08,1,0.15,132.67,23.94,West,Pune,Debit Card
ORD106304,2023-10-31,CUST01992,24.0,Male,Consumer,Clothing,Women's Jeans,1062.27,1,0.05,1009.16,207.71,West,Mumbai,Debit Card
ORD106487,2023-10-31,CUST00428,33.0,Male,Consumer,Electronics,Webcam,8001.61,1,0.15,6801.37,1076.39,North,Lucknow,UPI
ORD102335,2023-10-31,CUST01463,36.0,Female,Corporate,Clothing,Women's Jeans,1216.93,1,0.1,1095.24,384.42,South,Bengaluru,Debit Card
ORD100955,2023-10-31,CUST00442,37.0,Female,Consumer,Electronics,Smartwatch,2442.98,1,0.2,1954.38,349.86,East,Bhubaneswar,Credit Card
ORD104376,2023-10-31,CUST02023,25.0,Other,Corporate,Electronics,Laptop Stand,4203.1,1,0.2,3362.48,548.36,North,Delhi,Credit Card
ORD105755,2023-10-31,CUST01967,47.0,Male,Small Business,Clothing,Men's T-Shirt,2158.16,1,0.0,2158.16,747.54,East,Bhubaneswar,Net Banking
ORD101963,2023-10-31,CUST00141,27.0,Female,Consumer,Clothing,Winter Jacket,1234.68,2,0.05,2345.89,927.26,North,Delhi,Credit Card
ORD104338,2023-10-31,CUST01869,30.0,Female,Corporate,Books & Stationery,Sketch Pens,126.97,1,0.1,114.27,42.3,South,Bengaluru,UPI
ORD104654,2023-10-31,CUST00685,49.0,Female,Consumer,Clothing,Men's T-Shirt,684.61,1,0.0,684.61,220.9,West,Ahmedabad,Credit Card
ORD103357,2023-10-31,CUST00016,45.0,Male,Consumer,Books & Stationery,Sketch Pens,934.25,1,0.05,887.54,300.23,West,Surat,UPI
ORD100251,2023-11-01,CUST01526,25.0,Male,Corporate,Home & Kitchen,Bedsheet Set,4045.54,1,0.05,3843.26,1071.44,East,Kolkata,Cash on Delivery
ORD101076,2023-11-01,CUST01960,35.0,Female,Consumer,Electronics,Webcam,8796.75,1,0.15,7477.24,1649.69,East,Kolkata,Debit Card
ORD105551,2023-11-01,CUST00894,36.0,Female,Consumer,Electronics,Power Bank,8418.84,1,0.0,8418.84,2324.21,South,Hyderabad,UPI
ORD102974,2023-11-01,CUST00728,18.0,Male,Consumer,Books & Stationery,Fiction Novel,120.44,1,0.0,120.44,31.92,West,Ahmedabad,Debit Card
ORD100746,2023-11-01,CUST01674,23.0,Female,Corporate,Clothing,Winter Jacket,2944.46,1,0.1,2650.01,505.95,Central,Nagpur,Cash on Delivery
ORD106416,2023-11-01,CUST00482,43.0,Female,Corporate,Electronics,Bluetooth Speaker,2447.63,1,0.0,2447.63,828.98,West,Mumbai,Net Banking
ORD103517,2023-11-01,CUST01985,35.0,Other,Small Business,Beauty & Personal Care,Face Wash,1650.25,1,0.1,1485.22,389.61,Central,Raipur,Net Banking
ORD103833,2023-11-01,CUST00190,18.0,Male,Consumer,Clothing,Summer Dress,1284.2,1,0.25,963.15,154.97,West,Ahmedabad,Debit Card
ORD102271,2023-11-01,CUST01831,53.0,Male,Consumer,Home & Kitchen,Mixer Grinder,4043.89,1,0.25,3032.92,608.57,North,Jaipur,Cash on Delivery
ORD102436,2023-11-01,CUST00554,23.0,Male,Consumer,Sports & Outdoors,Cricket Bat,3689.49,1,0.05,3505.02,1433.7,South,Hyderabad,UPI
ORD105370,2023-11-01,CUST00882,46.0,Female,Corporate,Electronics,Smartwatch,3052.02,2,0.05,5798.84,1177.18,Central,Raipur,Cash on Delivery
ORD102416,2023-11-01,CUST00797,34.0,Female,Consumer,Clothing,Winter Jacket,2455.16,1,0.0,2455.16,769.71,West,Surat,UPI
ORD104371,2023-11-02,CUST00528,24.0,Male,Corporate,Beauty & Personal Care,Lipstick,1262.79,1,0.25,947.09,92.78,North,Lucknow,Credit Card
ORD104894,2023-11-02,CUST00002,35.0,Female,Consumer,Home & Kitchen,Mixer Grinder,5770.4,1,0.1,5193.36,822.72,North,Delhi,Credit Card
ORD105250,2023-11-02,CUST00387,36.0,Male,Corporate,Clothing,Winter Jacket,2028.55,1,0.0,2028.55,600.3,West,Surat,Debit Card
ORD100177,2023-11-02,CUST00110,18.0,Female,Consumer,Beauty & Personal Care,Lipstick,227.35,1,0.05,215.98,79.27,West,Ahmedabad,UPI
ORD103687,2023-11-02,CUST01552,26.0,Female,Consumer,Furniture,Coffee Table,10043.92,1,0.2,8035.14,1467.93,West,Mumbai,
ORD100365,2023-11-02,CUST00203,18.0,Male,Consumer,Home & Kitchen,Bedsheet Set,3083.09,4,0.15,10482.51,3172.07,West,Surat,Debit Card
ORD102493,2023-11-02,CUST00075,28.0,Female,Consumer,Furniture,Coffee Table,13810.0,1,0.0,13810.0,5861.16,North,Lucknow,UPI
ORD105415,2023-11-02,CUST00016,45.0,Male,Consumer,Furniture,Bookshelf,6382.65,2,0.15,10850.5,3079.5,North,Chandigarh,Credit Card
ORD104263,2023-11-02,CUST01842,33.0,Female,Consumer,Sports & Outdoors,Camping Tent,4344.81,1,0.2,3475.85,958.16,East,Kolkata,Credit Card
ORD105198,2023-11-02,CUST00246,21.0,Female,Consumer,Home & Kitchen,Bedsheet Set,3760.77,2,0.0,7521.54,1681.57,North,Lucknow,UPI
ORD104165,2023-11-03,CUST00970,,Male,Corporate,Books & Stationery,Planner Diary,941.89,2,0.15,1601.21,466.5,North,Chandigarh,Cash on Delivery
ORD105307,2023-11-03,CUST01674,23.0,Female,Corporate,Clothing,Running Shoes,970.03,1,0.0,970.03,319.45,South,Kochi,Net Banking
ORD101488,2023-11-03,CUST00081,28.0,Male,Corporate,Home & Kitchen,Air Fryer,2884.25,3,0.05,8220.11,2098.63,North,Delhi,Credit Card
ORD100963,2023-11-03,CUST01160,22.0,Female,Consumer,Home & Kitchen,Non-Stick Pan,1547.9,4,0.05,5882.02,1860.8,West,Pune,Cash on Delivery
ORD103435,2023-11-03,CUST00265,35.0,Female,Small Business,Sports & Outdoors,Cycling Helmet,4782.66,2,0.0,9565.32,3816.97,North,Jaipur,Credit Card
ORD102629,2023-11-03,CUST00126,28.0,Male,Consumer,Home & Kitchen,LED Table Lamp,2292.08,1,0.2,1833.66,309.68,West,Mumbai,Cash on Delivery
ORD105180,2023-11-03,CUST01470,28.0,Female,Corporate,Clothing,Summer Dress,1442.0,1,0.0,1442.0,633.14,West,Pune,Cash on Delivery
ORD102419,2023-11-03,CUST00495,18.0,Male,Consumer,Beauty & Personal Care,Sunscreen SPF50,1210.04,1,0.05,1149.54,306.31,Central,Raipur,Credit Card
ORD100406,2023-11-03,CUST01454,30.0,Female,Consumer,Furniture,Bean Bag,10887.31,1,0.0,10887.31,4215.84,South,Chennai,
ORD100360,2023-11-03,CUST00429,18.0,Male,Consumer,Home & Kitchen,Non-Stick Pan,3957.91,2,0.0,7915.82,2671.18,South,Chennai,Credit Card
ORD100060,2023-11-03,CUST01135,42.0,Male,Consumer,Clothing,Women's Jeans,630.76,1,0.15,536.15,91.69,West,Surat,Credit Card
ORD102750,2023-11-03,CUST00626,49.0,Male,Consumer,Clothing,Sports Cap,777.67,1,0.0,777.67,189.64,West,Ahmedabad,Net Banking
ORD103286,2023-11-03,CUST00610,40.0,Female,Corporate,Clothing,Winter Jacket,2052.75,2,0.05,3900.22,1243.76,West,Ahmedabad,Cash on Delivery
ORD101381,2023-11-04,CUST01140,34.0,Female,Corporate,Clothing,Sports Cap,895.65,1,0.0,895.65,266.99,West,Surat,Cash on Delivery
ORD106229,2023-11-04,CUST00873,21.0,Female,Small Business,Electronics,Laptop Stand,2892.94,1,0.0,2892.94,815.97,East,Bhubaneswar,UPI
ORD105934,2023-11-04,CUST01494,18.0,Other,Consumer,Electronics,Laptop Stand,5786.14,2,0.05,10993.67,4606.58,North,Lucknow,Cash on Delivery
ORD106291,2023-11-04,CUST00936,29.0,Male,Corporate,Electronics,Smartphone Case,3862.05,1,0.1,3475.84,976.7,South,Chennai,Net Banking
ORD102435,2023-11-04,CUST00620,29.0,Female,Corporate,Home & Kitchen,Mixer Grinder,4940.54,1,0.2,3952.43,635.29,West,Ahmedabad,UPI
ORD103292,2023-11-04,CUST01499,18.0,Female,Consumer,Electronics,Bluetooth Speaker,8278.06,1,0.0,8278.06,2948.35,North,Lucknow,UPI
ORD103234,2023-11-04,CUST00290,29.0,Male,Consumer,Furniture,Bookshelf,11730.0,2,0.15,19941.0,2577.45,West,Pune,UPI
ORD101918,2023-11-04,CUST00102,40.0,Male,Consumer,Electronics,Smartphone Case,5275.32,1,0.15,4484.02,1381.1,North,Lucknow,UPI
ORD101581,2023-11-04,CUST01393,37.0,Female,Consumer,Beauty & Personal Care,Hair Dryer,570.41,2,0.2,912.66,85.52,North,Delhi,UPI
ORD105457,2023-11-04,CUST00772,34.0,Male,Corporate,Beauty & Personal Care,Sunscreen SPF50,952.19,2,0.05,1809.16,346.25,North,Delhi,Net Banking
ORD103961,2023-11-05,CUST01538,26.0,Female,Corporate,Electronics,Webcam,6449.04,1,0.1,5804.14,1362.63,South,Kochi,UPI
ORD105000,2023-11-05,CUST00675,31.0,Female,Consumer,Home & Kitchen,Mixer Grinder,4930.31,1,0.05,4683.79,837.65,Central,Nagpur,UPI
ORD103199,2023-11-05,CUST00203,18.0,Male,Consumer,Home & Kitchen,Non-Stick Pan,4673.12,1,0.1,4205.81,1420.98,Central,Bhopal,UPI
ORD103943,2023-11-05,CUST01556,41.0,Female,Consumer,Sports & Outdoors,Cricket Bat,6286.35,1,0.05,5972.03,2508.1,South,Bengaluru,Net Banking
ORD104845,2023-11-05,CUST01038,51.0,Male,Small Business,Sports & Outdoors,Camping Tent,3852.55,1,0.1,3467.3,889.43,South,Bengaluru,UPI
ORD103258,2023-11-05,CUST00776,32.0,Female,Consumer,Home & Kitchen,Ceramic Mug Set,3512.12,1,0.1,3160.91,575.12,East,Kolkata,Debit Card
ORD104279,2023-11-05,CUST01868,27.0,Female,Consumer,Books & Stationery,Desk Organizer,783.11,1,0.15,665.64,164.91,East,Patna,Cash on Delivery
ORD102840,2023-11-05,CUST01657,31.0,Female,Small Business,Clothing,Summer Dress,1202.0,1,0.0,1202.0,522.54,North,Delhi,UPI
ORD100566,2023-11-05,CUST00016,45.0,Male,Consumer,Beauty & Personal Care,Hair Dryer,1826.08,2,0.05,3469.55,805.94,South,Kochi,Credit Card
ORD100227,2023-11-05,CUST01931,33.0,Male,Small Business,Home & Kitchen,Storage Rack,643.2,1,0.2,514.56,86.74,North,Lucknow,Debit Card
ORD100736,2023-11-05,CUST00077,42.0,Male,Consumer,Clothing,Formal Shirt,2224.68,1,0.0,2224.68,688.9,West,Pune,Credit Card
ORD105214,2023-11-05,CUST01905,28.0,Female,Consumer,Home & Kitchen,Air Fryer,4709.17,3,0.0,14127.51,3285.18,West,Surat,UPI
ORD104823,2023-11-05,CUST01252,43.0,Male,Corporate,Clothing,Formal Shirt,647.14,1,0.05,614.78,154.06,Central,Bhopal,UPI
ORD101266,2023-11-05,CUST00837,18.0,Male,Consumer,Clothing,Women's Jeans,886.23,5,0.1,3988.04,635.78,North,Delhi,UPI
ORD104748,2023-11-05,CUST00165,39.0,Female,Consumer,Clothing,Kids Hoodie,1176.89,1,0.0,1176.89,486.12,East,Bhubaneswar,Net Banking
ORD102929,2023-11-05,CUST01039,27.0,Female,Consumer,Furniture,Wardrobe,8378.24,1,0.2,6702.59,935.97,West,Mumbai,Cash on Delivery
ORD103679,2023-11-05,CUST02022,49.0,Female,Consumer,Books & Stationery,Desk Organizer,586.82,1,0.0,586.82,189.42,Central,Nagpur,Credit Card
ORD104011,2023-11-05,CUST01700,18.0,Male,Consumer,Sports & Outdoors,Cricket Bat,6911.82,1,0.0,6911.82,2314.16,East,Kolkata,Credit Card
ORD104425,2023-11-05,CUST01367,41.0,Female,Small Business,Home & Kitchen,Ceramic Mug Set,4272.38,3,0.05,12176.28,3145.23,East,Bhubaneswar,Debit Card
ORD101460,2023-11-05,CUST01110,27.0,Female,Corporate,Clothing,Men's T-Shirt,435.43,2,0.05,827.32,207.03,Central,Bhopal,Cash on Delivery
ORD104685,2023-11-05,CUST00263,18.0,Male,Consumer,Electronics,Smartphone Case,6883.91,2,0.05,13079.43,3661.06,North,Delhi,Cash on Delivery
ORD104586,2023-11-05,CUST01046,29.0,Female,Small Business,Sports & Outdoors,Dumbbell Set,2771.71,1,0.1,2494.54,426.44,West,Ahmedabad,Credit Card
ORD101769,2023-11-06,CUST00911,18.0,Female,Corporate,Electronics,Smartphone Case,6536.07,1,0.05,6209.27,1478.27,South,Chennai,UPI
ORD102466,2023-11-06,CUST00321,53.0,Female,Consumer,Beauty & Personal Care,Hair Dryer,1577.55,1,0.1,1419.8,227.57,Central,Raipur,Debit Card
ORD104950,2023-11-06,CUST01086,28.0,Female,Corporate,Electronics,Power Bank,4846.91,1,0.2,3877.53,1105.18,West,Ahmedabad,UPI
ORD102671,2023-11-06,CUST00062,23.0,Female,Corporate,Clothing,Formal Shirt,1718.99,1,0.25,1289.24,270.17,West,Pune,UPI
ORD103870,2023-11-06,CUST00712,20.0,Male,Small Business,Electronics,Smartphone Case,995.84,2,0.0,1991.68,600.27,West,Ahmedabad,Credit Card
ORD105398,2023-11-06,CUST00356,34.0,Female,Small Business,Furniture,Bean Bag,9339.36,1,0.05,8872.39,2393.0,East,Bhubaneswar,Debit Card
ORD102317,2023-11-06,CUST02078,18.0,Male,Consumer,Electronics,USB-C Cable,4793.87,2,0.0,9587.74,2747.61,South,Kochi,Cash on Delivery
ORD103997,2023-11-06,CUST00936,29.0,Male,Corporate,Home & Kitchen,Ceramic Mug Set,4677.57,2,0.05,8887.38,3587.82,South,Bengaluru,Debit Card
ORD106053,2023-11-06,CUST00709,29.0,Female,Consumer,Clothing,Summer Dress,486.25,1,0.0,486.25,214.4,Central,Nagpur,Cash on Delivery
ORD103915,2023-11-06,CUST00076,35.0,Male,Small Business,Electronics,Bluetooth Speaker,8208.1,1,0.05,7797.7,1568.28,South,Kochi,Debit Card
ORD104241,2023-11-07,CUST00436,27.0,Female,Consumer,Beauty & Personal Care,Face Wash,1718.4,2,0.1,3093.12,744.87,South,Hyderabad,Net Banking
ORD102993,2023-11-07,CUST00966,32.0,Male,Consumer,Home & Kitchen,Water Bottle,2542.77,1,0.0,2542.77,671.01,South,Kochi,Debit Card
ORD102099,2023-11-07,CUST00072,24.0,Male,Consumer,Clothing,Kids Hoodie,1085.86,1,0.0,1085.86,221.5,North,Delhi,UPI
ORD100893,2023-11-07,CUST00125,28.0,Male,Consumer,Furniture,Coffee Table,11690.16,1,0.1,10521.14,3411.02,South,Bengaluru,Cash on Delivery
ORD104294,2023-11-07,CUST00275,29.0,Female,Corporate,Electronics,Smartwatch,6712.08,1,0.25,5034.06,-181.38,West,Surat,UPI
ORD101290,2023-11-07,CUST01602,22.0,Male,Corporate,Electronics,Bluetooth Speaker,8086.4,1,0.0,8086.4,2716.46,North,Jaipur,
ORD102305,2023-11-07,CUST00434,22.0,Male,Consumer,Electronics,Bluetooth Speaker,6530.13,1,0.05,6203.62,1095.68,West,Surat,Cash on Delivery
ORD104026,2023-11-07,CUST01585,49.0,Male,Consumer,Home & Kitchen,Air Fryer,1438.59,1,0.1,1294.73,192.45,East,Bhubaneswar,Debit Card
ORD106413,2023-11-07,CUST00113,43.0,Male,Small Business,Clothing,Winter Jacket,1289.32,1,0.0,1289.32,464.37,East,Bhubaneswar,Cash on Delivery
ORD101106,2023-11-07,CUST01512,29.0,Male,Corporate,Home & Kitchen,Air Fryer,2924.26,2,0.0,5848.52,1955.47,North,Chandigarh,Cash on Delivery
ORD100773,2023-11-07,CUST00809,38.0,Female,Corporate,Electronics,USB-C Cable,6585.88,1,0.05,6256.59,1121.77,East,Bhubaneswar,Credit Card
ORD101658,2023-11-07,CUST00010,39.0,Female,Corporate,Books & Stationery,Desk Organizer,343.37,1,0.0,343.37,126.29,Central,Bhopal,Debit Card
ORD100572,2023-11-07,CUST02090,27.0,Male,Corporate,Electronics,Power Bank,5901.19,1,0.0,5901.19,2245.56,East,Patna,Credit Card
ORD101486,2023-11-07,CUST00177,40.0,Female,Corporate,Beauty & Personal Care,Hair Dryer,869.89,1,0.1,782.9,124.76,North,Delhi,UPI
ORD104465,2023-11-07,CUST00800,41.0,Male,Corporate,Clothing,Winter Jacket,2259.26,1,0.0,2259.26,935.01,North,Lucknow,UPI
ORD100823,2023-11-08,CUST02080,37.0,Male,Consumer,Sports & Outdoors,Cycling Helmet,2234.53,1,0.05,2122.8,357.89,North,Delhi,Credit Card
ORD104443,2023-11-08,CUST01747,28.0,Female,Consumer,Home & Kitchen,Bedsheet Set,5660.54,1,0.1,5094.49,1757.81,South,Bengaluru,Credit Card
ORD104373,2023-11-08,CUST02023,25.0,Other,Corporate,Furniture,Office Chair,5871.01,1,0.0,5871.01,1227.07,South,Chennai,UPI
ORD103092,2023-11-08,CUST01738,33.0,Female,Consumer,Books & Stationery,Sketch Pens,861.67,1,0.2,689.34,128.51,West,Mumbai,Credit Card
ORD103969,2023-11-08,CUST00769,45.0,Female,Small Business,Electronics,Power Bank,7259.33,4,0.05,27585.45,11466.74,East,Kolkata,Credit Card
ORD102724,2023-11-08,CUST00057,38.0,Female,Consumer,Sports & Outdoors,Dumbbell Set,5741.54,1,0.15,4880.31,1303.41,North,Lucknow,Net Banking
ORD100344,2023-11-08,CUST00787,38.0,Male,Consumer,Clothing,Sports Cap,2290.97,1,0.05,2176.42,794.78,North,Jaipur,UPI
ORD102834,2023-11-08,CUST01304,27.0,Male,Small Business,Beauty & Personal Care,Lipstick,560.0,1,0.0,560.0,250.16,Central,Bhopal,Net Banking
ORD101636,2023-11-08,CUST01711,18.0,Female,Consumer,Clothing,Kids Hoodie,2421.24,1,0.25,1815.93,413.7,West,Mumbai,Credit Card
ORD101692,2023-11-08,CUST01319,24.0,Male,Consumer,Clothing,Women's Jeans,533.92,1,0.05,507.22,191.82,North,Lucknow,Net Banking
ORD101505,2023-11-08,CUST00260,48.0,Male,Corporate,Furniture,Study Table,11681.34,1,0.05,11097.27,2412.32,Central,Nagpur,Credit Card
ORD101226,2023-11-08,CUST00981,24.0,Male,Small Business,Clothing,Winter Jacket,1252.99,1,0.1,1127.69,332.25,South,Hyderabad,Cash on Delivery
ORD100677,2023-11-08,CUST00062,23.0,Female,Corporate,Electronics,Smartphone Case,1499.8,1,0.0,1499.8,514.73,North,Jaipur,Debit Card
ORD103048,2023-11-08,CUST01846,55.0,Female,Consumer,Clothing,Kids Hoodie,2177.33,3,0.0,6531.99,2651.74,South,Kochi,Debit Card
ORD103651,2023-11-08,CUST00438,34.0,Female,Corporate,Beauty & Personal Care,Lipstick,187.18,1,0.1,168.46,56.98,South,Kochi,Credit Card
ORD100817,2023-11-08,CUST00698,27.0,Male,Consumer,Furniture,Coffee Table,8765.74,1,0.2,7012.59,772.27,South,Chennai,UPI
ORD104259,2023-11-09,CUST01575,32.0,Female,Consumer,Beauty & Personal Care,Trimmer,818.12,2,0.15,1390.8,114.62,West,Surat,Cash on Delivery
ORD105960,2023-11-09,CUST00095,34.0,Male,Small Business,Furniture,Bookshelf,10109.7,1,0.0,10109.7,3741.3,South,Chennai,UPI
ORD103921,2023-11-09,CUST01985,35.0,Other,Small Business,Home & Kitchen,Air Fryer,2264.79,3,0.05,6454.65,1913.85,West,Pune,UPI
ORD104544,2023-11-09,CUST00761,24.0,Female,Corporate,Beauty & Personal Care,Hair Dryer,1903.5,1,0.15,1617.98,293.41,Central,Nagpur,Credit Card
ORD103780,2023-11-09,CUST00875,27.0,Female,Consumer,Beauty & Personal Care,Sunscreen SPF50,1876.31,1,0.2,1501.05,224.91,East,Bhubaneswar,Net Banking
ORD105224,2023-11-09,CUST00777,45.0,Male,Consumer,Home & Kitchen,LED Table Lamp,4372.54,2,0.2,6996.06,1853.88,Central,Bhopal,UPI
ORD106254,2023-11-09,CUST01909,47.0,Female,Consumer,Furniture,Wardrobe,3762.14,1,0.1,3385.93,992.87,West,Ahmedabad,UPI
ORD100864,2023-11-09,CUST01017,41.0,Male,Consumer,Clothing,Winter Jacket,458.72,2,0.2,733.95,41.32,South,Bengaluru,UPI
ORD106212,2023-11-09,CUST00463,50.0,Female,Corporate,Sports & Outdoors,Dumbbell Set,984.11,3,0.2,2361.86,302.2,East,Patna,UPI
ORD100787,2023-11-09,CUST00020,32.0,Male,Consumer,Furniture,Study Table,7690.82,1,0.1,6921.74,981.97,South,Hyderabad,Cash on Delivery
ORD104276,2023-11-10,CUST00288,26.0,Male,Corporate,Sports & Outdoors,Camping Tent,6016.49,1,0.0,6016.49,1323.75,North,Jaipur,UPI
ORD104460,2023-11-10,CUST01559,35.0,Female,Consumer,Furniture,Bookshelf,7432.51,1,0.05,7060.88,1174.4,North,Lucknow,UPI
ORD103479,2023-11-10,CUST01681,41.0,Female,Corporate,Home & Kitchen,Air Fryer,5787.84,1,0.0,5787.84,1914.97,South,Kochi,Debit Card
ORD104952,2023-11-10,CUST02038,25.0,Male,Consumer,Electronics,Power Bank,3580.34,1,0.0,3580.34,831.47,South,Chennai,UPI
ORD104147,2023-11-10,CUST01385,43.0,Male,Corporate,Sports & Outdoors,Camping Tent,892.97,1,0.2,714.38,110.66,East,Bhubaneswar,UPI
ORD102459,2023-11-10,CUST01129,18.0,Female,Consumer,Clothing,Sports Cap,2218.87,1,0.1,1996.98,528.2,South,Bengaluru,Net Banking
ORD101891,2023-11-10,CUST00250,62.0,Male,Consumer,Home & Kitchen,Non-Stick Pan,4412.42,1,0.05,4191.8,901.27,North,Chandigarh,UPI
ORD104180,2023-11-10,CUST02073,18.0,Female,Consumer,Clothing,Formal Shirt,2749.94,1,0.1,2474.95,934.73,Central,Raipur,Cash on Delivery
ORD103748,2023-11-10,CUST00261,18.0,Male,Corporate,Electronics,Laptop Stand,1093.54,1,0.05,1038.86,422.3,East,Patna,UPI
ORD106201,2023-11-10,CUST00829,43.0,Female,Consumer,Clothing,Men's T-Shirt,2419.78,1,0.05,2298.79,696.98,West,Ahmedabad,Debit Card
ORD102564,2023-11-10,CUST00618,18.0,Male,Consumer,Electronics,Wireless Earbuds,749.64,2,0.05,1424.32,358.94,South,Bengaluru,UPI
ORD106208,2023-11-10,CUST01856,30.0,Female,Consumer,Beauty & Personal Care,Perfume,1094.16,1,0.05,1039.45,387.2,North,Lucknow,UPI
ORD101057,2023-11-10,CUST01411,41.0,Female,Consumer,Beauty & Personal Care,Trimmer,959.81,1,0.05,911.82,182.37,South,Bengaluru,UPI
ORD101677,2023-11-10,CUST02014,18.0,Female,Small Business,Home & Kitchen,Ceramic Mug Set,3347.91,2,0.0,6695.82,1510.98,South,Chennai,UPI
ORD104771,2023-11-11,CUST00951,24.0,Male,Consumer,Beauty & Personal Care,Face Wash,206.77,1,0.1,186.09,42.38,West,Surat,UPI
ORD102570,2023-11-11,CUST01845,33.0,Female,Consumer,Electronics,Wireless Earbuds,8936.29,1,0.05,8489.48,2409.73,West,Pune,Net Banking
ORD102689,2023-11-11,CUST01427,,Other,Corporate,Electronics,USB-C Cable,7891.87,1,0.05,7497.28,1624.44,South,Hyderabad,UPI
ORD105781,2023-11-11,CUST01782,24.0,Female,Consumer,Home & Kitchen,Bedsheet Set,1791.63,1,0.1,1612.47,537.45,South,Hyderabad,UPI
ORD106060,2023-11-11,CUST01927,37.0,Male,Consumer,Electronics,USB-C Cable,4646.48,1,0.15,3949.51,460.64,South,Kochi,Debit Card
ORD100555,2023-11-11,CUST00170,34.0,Male,Small Business,Clothing,Sports Cap,2612.87,1,0.0,2612.87,650.26,South,Bengaluru,Cash on Delivery
ORD103889,2023-11-11,CUST00219,52.0,Female,Consumer,Clothing,Men's T-Shirt,780.64,1,0.1,702.58,187.19,West,Mumbai,Credit Card
ORD103017,2023-11-11,CUST01598,28.0,Female,Small Business,Beauty & Personal Care,Sunscreen SPF50,1779.89,2,0.25,2669.84,-76.75,West,Mumbai,Credit Card
ORD103043,2023-11-11,CUST01316,18.0,Female,Small Business,Electronics,Smartwatch,6612.4,2,0.05,12563.56,2990.27,South,Hyderabad,UPI
ORD103858,2023-11-11,CUST01633,35.0,Male,Consumer,Sports & Outdoors,Dumbbell Set,2354.35,3,0.0,7063.05,3055.39,Central,Bhopal,Cash on Delivery
ORD101473,2023-11-11,CUST00835,57.0,Female,Consumer,Sports & Outdoors,Yoga Mat,2888.03,1,0.15,2454.83,316.96,South,Hyderabad,UPI
ORD105322,2023-11-11,CUST00158,51.0,Female,Consumer,Home & Kitchen,Storage Rack,1150.1,3,0.25,2587.72,642.25,South,Kochi,Cash on Delivery
ORD101587,2023-11-11,CUST00160,20.0,Female,Consumer,Electronics,Smartphone Case,1168.7,1,0.15,993.4,205.47,East,Bhubaneswar,UPI
ORD104598,2023-11-11,CUST00518,42.0,Male,Consumer,Electronics,Webcam,6245.53,1,0.25,4684.15,651.99,East,Bhubaneswar,UPI
ORD105144,2023-11-12,CUST01198,28.0,Male,Consumer,Electronics,Smartphone Case,1006.82,1,0.25,755.12,95.14,South,Hyderabad,Cash on Delivery
ORD105910,2023-11-12,CUST01457,18.0,Female,Consumer,Home & Kitchen,Non-Stick Pan,2653.21,1,0.0,2653.21,1000.44,Central,Nagpur,Cash on Delivery
ORD106166,2023-11-12,CUST00784,39.0,Female,Corporate,Sports & Outdoors,Cycling Helmet,1396.23,2,0.0,2792.46,866.47,West,Surat,UPI
ORD104117,2023-11-12,CUST00183,23.0,Other,Small Business,Beauty & Personal Care,Perfume,1451.55,1,0.1,1306.4,171.12,North,Delhi,UPI
ORD105854,2023-11-12,CUST00516,18.0,Male,Consumer,Clothing,Kids Hoodie,2032.96,1,0.0,2032.96,880.59,Central,Raipur,UPI
ORD105355,2023-11-12,CUST00354,55.0,Male,Consumer,Sports & Outdoors,Cycling Helmet,2397.14,2,0.0,4794.28,1103.39,North,Chandigarh,UPI
ORD101467,2023-11-12,CUST00477,44.0,Female,Consumer,Beauty & Personal Care,Perfume,383.09,1,0.0,383.09,170.58,South,Hyderabad,Cash on Delivery
ORD105697,2023-11-12,CUST01679,32.0,Male,Consumer,Clothing,Sports Cap,2103.2,1,0.2,1682.56,196.3,East,Patna,Cash on Delivery
ORD104318,2023-11-12,CUST00109,56.0,Female,Consumer,Electronics,USB-C Cable,7644.64,4,0.1,27520.7,5536.7,West,Ahmedabad,UPI
ORD102548,2023-11-12,CUST00507,37.0,Male,Consumer,Electronics,Laptop Stand,5218.54,3,0.0,15655.62,7005.51,North,Delhi,UPI
ORD102547,2023-11-12,CUST00852,36.0,Male,Corporate,Books & Stationery,Notebook Pack,382.88,1,0.0,382.88,97.07,Central,Nagpur,Credit Card
ORD105962,2023-11-12,CUST00999,25.0,Male,Consumer,Home & Kitchen,Storage Rack,3646.74,2,0.15,6199.46,899.98,North,Lucknow,Debit Card
ORD102499,2023-11-12,CUST00916,58.0,Female,Consumer,Furniture,Office Chair,6455.11,3,0.1,17428.8,3569.75,South,Chennai,Credit Card
ORD106457,2023-11-12,CUST00548,19.0,Female,Consumer,Home & Kitchen,Storage Rack,1820.65,3,0.05,5188.85,2107.04,West,Surat,UPI
ORD103584,2023-11-12,CUST01004,37.0,Female,Consumer,Clothing,Kids Hoodie,1258.88,1,0.1,1132.99,264.34,South,Bengaluru,Credit Card
ORD104515,2023-11-12,CUST01795,27.0,Other,Consumer,Clothing,Men's T-Shirt,1286.26,2,0.0,2572.52,978.47,South,Bengaluru,Debit Card
ORD103843,2023-11-13,CUST01754,36.0,Female,Consumer,Electronics,Wireless Earbuds,4633.82,1,0.1,4170.44,954.44,South,Bengaluru,Net Banking
ORD101229,2023-11-13,CUST01282,29.0,Male,Corporate,Home & Kitchen,Water Bottle,5551.91,3,0.1,14990.16,4949.39,North,Jaipur,UPI
ORD102887,2023-11-13,CUST00242,28.0,Male,Consumer,Clothing,Sports Cap,1614.84,1,0.1,1453.36,255.38,West,Surat,UPI
ORD100316,2023-11-13,CUST00729,18.0,Female,Consumer,Sports & Outdoors,Cycling Helmet,6590.32,2,0.25,9885.48,631.58,South,Kochi,Debit Card
ORD104674,2023-11-13,CUST01409,43.0,Male,Corporate,Electronics,Smartwatch,8701.67,1,0.0,8701.67,3240.69,North,Jaipur,Debit Card
ORD105475,2023-11-13,CUST00036,32.0,Female,Corporate,Electronics,Wireless Earbuds,6892.21,1,0.1,6202.99,842.21,South,Bengaluru,Cash on Delivery
ORD103086,2023-11-13,CUST00788,31.0,Male,Small Business,Electronics,Power Bank,1566.14,2,0.0,3132.28,979.39,North,Lucknow,Debit Card
ORD104007,2023-11-13,CUST00565,18.0,Female,Consumer,Electronics,Smartwatch,4434.8,1,0.0,4434.8,1916.7,South,Bengaluru,Debit Card
ORD100913,2023-11-13,CUST01122,18.0,Female,Consumer,Furniture,Bean Bag,6241.74,2,0.0,12483.48,4162.44,West,Surat,Cash on Delivery
ORD106327,2023-11-13,CUST02090,27.0,Male,Corporate,Sports & Outdoors,Cricket Bat,5424.87,3,0.1,14647.15,3549.42,Central,Nagpur,Net Banking
ORD101127,2023-11-13,CUST01338,20.0,Male,Consumer,Books & Stationery,Desk Organizer,338.63,1,0.0,338.63,136.73,North,Chandigarh,UPI
ORD100873,2023-11-13,CUST01113,37.0,Male,Consumer,Books & Stationery,Sketch Pens,139.03,2,0.2,222.45,35.67,West,Mumbai,Net Banking
ORD102015,2023-11-14,CUST01412,28.0,Female,Small Business,Home & Kitchen,Mixer Grinder,5084.07,1,0.05,4829.87,1654.82,West,Ahmedabad,Debit Card
ORD104044,2023-11-14,CUST01377,18.0,Female,Consumer,Home & Kitchen,Storage Rack,4624.26,1,0.05,4393.05,1402.94,East,Patna,UPI
ORD105453,2023-11-14,CUST00877,27.0,Other,Consumer,Electronics,Smartwatch,3075.71,1,0.05,2921.92,500.88,Central,Bhopal,UPI
ORD106492,2023-11-14,CUST00453,34.0,Female,Small Business,Electronics,USB-C Cable,6709.24,2,0.05,12747.56,2533.0,North,Jaipur,UPI
ORD100106,2023-11-14,CUST01709,21.0,Female,Consumer,Books & Stationery,Planner Diary,623.13,5,0.2,2492.52,458.9,South,Chennai,Debit Card
ORD101961,2023-11-14,CUST01061,46.0,Female,Consumer,Books & Stationery,Planner Diary,954.16,1,0.15,811.04,223.88,South,Kochi,Net Banking
ORD105837,2023-11-14,CUST00561,28.0,Female,Consumer,Sports & Outdoors,Cricket Bat,5759.81,3,0.1,15551.49,4991.85,West,Surat,UPI
ORD105940,2023-11-14,CUST00078,60.0,Female,Small Business,Beauty & Personal Care,Sunscreen SPF50,771.52,1,0.05,732.94,308.46,West,Mumbai,UPI
ORD105423,2023-11-14,CUST01886,43.0,Female,Small Business,Home & Kitchen,Bedsheet Set,1630.97,1,0.05,1549.42,364.36,West,Pune,Cash on Delivery
ORD106136,2023-11-14,CUST01392,18.0,Female,Consumer,Beauty & Personal Care,Perfume,1694.41,1,0.2,1355.53,74.99,West,Surat,UPI
ORD104444,2023-11-14,CUST00401,34.0,Female,Corporate,Home & Kitchen,Water Bottle,2793.27,2,0.1,5027.89,1517.0,North,Jaipur,Credit Card
ORD103169,2023-11-14,CUST01248,32.0,Male,Consumer,Clothing,Kids Hoodie,2056.98,1,0.0,2056.98,809.8,South,Kochi,Cash on Delivery
ORD104576,2023-11-14,CUST00983,26.0,Female,Small Business,Clothing,Summer Dress,2289.71,2,0.25,3434.56,482.96,West,Mumbai,Cash on Delivery
ORD102319,2023-11-14,CUST01291,50.0,Female,Consumer,Clothing,Women's Jeans,501.37,1,0.0,501.37,222.23,West,Mumbai,Net Banking
ORD103747,2023-11-14,CUST00227,46.0,Male,Consumer,Electronics,Webcam,5495.76,1,0.1,4946.18,1576.45,West,Surat,Cash on Delivery
ORD102402,2023-11-14,CUST01778,29.0,Male,Consumer,Beauty & Personal Care,Trimmer,1865.74,1,0.1,1679.17,453.55,West,Mumbai,Credit Card
ORD100674,2023-11-14,CUST00774,33.0,Female,Consumer,Clothing,Women's Jeans,1780.74,1,0.25,1335.56,93.6,West,Surat,Debit Card
ORD101557,2023-11-14,CUST00401,34.0,Female,Corporate,Home & Kitchen,Bedsheet Set,2558.53,2,0.0,5117.06,1477.68,North,Lucknow,Cash on Delivery
ORD105233,2023-11-14,CUST00138,47.0,Female,Corporate,Clothing,Men's T-Shirt,1677.07,1,0.2,1341.66,121.37,West,Ahmedabad,UPI
ORD103410,2023-11-14,CUST00245,21.0,Male,Small Business,Clothing,Winter Jacket,633.0,1,0.0,633.0,184.99,South,Hyderabad,UPI
ORD104414,2023-11-14,CUST00759,52.0,Female,Small Business,Electronics,Wireless Earbuds,906.42,1,0.15,770.46,123.14,West,Mumbai,Net Banking
ORD101919,2023-11-15,CUST01785,,Male,Corporate,Clothing,Winter Jacket,1342.9,1,0.2,1074.32,165.15,East,Patna,Cash on Delivery
ORD100391,2023-11-15,CUST02068,42.0,Female,Corporate,Beauty & Personal Care,Trimmer,1911.62,1,0.2,1529.3,382.49,North,Chandigarh,UPI
ORD103247,2023-11-15,CUST00214,22.0,Female,Consumer,Beauty & Personal Care,Sunscreen SPF50,382.61,3,0.1,1033.05,305.21,North,Delhi,Debit Card
ORD104020,2023-11-15,CUST01303,28.0,Male,Corporate,Sports & Outdoors,Football,736.88,1,0.0,736.88,204.15,North,Lucknow,UPI
ORD100713,2023-11-15,CUST00518,42.0,Male,Consumer,Sports & Outdoors,Football,5503.98,2,0.05,10457.56,2901.21,West,Surat,Credit Card
ORD104244,2023-11-15,CUST00301,33.0,Male,Corporate,Sports & Outdoors,Yoga Mat,1206.83,1,0.05,1146.49,351.07,East,Kolkata,Net Banking
ORD102057,2023-11-15,CUST01071,28.0,Female,Corporate,Home & Kitchen,Water Bottle,3918.64,1,0.15,3330.84,851.75,Central,Raipur,Debit Card
ORD104262,2023-11-16,CUST01562,18.0,Male,Corporate,Clothing,Running Shoes,323.08,1,0.05,306.93,50.17,East,Bhubaneswar,Cash on Delivery
ORD101739,2023-11-16,CUST01088,24.0,Male,Consumer,Sports & Outdoors,Yoga Mat,1792.63,1,0.0,1792.63,772.73,East,Patna,Credit Card
ORD100526,2023-11-16,CUST01675,24.0,Female,Corporate,Home & Kitchen,LED Table Lamp,301.2,1,0.2,240.96,52.31,North,Delhi,Credit Card
ORD104352,2023-11-16,CUST00762,18.0,Male,Consumer,Home & Kitchen,Bedsheet Set,3420.01,1,0.05,3249.01,948.52,Central,Nagpur,UPI
ORD106391,2023-11-16,CUST01807,33.0,Female,Consumer,Beauty & Personal Care,Lipstick,1729.63,1,0.15,1470.19,432.43,North,Lucknow,Cash on Delivery
ORD100845,2023-11-16,CUST00389,18.0,Male,Corporate,Books & Stationery,Planner Diary,386.84,1,0.05,367.5,127.78,South,Kochi,Debit Card
ORD102687,2023-11-16,CUST01564,39.0,Male,Consumer,Clothing,Summer Dress,883.86,3,0.05,2519.0,863.32,West,Pune,UPI
ORD101534,2023-11-16,CUST01982,18.0,Male,Consumer,Furniture,Wardrobe,7711.48,1,0.15,6554.76,1782.67,West,Mumbai,UPI
ORD103866,2023-11-16,CUST00914,44.0,Female,Corporate,Clothing,Summer Dress,2301.8,1,0.05,2186.71,838.13,South,Bengaluru,Debit Card
ORD104837,2023-11-16,CUST01547,35.0,Male,Consumer,Electronics,Smartwatch,2853.34,1,0.05,2710.67,1045.6,West,Pune,Debit Card
ORD104416,2023-11-17,CUST00677,54.0,Female,Corporate,Sports & Outdoors,Yoga Mat,478.51,2,0.0,957.02,351.1,Central,Nagpur,Cash on Delivery
ORD103240,2023-11-17,CUST00710,18.0,Female,Consumer,Electronics,Webcam,7046.66,1,0.2,5637.33,440.45,North,Lucknow,UPI
ORD104458,2023-11-17,CUST01262,43.0,Female,Consumer,Sports & Outdoors,Cycling Helmet,3467.07,2,0.15,5894.02,597.3,North,Jaipur,UPI
ORD105809,2023-11-17,CUST00865,37.0,Male,Corporate,Sports & Outdoors,Dumbbell Set,3257.75,1,0.05,3094.86,602.8,East,Bhubaneswar,UPI
ORD102655,2023-11-17,CUST00497,39.0,Male,Small Business,Beauty & Personal Care,Trimmer,1212.8,1,0.05,1152.16,211.09,North,Delhi,Net Banking
ORD102903,2023-11-17,CUST00767,18.0,Female,Corporate,Beauty & Personal Care,Hair Dryer,1717.35,2,0.0,3434.7,992.15,North,Jaipur,Debit Card
ORD105874,2023-11-17,CUST01523,36.0,Female,Small Business,Sports & Outdoors,Yoga Mat,3457.2,1,0.15,2938.62,359.51,South,Kochi,UPI
ORD104704,2023-11-17,CUST01065,22.0,Male,Small Business,Electronics,Smartwatch,5137.38,1,0.15,4366.77,945.28,North,Lucknow,Cash on Delivery
ORD101744,2023-11-17,CUST01108,31.0,Female,Corporate,Clothing,Running Shoes,663.94,1,0.0,663.94,219.94,North,Delhi,Cash on Delivery
ORD103936,2023-11-18,CUST00942,43.0,Female,Corporate,Sports & Outdoors,Camping Tent,646.56,1,0.05,614.23,145.5,West,Surat,
ORD103939,2023-11-18,CUST00381,18.0,Male,Consumer,Furniture,Study Table,14288.87,1,0.1,12859.98,4710.04,West,Mumbai,UPI
ORD101082,2023-11-18,CUST00675,31.0,Female,Consumer,Electronics,Bluetooth Speaker,3731.38,1,0.0,3731.38,1546.38,North,Delhi,UPI
ORD100954,2023-11-18,CUST01067,44.0,Female,Small Business,Electronics,Webcam,3759.58,1,0.05,3571.6,1289.64,West,Ahmedabad,Credit Card
ORD105913,2023-11-18,CUST00406,48.0,Female,Small Business,Home & Kitchen,Storage Rack,1421.94,1,0.0,1421.94,573.91,West,Mumbai,UPI
ORD103563,2023-11-18,CUST01651,37.0,Male,Corporate,Sports & Outdoors,Football,4021.84,1,0.05,3820.75,1398.71,West,Surat,Credit Card
ORD100130,2023-11-18,CUST01583,30.0,Female,Consumer,Sports & Outdoors,Dumbbell Set,2733.01,1,0.1,2459.71,569.38,West,Surat,Cash on Delivery
ORD104723,2023-11-18,CUST01824,19.0,Male,Small Business,Electronics,Webcam,5881.17,5,0.15,24994.97,2955.86,South,Kochi,UPI
ORD100835,2023-11-18,CUST01677,52.0,Male,Corporate,Clothing,Women's Jeans,1527.39,2,0.0,3054.78,1302.23,West,Ahmedabad,UPI
ORD103850,2023-11-18,CUST00975,36.0,Female,Consumer,Clothing,Winter Jacket,2389.52,2,0.1,4301.14,940.01,West,Mumbai,Cash on Delivery
ORD102339,2023-11-18,CUST01526,25.0,Male,Corporate,Clothing,Summer Dress,2565.41,1,0.0,2565.41,645.28,West,Surat,Net Banking
ORD101063,2023-11-18,CUST00259,34.0,Male,Consumer,Home & Kitchen,Mixer Grinder,1776.34,1,0.05,1687.52,677.15,West,Surat,Credit Card
ORD106344,2023-11-18,CUST00539,18.0,Female,Consumer,Electronics,Bluetooth Speaker,795.81,2,0.0,1591.62,486.87,North,Jaipur,UPI
ORD102123,2023-11-18,CUST00131,25.0,Female,Consumer,Home & Kitchen,Bedsheet Set,1930.13,1,0.1,1737.12,403.56,West,Surat,UPI
ORD100511,2023-11-18,CUST01098,39.0,Male,Consumer,Books & Stationery,Desk Organizer,582.05,1,0.0,582.05,216.71,Central,Nagpur,Cash on Delivery
ORD104476,2023-11-18,CUST01685,18.0,Male,Consumer,Clothing,Sports Cap,2379.59,1,0.1,2141.63,813.74,South,Chennai,Cash on Delivery
ORD103031,2023-11-18,CUST00141,27.0,Female,Consumer,Sports & Outdoors,Dumbbell Set,1024.43,2,0.05,1946.42,467.5,West,Pune,Debit Card
ORD106020,2023-11-18,CUST00417,31.0,Male,Consumer,Home & Kitchen,Ceramic Mug Set,4971.2,1,0.1,4474.08,1484.99,South,Hyderabad,Credit Card
ORD105258,2023-11-18,CUST01163,30.0,Male,Corporate,Electronics,USB-C Cable,3595.99,1,0.0,3595.99,1108.48,West,Mumbai,UPI
ORD105840,2023-11-18,CUST00074,30.0,Male,Small Business,Clothing,Running Shoes,2446.72,1,0.05,2324.38,814.62,East,Kolkata,UPI
ORD104710,2023-11-18,CUST01855,48.0,Male,Consumer,Beauty & Personal Care,Sunscreen SPF50,872.47,1,0.15,741.6,126.72,East,Bhubaneswar,UPI
ORD102024,2023-11-18,CUST01226,19.0,Female,Small Business,Clothing,Running Shoes,764.82,1,0.0,764.82,163.16,West,Surat,Net Banking
ORD104784,2023-11-18,CUST01960,35.0,Female,Consumer,Clothing,Running Shoes,1526.54,1,0.0,1526.54,309.14,Central,Nagpur,Debit Card
ORD106090,2023-11-18,CUST01268,24.0,Female,Corporate,Electronics,Webcam,2203.53,1,0.2,1762.82,54.5,Central,Raipur,Net Banking
ORD104499,2023-11-19,CUST00115,24.0,Male,Small Business,Electronics,Smartwatch,6611.47,2,0.05,12561.79,3535.54,East,Patna,UPI
ORD101064,2023-11-19,CUST00678,46.0,Male,Consumer,Electronics,USB-C Cable,6904.12,1,0.0,6904.12,2030.39,North,Jaipur,UPI
ORD103957,2023-11-19,CUST01177,46.0,Female,Consumer,Home & Kitchen,Non-Stick Pan,2996.65,1,0.05,2846.82,1147.99,East,Patna,Credit Card
ORD105241,2023-11-19,CUST01171,21.0,Male,Small Business,Clothing,Running Shoes,820.98,1,0.25,615.74,72.31,North,Chandigarh,UPI
ORD105614,2023-11-19,CUST00309,27.0,Female,Consumer,Clothing,Winter Jacket,2828.84,1,0.15,2404.51,275.82,Central,Nagpur,UPI
ORD101957,2023-11-19,CUST01268,24.0,Female,Corporate,Electronics,Laptop Stand,4913.38,2,0.0,9826.76,2007.78,West,Surat,Debit Card
ORD104450,2023-11-19,CUST00594,29.0,Male,Consumer,Sports & Outdoors,Yoga Mat,3755.31,1,0.0,3755.31,1246.45,North,Chandigarh,Credit Card
ORD103875,2023-11-19,CUST00823,18.0,Female,Consumer,Sports & Outdoors,Football,6416.85,1,0.2,5133.48,1227.02,Central,Nagpur,Net Banking
ORD102873,2023-11-19,CUST00300,44.0,Female,Corporate,Home & Kitchen,Ceramic Mug Set,4359.1,2,0.05,8282.29,2767.71,East,Kolkata,UPI
ORD105231,2023-11-19,CUST00278,24.0,Female,Small Business,Electronics,Webcam,7090.92,1,0.0,7090.92,2870.16,South,Chennai,Credit Card
ORD100328,2023-11-19,CUST01091,20.0,Female,Corporate,Clothing,Sports Cap,2364.96,1,0.0,2364.96,1057.43,East,Patna,Credit Card
ORD101224,2023-11-19,CUST00117,41.0,Female,Consumer,Clothing,Women's Jeans,2432.02,1,0.25,1824.02,-88.48,North,Chandigarh,UPI
ORD103262,2023-11-19,CUST00716,18.0,Male,Consumer,Clothing,Kids Hoodie,328.9,1,0.0,328.9,117.3,North,Jaipur,UPI
ORD103046,2023-11-20,CUST00640,40.0,Female,Consumer,Sports & Outdoors,Cricket Bat,6447.49,3,0.0,19342.47,4350.51,Central,Nagpur,Credit Card
ORD102918,2023-11-20,CUST01261,18.0,Female,Consumer,Books & Stationery,Sketch Pens,700.0,1,0.1,630.0,240.79,West,Mumbai,Debit Card
ORD105863,2023-11-20,CUST00302,25.0,Male,Small Business,Sports & Outdoors,Football,5453.43,1,0.1,4908.09,1713.75,West,Surat,Debit Card
ORD105098,2023-11-20,CUST00083,34.0,Male,Consumer,Books & Stationery,Planner Diary,725.76,1,0.05,689.47,192.76,South,Chennai,UPI
ORD102361,2023-11-20,CUST01715,27.0,Male,Consumer,Books & Stationery,Planner Diary,480.14,2,0.15,816.24,243.64,North,Chandigarh,Credit Card
ORD102318,2023-11-20,CUST00541,41.0,Female,Small Business,Home & Kitchen,Mixer Grinder,1125.42,1,0.0,1125.42,343.39,South,Kochi,UPI
ORD102202,2023-11-20,CUST00368,38.0,Female,Consumer,Clothing,Sports Cap,1149.73,2,0.2,1839.57,414.37,North,Lucknow,UPI
ORD105721,2023-11-20,CUST00223,34.0,Male,Corporate,Electronics,Webcam,5633.13,1,0.0,5633.13,1807.74,West,Surat,Debit Card
ORD101357,2023-11-20,CUST01812,29.0,Male,Corporate,Beauty & Personal Care,Trimmer,1204.55,1,0.0,1204.55,264.32,South,Hyderabad,UPI
ORD104705,2023-11-20,CUST01384,51.0,Female,Consumer,Clothing,Sports Cap,2146.36,2,0.0,4292.72,1137.75,South,Chennai,UPI
ORD100904,2023-11-20,CUST00114,32.0,Male,Consumer,Home & Kitchen,Non-Stick Pan,767.58,2,0.1,1381.64,285.44,South,Chennai,Cash on Delivery
ORD100804,2023-11-21,CUST00116,42.0,Male,Small Business,Sports & Outdoors,Camping Tent,5878.32,1,0.0,5878.32,1253.05,West,Surat,Debit Card
ORD106415,2023-11-21,CUST00876,23.0,Male,Corporate,Beauty & Personal Care,Trimmer,272.84,1,0.2,218.27,47.06,South,Hyderabad,UPI
ORD100452,2023-11-21,CUST01481,36.0,Female,Consumer,Electronics,Wireless Earbuds,3683.48,1,0.0,3683.48,1002.36,South,Bengaluru,UPI
ORD104930,2023-11-21,CUST01770,26.0,Female,Consumer,Beauty & Personal Care,Face Wash,684.34,1,0.0,684.34,247.3,East,Kolkata,UPI
ORD103489,2023-11-21,CUST01568,39.0,Female,Consumer,Clothing,Summer Dress,1933.23,2,0.15,3286.49,632.67,Central,Bhopal,UPI
ORD106488,2023-11-21,CUST00509,41.0,Male,Consumer,Beauty & Personal Care,Lipstick,668.8,1,0.0,668.8,145.75,South,Hyderabad,UPI
ORD101565,2023-11-21,CUST00913,42.0,Female,Corporate,Sports & Outdoors,Yoga Mat,4781.5,3,0.05,13627.28,4226.24,West,Ahmedabad,UPI
ORD103351,2023-11-21,CUST01924,44.0,Male,Consumer,Beauty & Personal Care,Face Wash,340.6,2,0.0,681.2,257.5,West,Surat,Credit Card
ORD100924,2023-11-22,CUST01152,20.0,Female,Consumer,Books & Stationery,Desk Organizer,293.82,1,0.0,293.82,107.16,West,Surat,UPI
ORD102898,2023-11-22,CUST00537,18.0,Male,Consumer,Home & Kitchen,Non-Stick Pan,3233.88,2,0.0,6467.76,1775.33,South,Kochi,UPI
ORD100691,2023-11-22,CUST02073,18.0,Female,Consumer,Clothing,Running Shoes,2688.22,1,0.0,2688.22,827.79,North,Lucknow,Cash on Delivery
ORD101733,2023-11-22,CUST01653,32.0,Male,Corporate,Clothing,Women's Jeans,2574.91,1,0.0,2574.91,550.24,South,Chennai,UPI
ORD105170,2023-11-22,CUST01835,36.0,Female,Consumer,Sports & Outdoors,Football,5638.67,1,0.1,5074.8,1645.23,Central,Bhopal,Cash on Delivery
ORD103979,2023-11-22,CUST01529,53.0,Female,Consumer,Home & Kitchen,Water Bottle,4628.04,1,0.2,3702.43,129.44,West,Pune,Credit Card
ORD104536,2023-11-22,CUST02068,42.0,Female,Corporate,Beauty & Personal Care,Face Wash,1871.11,1,0.2,1496.89,371.84,West,Ahmedabad,Credit Card
ORD101345,2023-11-22,CUST02030,46.0,Female,Corporate,Home & Kitchen,Ceramic Mug Set,2561.82,3,0.15,6532.64,916.68,East,Patna,UPI
ORD104101,2023-11-22,CUST01492,18.0,Female,Consumer,Clothing,Summer Dress,2361.09,1,0.15,2006.93,602.36,East,Kolkata,Credit Card
ORD101210,2023-11-22,CUST00559,18.0,Male,Consumer,Furniture,Bookshelf,3830.87,1,0.15,3256.24,998.47,North,Jaipur,Debit Card
ORD105586,2023-11-23,CUST01341,28.0,Male,Consumer,Beauty & Personal Care,Hair Dryer,1335.68,1,0.05,1268.9,466.15,North,Lucknow,Credit Card
ORD100246,2023-11-23,CUST00530,45.0,Female,Corporate,Clothing,Running Shoes,1099.19,1,0.1,989.27,257.67,West,Ahmedabad,Debit Card
ORD104045,2023-11-23,CUST00783,24.0,Female,Small Business,Clothing,Kids Hoodie,1584.4,1,0.0,1584.4,556.69,Central,Bhopal,UPI
ORD104969,2023-11-23,CUST00172,41.0,Female,Consumer,Electronics,USB-C Cable,1148.85,1,0.05,1091.41,249.14,North,Delhi,UPI
ORD102129,2023-11-23,CUST00516,18.0,Male,Consumer,Beauty & Personal Care,Face Wash,1997.45,1,0.1,1797.71,632.19,South,Bengaluru,Credit Card
ORD103893,2023-11-23,CUST00653,41.0,Female,Consumer,Beauty & Personal Care,Perfume,215.95,2,0.0,431.9,130.41,North,Jaipur,UPI
ORD100125,2023-11-23,CUST00018,43.0,Male,Corporate,Home & Kitchen,Water Bottle,2465.07,2,0.05,4683.63,1545.59,South,Hyderabad,UPI
ORD101075,2023-11-23,CUST00988,31.0,Female,Small Business,Furniture,Wardrobe,13638.5,1,0.05,12956.58,3733.72,Central,Raipur,Debit Card
ORD100097,2023-11-23,CUST00390,39.0,Male,Consumer,Electronics,Laptop Stand,7764.7,1,0.15,6600.0,2140.0,North,Chandigarh,UPI
ORD101588,2023-11-23,CUST01299,39.0,Female,Corporate,Home & Kitchen,Water Bottle,5131.84,1,0.15,4362.06,640.62,North,Chandigarh,UPI
ORD104594,2023-11-23,CUST00042,25.0,Female,Consumer,Clothing,Kids Hoodie,1060.47,1,0.25,795.35,160.63,South,Bengaluru,Cash on Delivery
ORD105298,2023-11-23,CUST01409,43.0,Male,Corporate,Clothing,Women's Jeans,547.49,2,0.1,985.48,335.17,South,Kochi,UPI
ORD103153,2023-11-23,CUST01618,22.0,Male,Consumer,Furniture,Study Table,2191.21,1,0.1,1972.09,561.96,West,Surat,Net Banking
ORD106042,2023-11-23,CUST01926,45.0,Other,Consumer,Clothing,Women's Jeans,974.47,1,0.0,974.47,372.99,South,Kochi,Cash on Delivery
ORD102257,2023-11-24,CUST00340,37.0,Female,Small Business,Electronics,USB-C Cable,7644.69,1,0.05,7262.46,3039.28,East,Bhubaneswar,Cash on Delivery
ORD101977,2023-11-24,CUST01408,26.0,Male,Corporate,Electronics,Webcam,6201.93,5,0.1,27908.68,5676.31,West,Surat,Net Banking
ORD104076,2023-11-24,CUST01933,41.0,Female,Small Business,Books & Stationery,Notebook Pack,180.81,1,0.2,144.65,37.59,East,Kolkata,UPI
ORD103758,2023-11-24,CUST00219,52.0,Female,Consumer,Books & Stationery,Planner Diary,206.77,1,0.15,175.75,39.26,West,Mumbai,UPI
ORD101255,2023-11-24,CUST01547,35.0,Male,Consumer,Furniture,Wardrobe,11092.09,2,0.05,21074.97,7692.48,West,Ahmedabad,UPI
ORD105079,2023-11-24,CUST00564,34.0,Male,Corporate,Clothing,Running Shoes,1019.69,1,0.05,968.71,157.63,North,Lucknow,UPI
ORD105009,2023-11-24,CUST00444,33.0,Male,Small Business,Beauty & Personal Care,Perfume,1493.63,1,0.2,1194.9,125.23,West,Mumbai,Credit Card
ORD103647,2023-11-24,CUST00930,34.0,Male,Consumer,Clothing,Women's Jeans,2104.21,1,0.2,1683.37,82.91,South,Kochi,Credit Card
ORD100397,2023-11-24,CUST00029,33.0,Female,Consumer,Furniture,Bookshelf,10433.59,2,0.1,18780.46,4517.73,South,Kochi,Debit Card
ORD105757,2023-11-24,CUST00398,24.0,Female,Consumer,Home & Kitchen,Bedsheet Set,5708.9,1,0.1,5138.01,1066.04,South,Chennai,UPI
ORD102373,2023-11-24,CUST00581,37.0,Female,Consumer,Electronics,Laptop Stand,803.24,1,0.0,803.24,311.21,South,Kochi,UPI
ORD103241,2023-11-24,CUST02031,25.0,Other,Small Business,Home & Kitchen,Bedsheet Set,1895.41,3,0.2,4548.98,239.67,East,Patna,Debit Card
ORD106452,2023-11-24,CUST01120,39.0,Female,Small Business,Electronics,USB-C Cable,7299.23,1,0.1,6569.31,1728.79,South,Kochi,UPI
ORD102828,2023-11-24,CUST01436,31.0,Female,Corporate,Sports & Outdoors,Cycling Helmet,5940.82,1,0.2,4752.66,178.88,South,Kochi,UPI
ORD104525,2023-11-24,CUST02021,18.0,Female,Consumer,Beauty & Personal Care,Perfume,422.5,1,0.1,380.25,60.89,North,Jaipur,Cash on Delivery
ORD100018,2023-11-25,CUST01758,35.0,Male,Corporate,Electronics,Webcam,8400.09,1,0.0,8400.09,2916.2,South,Chennai,Cash on Delivery
ORD104298,2023-11-25,CUST01354,41.0,Female,Small Business,Furniture,Study Table,13402.52,4,0.25,40207.56,8742.51,East,Kolkata,UPI
ORD103381,2023-11-25,CUST01245,31.0,Female,Small Business,Home & Kitchen,Bedsheet Set,5240.61,4,0.25,15721.83,611.68,South,Chennai,Net Banking
ORD100654,2023-11-25,CUST01868,27.0,Female,Consumer,Electronics,USB-C Cable,3668.71,1,0.0,3668.71,1398.15,West,Surat,Cash on Delivery
ORD103806,2023-11-25,CUST01010,45.0,Female,Corporate,Clothing,Summer Dress,769.94,1,0.15,654.45,226.19,West,Surat,UPI
ORD101222,2023-11-25,CUST01295,24.0,Other,Small Business,Sports & Outdoors,Camping Tent,5100.76,1,0.0,5100.76,1620.0,South,Chennai,Net Banking
ORD103036,2023-11-25,CUST00841,47.0,Female,Consumer,Home & Kitchen,Non-Stick Pan,2126.99,1,0.0,2126.99,563.18,West,Mumbai,UPI
ORD104734,2023-11-25,CUST00045,19.0,Female,Consumer,Furniture,Wardrobe,4456.93,2,0.15,7576.78,1938.75,South,Chennai,UPI
ORD103021,2023-11-25,CUST00437,42.0,Male,Corporate,Home & Kitchen,Ceramic Mug Set,423.06,1,0.2,338.45,22.02,South,Bengaluru,UPI
ORD101396,2023-11-25,CUST00342,30.0,Female,Consumer,Electronics,Webcam,7288.79,4,0.0,29155.16,8622.24,Central,Nagpur,Debit Card
ORD101701,2023-11-25,CUST01030,32.0,Female,Consumer,Furniture,Office Chair,13972.7,1,0.0,13972.7,3610.73,South,Bengaluru,UPI
ORD102383,2023-11-25,CUST01518,23.0,Male,Consumer,Beauty & Personal Care,Sunscreen SPF50,1054.65,1,0.0,1054.65,369.8,Central,Bhopal,Cash on Delivery
ORD105833,2023-11-25,CUST00356,34.0,Female,Small Business,Electronics,Smartphone Case,1687.21,2,0.0,3374.42,1216.94,South,Bengaluru,Debit Card
ORD101841,2023-11-25,CUST01274,37.0,Male,Corporate,Home & Kitchen,Ceramic Mug Set,2503.17,1,0.0,2503.17,1098.86,North,Lucknow,Net Banking
ORD105372,2023-11-25,CUST01277,39.0,Male,Corporate,Clothing,Running Shoes,2656.06,2,0.15,4515.3,419.71,North,Delhi,Debit Card
ORD106287,2023-11-25,CUST00322,37.0,Other,Corporate,Beauty & Personal Care,Perfume,674.33,3,0.1,1820.69,381.81,Central,Bhopal,UPI
ORD103900,2023-11-25,CUST01698,42.0,Female,Corporate,Electronics,Laptop Stand,6395.5,1,0.1,5755.95,1303.18,Central,Nagpur,Debit Card
ORD102648,2023-11-25,CUST01120,39.0,Female,Small Business,Furniture,Bean Bag,13351.62,3,0.0,40054.86,16829.8,North,Delhi,UPI
ORD102392,2023-11-25,CUST00071,30.0,Female,Consumer,Furniture,Study Table,9978.94,1,0.15,8482.1,1072.97,East,Patna,UPI
ORD101949,2023-11-26,CUST00785,33.0,Female,Consumer,Home & Kitchen,Storage Rack,5878.08,1,0.1,5290.27,1942.96,South,Hyderabad,UPI
ORD103105,2023-11-26,CUST00047,23.0,Male,Consumer,Beauty & Personal Care,Sunscreen SPF50,1728.44,1,0.15,1469.17,89.29,West,Surat,Debit Card
ORD103767,2023-11-26,CUST01844,22.0,Male,Consumer,Clothing,Men's T-Shirt,2204.36,2,0.05,4188.28,1434.95,South,Chennai,Net Banking
ORD103103,2023-11-26,CUST00563,32.0,Male,Consumer,Clothing,Kids Hoodie,2298.08,3,0.05,6549.53,1741.4,West,Pune,Cash on Delivery
ORD103099,2023-11-26,CUST00301,33.0,Male,Corporate,Sports & Outdoors,Football,3393.15,5,0.2,13572.6,97.77,South,Hyderabad,UPI
ORD100343,2023-11-26,CUST00579,18.0,Female,Small Business,Sports & Outdoors,Yoga Mat,2566.16,1,0.05,2437.85,787.54,West,Ahmedabad,UPI
ORD103300,2023-11-26,CUST00590,38.0,Male,Small Business,Sports & Outdoors,Yoga Mat,5655.24,1,0.2,4524.19,650.46,West,Ahmedabad,Debit Card
ORD100987,2023-11-26,CUST01049,31.0,Male,Corporate,Clothing,Formal Shirt,1364.21,1,0.1,1227.79,388.52,North,Delhi,Cash on Delivery
ORD102622,2023-11-26,CUST00200,28.0,Male,Small Business,Clothing,Running Shoes,2140.41,1,0.25,1605.31,-58.4,South,Kochi,Debit Card
ORD102259,2023-11-26,CUST01396,29.0,Male,Consumer,Beauty & Personal Care,Perfume,1157.22,1,0.1,1041.5,199.05,West,Surat,
ORD102775,2023-11-26,CUST02010,26.0,Male,Corporate,Clothing,Winter Jacket,1893.38,1,0.0,1893.38,398.6,North,Jaipur,UPI
ORD105304,2023-11-26,CUST01028,41.0,Male,Consumer,Beauty & Personal Care,Perfume,1081.41,1,0.2,865.13,203.91,South,Chennai,Debit Card
ORD105207,2023-11-26,CUST00875,27.0,Female,Consumer,Home & Kitchen,Water Bottle,3110.61,2,0.2,4976.98,451.68,North,Chandigarh,UPI
ORD105528,2023-11-26,CUST00747,23.0,Male,Consumer,Sports & Outdoors,Dumbbell Set,5497.3,1,0.0,5497.3,1948.07,Central,Nagpur,Debit Card
ORD104941,2023-11-26,CUST00617,18.0,Male,Consumer,Sports & Outdoors,Cycling Helmet,6302.65,2,0.25,9453.97,158.4,South,Bengaluru,Credit Card
ORD105054,2023-11-27,CUST00225,38.0,Male,Corporate,Clothing,Kids Hoodie,1304.45,1,0.15,1108.78,387.44,West,Ahmedabad,Cash on Delivery
ORD104718,2023-11-27,CUST01115,23.0,Male,Small Business,Books & Stationery,Planner Diary,760.96,1,0.1,684.86,211.29,East,Bhubaneswar,Cash on Delivery
ORD105021,2023-11-27,CUST00342,30.0,Female,Consumer,Electronics,Laptop Stand,4165.76,4,0.05,15829.89,3573.57,South,Bengaluru,Net Banking
ORD101988,2023-11-27,CUST00109,56.0,Female,Consumer,Books & Stationery,Sketch Pens,738.3,1,0.05,701.38,269.92,East,Bhubaneswar,UPI
ORD101479,2023-11-27,CUST00725,28.0,Female,Consumer,Home & Kitchen,Water Bottle,3799.2,1,0.0,3799.2,951.79,North,Delhi,Debit Card
ORD100915,2023-11-27,CUST01007,34.0,Female,Consumer,Sports & Outdoors,Camping Tent,5835.24,1,0.05,5543.48,1955.99,West,Surat,Cash on Delivery
ORD102864,2023-11-27,CUST02018,37.0,Female,Consumer,Clothing,Women's Jeans,1139.25,1,0.0,1139.25,511.43,North,Chandigarh,UPI
ORD106424,2023-11-27,CUST00924,49.0,Male,Consumer,Clothing,Women's Jeans,2963.16,1,0.0,2963.16,1230.71,West,Ahmedabad,Net Banking
ORD105095,2023-11-28,CUST00220,30.0,Male,Corporate,Home & Kitchen,Bedsheet Set,4180.51,1,0.0,4180.51,978.93,North,Chandigarh,Debit Card
ORD105758,2023-11-28,CUST01826,18.0,Female,Consumer,Electronics,Power Bank,3190.75,1,0.25,2393.06,433.01,South,Bengaluru,Debit Card
ORD100567,2023-11-28,CUST01629,18.0,Female,Consumer,Electronics,USB-C Cable,4517.86,1,0.15,3840.18,436.49,West,Mumbai,UPI
ORD105056,2023-11-28,CUST01947,46.0,Female,Consumer,Home & Kitchen,Non-Stick Pan,2113.86,1,0.05,2008.17,539.94,North,Lucknow,Net Banking
ORD103665,2023-11-28,CUST01198,28.0,Male,Consumer,Clothing,Winter Jacket,2694.2,2,0.0,5388.4,2101.93,North,Delhi,Credit Card
ORD102980,2023-11-28,CUST01989,29.0,Female,Corporate,Clothing,Summer Dress,2770.55,2,0.05,5264.04,1424.08,West,Pune,UPI
ORD101352,2023-11-28,CUST00466,25.0,Male,Consumer,Home & Kitchen,Storage Rack,5275.52,5,0.05,25058.72,9936.03,North,Lucknow,UPI
ORD102794,2023-11-28,CUST00721,23.0,Male,Small Business,Clothing,Winter Jacket,2395.48,1,0.0,2395.48,966.94,North,Delhi,UPI
ORD101777,2023-11-28,CUST00245,21.0,Male,Small Business,Electronics,Power Bank,7449.97,1,0.0,7449.97,2785.69,West,Pune,Cash on Delivery
ORD105626,2023-11-28,CUST00409,61.0,Female,Corporate,Home & Kitchen,Bedsheet Set,3273.73,1,0.1,2946.36,1142.24,North,Delhi,Cash on Delivery
ORD100738,2023-11-29,CUST01302,48.0,Male,Corporate,Clothing,Summer Dress,1716.2,1,0.0,1716.2,556.51,East,Bhubaneswar,Cash on Delivery
ORD104332,2023-11-29,CUST00368,38.0,Female,Consumer,Home & Kitchen,Ceramic Mug Set,4699.51,1,0.25,3524.63,734.5,South,Chennai,Net Banking
ORD102116,2023-11-29,CUST00071,30.0,Female,Consumer,Electronics,Smartwatch,3212.69,1,0.0,3212.69,727.45,North,Lucknow,UPI
ORD101842,2023-11-29,CUST00074,30.0,Male,Small Business,Home & Kitchen,Mixer Grinder,2339.19,1,0.05,2222.23,625.75,East,Kolkata,Cash on Delivery
ORD105328,2023-11-29,CUST00759,52.0,Female,Small Business,Home & Kitchen,Storage Rack,2285.17,5,0.25,8569.39,4.02,South,Chennai,UPI
ORD103529,2023-11-29,CUST01113,37.0,Male,Consumer,Electronics,Webcam,8211.92,1,0.2,6569.54,182.26,North,Delhi,Net Banking
ORD101946,2023-11-29,CUST00740,26.0,Female,Small Business,Furniture,Wardrobe,6562.15,1,0.0,6562.15,2013.32,East,Bhubaneswar,Net Banking
ORD103208,2023-11-29,CUST01920,34.0,Male,Consumer,Books & Stationery,Notebook Pack,722.6,2,0.0,1445.2,312.65,East,Bhubaneswar,Credit Card
ORD101704,2023-11-29,CUST01688,,Female,Consumer,Home & Kitchen,Bedsheet Set,1887.6,2,0.1,3397.68,905.31,South,Hyderabad,Cash on Delivery
ORD100310,2023-11-29,CUST01095,33.0,Male,Consumer,Sports & Outdoors,Dumbbell Set,5835.62,1,0.1,5252.06,787.63,Central,Bhopal,UPI
ORD100039,2023-11-29,CUST00662,18.0,Female,Small Business,Beauty & Personal Care,Hair Dryer,1184.71,1,0.25,888.53,1.01,South,Chennai,Cash on Delivery
ORD102507,2023-11-29,CUST01050,,Male,Small Business,Furniture,Wardrobe,1766.06,1,0.15,1501.15,453.26,North,Chandigarh,UPI
ORD105579,2023-11-29,CUST00036,32.0,Female,Corporate,Beauty & Personal Care,Hair Dryer,1108.42,1,0.15,942.16,200.63,West,Pune,UPI
ORD102444,2023-11-29,CUST00874,21.0,Female,Corporate,Clothing,Women's Jeans,1489.22,1,0.05,1414.76,248.34,East,Kolkata,Debit Card
ORD100426,2023-11-30,CUST02061,57.0,Male,Consumer,Home & Kitchen,Mixer Grinder,3495.17,2,0.05,6640.82,2636.99,East,Kolkata,Net Banking
ORD106398,2023-11-30,CUST00740,26.0,Female,Small Business,Electronics,Bluetooth Speaker,7741.44,1,0.15,6580.22,389.24,South,Chennai,Cash on Delivery
ORD100863,2023-11-30,CUST00750,18.0,Female,Consumer,Beauty & Personal Care,Hair Dryer,1648.26,1,0.1,1483.43,332.01,North,Lucknow,UPI
ORD104265,2023-11-30,CUST00255,27.0,Female,Consumer,Home & Kitchen,Non-Stick Pan,3677.52,1,0.0,3677.52,800.52,West,Ahmedabad,Cash on Delivery
ORD104367,2023-11-30,CUST01806,36.0,Male,Corporate,Electronics,Wireless Earbuds,4956.93,2,0.0,9913.86,2246.04,East,Bhubaneswar,UPI
ORD104694,2023-11-30,CUST02031,25.0,Other,Small Business,Beauty & Personal Care,Face Wash,1945.07,1,0.0,1945.07,470.76,East,Patna,Debit Card
ORD103433,2023-11-30,CUST01660,44.0,Female,Small Business,Clothing,Women's Jeans,1181.4,1,0.15,1004.19,151.26,North,Lucknow,Net Banking
ORD103995,2023-11-30,CUST02082,20.0,Female,Small Business,Clothing,Women's Jeans,513.04,1,0.0,513.04,145.56,West,Ahmedabad,Debit Card
ORD105865,2023-12-01,CUST00247,33.0,Male,Small Business,Beauty & Personal Care,Hair Dryer,718.72,1,0.1,646.85,214.8,North,Chandigarh,
ORD104198,2023-12-01,CUST00925,45.0,Other,Consumer,Electronics,Power Bank,3460.22,1,0.0,3460.22,788.98,West,Ahmedabad,Debit Card
ORD103718,2023-12-01,CUST01373,30.0,Male,Small Business,Electronics,Smartphone Case,4215.82,1,0.0,4215.82,1116.11,West,Ahmedabad,Net Banking
ORD106301,2023-12-01,CUST01719,38.0,Male,Consumer,Electronics,Power Bank,6294.08,1,0.15,5349.97,1471.49,West,Surat,Cash on Delivery
ORD101443,2023-12-01,CUST00976,21.0,Other,Corporate,Clothing,Kids Hoodie,737.95,1,0.0,737.95,157.63,West,Mumbai,UPI
ORD105407,2023-12-01,CUST01361,18.0,Female,Corporate,Sports & Outdoors,Football,4394.06,1,0.1,3954.65,1089.58,West,Ahmedabad,Net Banking
ORD106305,2023-12-01,CUST00851,40.0,Female,Small Business,Books & Stationery,Desk Organizer,633.88,2,0.05,1204.37,469.29,Central,Raipur,UPI
ORD103154,2023-12-01,CUST01265,33.0,Female,Corporate,Furniture,Bookshelf,5719.1,2,0.15,9722.47,2442.59,North,Chandigarh,Debit Card
ORD104340,2023-12-01,CUST01550,34.0,Male,Corporate,Electronics,Bluetooth Speaker,8656.42,1,0.0,8656.42,2423.85,South,Bengaluru,UPI
ORD104172,2023-12-01,CUST00590,38.0,Male,Small Business,Furniture,Bean Bag,2443.62,1,0.1,2199.26,626.08,North,Delhi,UPI
ORD102456,2023-12-01,CUST00235,35.0,Female,Consumer,Sports & Outdoors,Camping Tent,3958.17,1,0.0,3958.17,1383.1,South,Hyderabad,Credit Card
ORD103160,2023-12-01,CUST00350,31.0,Male,Consumer,Clothing,Sports Cap,2423.67,2,0.25,3635.5,677.5,North,Chandigarh,Credit Card
ORD102263,2023-12-01,CUST00468,46.0,Male,Consumer,Clothing,Men's T-Shirt,2875.99,1,0.0,2875.99,715.74,South,Bengaluru,Credit Card
ORD105386,2023-12-02,CUST01244,31.0,Female,Corporate,Home & Kitchen,Ceramic Mug Set,1909.62,1,0.25,1432.22,338.66,South,Chennai,UPI
ORD102778,2023-12-02,CUST01492,18.0,Female,Consumer,Home & Kitchen,Bedsheet Set,4872.63,1,0.0,4872.63,1042.2,South,Hyderabad,Credit Card
ORD101207,2023-12-02,CUST02045,31.0,Female,Consumer,Home & Kitchen,Storage Rack,2582.96,2,0.2,4132.74,384.12,North,Lucknow,UPI
ORD105216,2023-12-02,CUST00862,38.0,Male,Consumer,Home & Kitchen,LED Table Lamp,2073.17,1,0.15,1762.19,114.76,North,Lucknow,Debit Card
ORD105174,2023-12-02,CUST00899,35.0,Male,Corporate,Electronics,USB-C Cable,8778.71,2,0.0,17557.42,7809.6,North,Jaipur,Debit Card
ORD100999,2023-12-02,CUST00098,66.0,Male,Consumer,Clothing,Summer Dress,2703.06,2,0.05,5135.81,1641.0,West,Ahmedabad,Cash on Delivery
ORD104751,2023-12-02,CUST01708,38.0,Male,Corporate,Clothing,Formal Shirt,2556.72,1,0.05,2428.88,759.96,Central,Nagpur,Debit Card
ORD104933,2023-12-02,CUST00284,28.0,Male,Corporate,Electronics,Smartwatch,849.52,1,0.1,764.57,89.57,East,Bhubaneswar,UPI
ORD105424,2023-12-02,CUST00688,18.0,Male,Consumer,Clothing,Kids Hoodie,2681.46,2,0.1,4826.63,1291.35,West,Pune,Cash on Delivery
ORD101376,2023-12-02,CUST00658,32.0,Male,Consumer,Sports & Outdoors,Camping Tent,3615.06,1,0.1,3253.55,906.59,East,Kolkata,UPI
ORD105821,2023-12-02,CUST00443,23.0,Male,Small Business,Clothing,Running Shoes,1969.91,1,0.0,1969.91,421.55,North,Chandigarh,UPI
ORD102195,2023-12-03,CUST00953,48.0,Female,Corporate,Clothing,Women's Jeans,2149.47,1,0.15,1827.05,631.42,Central,Nagpur,Credit Card
ORD102763,2023-12-03,CUST00899,35.0,Male,Corporate,Clothing,Running Shoes,1131.31,2,0.1,2036.36,250.15,South,Hyderabad,UPI
ORD104975,2023-12-03,CUST00112,,Male,Consumer,Sports & Outdoors,Camping Tent,3597.1,1,0.2,2877.68,683.88,East,Patna,Cash on Delivery
ORD105906,2023-12-03,CUST00701,34.0,Female,Small Business,Electronics,USB-C Cable,6945.17,1,0.1,6250.65,1312.59,South,Bengaluru,UPI
ORD105696,2023-12-03,CUST00863,29.0,Male,Corporate,Beauty & Personal Care,Hair Dryer,871.19,2,0.0,1742.38,500.46,Central,Nagpur,Cash on Delivery
ORD102512,2023-12-03,CUST00815,42.0,Male,Consumer,Clothing,Running Shoes,1109.07,2,0.1,1996.33,343.57,Central,Bhopal,Credit Card
ORD105878,2023-12-03,CUST00759,52.0,Female,Small Business,Clothing,Summer Dress,1270.96,2,0.0,2541.92,805.29,West,Ahmedabad,Net Banking
ORD101659,2023-12-03,CUST00284,28.0,Male,Corporate,Books & Stationery,Sketch Pens,378.12,1,0.1,340.31,76.75,East,Patna,UPI
ORD102378,2023-12-03,CUST00504,25.0,Female,Small Business,Electronics,Smartwatch,1021.9,1,0.0,1021.9,278.38,South,Chennai,Cash on Delivery
ORD105482,2023-12-03,CUST01490,45.0,Male,Small Business,Books & Stationery,Planner Diary,328.97,1,0.0,328.97,112.6,South,Hyderabad,Credit Card
ORD103732,2023-12-03,CUST01660,44.0,Female,Small Business,Clothing,Summer Dress,1506.42,1,0.05,1431.1,397.31,South,Hyderabad,Cash on Delivery
ORD100635,2023-12-03,CUST00436,27.0,Female,Consumer,Home & Kitchen,Ceramic Mug Set,4253.11,1,0.1,3827.8,599.87,North,Chandigarh,UPI
ORD106080,2023-12-03,CUST00779,29.0,Male,Consumer,Home & Kitchen,Ceramic Mug Set,3341.03,1,0.1,3006.93,825.32,West,Ahmedabad,Debit Card
ORD105348,2023-12-04,CUST00072,24.0,Male,Consumer,Home & Kitchen,Air Fryer,809.85,2,0.0,1619.7,408.46,East,Patna,Cash on Delivery
ORD103669,2023-12-04,CUST00524,32.0,Female,Small Business,Electronics,Webcam,7431.2,1,0.05,7059.64,1349.22,South,Chennai,UPI
ORD105100,2023-12-04,CUST01409,43.0,Male,Corporate,Clothing,Winter Jacket,1378.2,1,0.2,1102.56,341.82,West,Mumbai,Cash on Delivery
ORD105608,2023-12-04,CUST01241,18.0,Female,Small Business,Clothing,Kids Hoodie,595.83,2,0.0,1191.66,515.79,North,Lucknow,Debit Card
ORD103987,2023-12-04,CUST01113,37.0,Male,Consumer,Electronics,Power Bank,5060.66,1,0.15,4301.56,263.74,South,Kochi,Credit Card
ORD101914,2023-12-04,CUST01684,38.0,Female,Consumer,Clothing,Men's T-Shirt,2352.36,1,0.0,2352.36,694.39,South,Bengaluru,Net Banking
ORD101736,2023-12-04,CUST01967,47.0,Male,Small Business,Books & Stationery,Notebook Pack,933.23,1,0.1,839.91,121.82,South,Hyderabad,UPI
ORD100415,2023-12-04,CUST00435,33.0,Female,Corporate,Home & Kitchen,Mixer Grinder,4288.26,1,0.0,4288.26,1325.55,West,Mumbai,UPI
ORD101489,2023-12-04,CUST01854,19.0,Female,Small Business,Clothing,Sports Cap,2131.5,1,0.05,2024.92,488.15,South,Hyderabad,Debit Card
ORD102583,2023-12-04,CUST01598,28.0,Female,Small Business,Furniture,Coffee Table,14617.49,2,0.15,24849.73,7059.05,South,Chennai,Debit Card
ORD102006,2023-12-04,CUST01210,,Male,Consumer,Clothing,Summer Dress,2228.04,1,0.0,2228.04,928.59,Central,Bhopal,UPI
ORD102077,2023-12-05,CUST00153,34.0,Female,Corporate,Home & Kitchen,Non-Stick Pan,802.15,1,0.15,681.83,40.6,South,Bengaluru,Cash on Delivery
ORD103280,2023-12-05,CUST01224,64.0,Female,Consumer,Home & Kitchen,Mixer Grinder,3799.99,2,0.2,6079.98,592.09,North,Delhi,Credit Card
ORD100538,2023-12-05,CUST01726,34.0,Male,Consumer,Electronics,Power Bank,4678.12,1,0.1,4210.31,982.51,Central,Bhopal,UPI
ORD105889,2023-12-05,CUST00066,40.0,Male,Corporate,Clothing,Running Shoes,2551.73,2,0.0,5103.46,1082.2,West,Pune,Credit Card
ORD103090,2023-12-05,CUST01555,36.0,Male,Corporate,Electronics,Bluetooth Speaker,3753.17,2,0.1,6755.71,1305.43,South,Kochi,UPI
ORD102158,2023-12-05,CUST01668,31.0,Female,Consumer,Sports & Outdoors,Dumbbell Set,3193.04,1,0.1,2873.74,951.87,East,Patna,Cash on Delivery
ORD100808,2023-12-05,CUST01778,29.0,Male,Consumer,Home & Kitchen,Water Bottle,420.93,2,0.15,715.58,203.73,Central,Raipur,Cash on Delivery
ORD101569,2023-12-05,CUST02043,34.0,Male,Corporate,Furniture,Study Table,7141.84,2,0.0,14283.68,5440.68,North,Chandigarh,Debit Card
ORD101211,2023-12-05,CUST01986,48.0,Female,Consumer,Beauty & Personal Care,Lipstick,978.33,1,0.15,831.58,99.47,West,Surat,UPI
ORD104954,2023-12-05,CUST02058,34.0,Female,Consumer,Clothing,Men's T-Shirt,2126.67,2,0.1,3828.01,1357.5,North,Jaipur,Cash on Delivery
ORD101629,2023-12-05,CUST01196,29.0,Female,Small Business,Clothing,Women's Jeans,1162.76,1,0.2,930.21,4.09,South,Chennai,UPI
ORD104257,2023-12-05,CUST00277,35.0,Male,Consumer,Furniture,Study Table,14591.31,2,0.25,21886.96,412.63,East,Bhubaneswar,Debit Card
ORD106289,2023-12-06,CUST01455,36.0,Female,Consumer,Clothing,Kids Hoodie,634.96,2,0.05,1206.42,327.5,West,Ahmedabad,Debit Card
ORD105712,2023-12-06,CUST01638,18.0,Female,Consumer,Electronics,Smartphone Case,6685.09,2,0.1,12033.16,3329.2,Central,Nagpur,Debit Card
ORD101314,2023-12-06,CUST01380,47.0,Female,Corporate,Beauty & Personal Care,Face Wash,1824.78,1,0.0,1824.78,656.49,West,Ahmedabad,UPI
ORD100831,2023-12-06,CUST01884,37.0,Female,Small Business,Sports & Outdoors,Camping Tent,4582.26,2,0.0,9164.52,3883.27,South,Bengaluru,UPI
ORD101418,2023-12-06,CUST01046,29.0,Female,Small Business,Clothing,Formal Shirt,2640.95,1,0.1,2376.86,561.84,South,Hyderabad,Debit Card
ORD105315,2023-12-06,CUST01071,28.0,Female,Corporate,Clothing,Kids Hoodie,843.69,2,0.15,1434.27,105.4,Central,Nagpur,Credit Card
ORD100829,2023-12-06,CUST01836,39.0,Female,Consumer,Electronics,USB-C Cable,6924.88,1,0.0,6924.88,2359.26,Central,Bhopal,Cash on Delivery
ORD100861,2023-12-06,CUST01185,47.0,Female,Consumer,Home & Kitchen,LED Table Lamp,724.02,1,0.1,651.62,222.18,North,Chandigarh,Credit Card
ORD100482,2023-12-07,CUST02083,46.0,Female,Consumer,Beauty & Personal Care,Perfume,909.17,1,0.1,818.25,126.12,South,Kochi,Cash on Delivery
ORD103149,2023-12-07,CUST00668,30.0,Female,Consumer,Electronics,Wireless Earbuds,4916.83,1,0.15,4179.31,636.8,North,Chandigarh,Credit Card
ORD103450,2023-12-07,CUST00518,42.0,Male,Consumer,Sports & Outdoors,Cycling Helmet,2814.65,1,0.0,2814.65,835.82,North,Delhi,UPI
ORD103466,2023-12-07,CUST01601,31.0,Female,Consumer,Clothing,Summer Dress,895.11,2,0.05,1700.71,371.42,Central,Bhopal,Credit Card
ORD102409,2023-12-07,CUST01048,37.0,Male,Consumer,Electronics,Smartwatch,3220.31,1,0.2,2576.25,694.75,East,Patna,UPI
ORD101389,2023-12-07,CUST00689,41.0,Female,Small Business,Home & Kitchen,Storage Rack,4639.0,1,0.1,4175.1,951.49,West,Surat,UPI
ORD101263,2023-12-07,CUST00767,18.0,Female,Corporate,Electronics,Wireless Earbuds,2708.8,2,0.1,4875.84,1894.2,South,Bengaluru,Credit Card
ORD104243,2023-12-07,CUST01007,34.0,Female,Consumer,Furniture,Bean Bag,11486.59,1,0.0,11486.59,4839.64,South,Kochi,Cash on Delivery
ORD101760,2023-12-07,CUST01567,39.0,Male,Corporate,Electronics,USB-C Cable,8159.66,1,0.1,7343.69,2769.51,South,Kochi,Cash on Delivery
ORD106014,2023-12-07,CUST01303,28.0,Male,Corporate,Electronics,Laptop Stand,3673.49,1,0.1,3306.14,1034.75,South,Chennai,UPI
ORD103586,2023-12-07,CUST01351,23.0,Male,Consumer,Books & Stationery,Sketch Pens,382.46,1,0.1,344.21,50.36,South,Bengaluru,Credit Card
ORD101430,2023-12-07,CUST02038,25.0,Male,Consumer,Clothing,Kids Hoodie,2024.72,1,0.05,1923.48,447.67,North,Jaipur,Credit Card
ORD105116,2023-12-08,CUST01398,46.0,Female,Consumer,Beauty & Personal Care,Face Wash,1402.96,1,0.0,1402.96,535.82,South,Bengaluru,Debit Card
ORD105248,2023-12-08,CUST01521,23.0,Female,Consumer,Beauty & Personal Care,Face Wash,1734.61,1,0.15,1474.42,253.36,South,Bengaluru,Credit Card
ORD105739,2023-12-08,CUST01197,48.0,Female,Corporate,Furniture,Wardrobe,14747.89,1,0.1,13273.1,2391.09,West,Surat,Net Banking
ORD105860,2023-12-08,CUST01321,28.0,Male,Consumer,Electronics,Power Bank,8375.25,2,0.05,15912.97,6412.23,West,Ahmedabad,Credit Card
ORD106364,2023-12-08,CUST00458,46.0,Female,Corporate,Clothing,Formal Shirt,830.82,2,0.0,1661.64,430.48,Central,Nagpur,Debit Card
ORD102336,2023-12-08,CUST00493,32.0,Female,Consumer,Sports & Outdoors,Football,6855.45,2,0.1,12339.81,3262.46,South,Hyderabad,Credit Card
ORD100490,2023-12-08,CUST00963,33.0,Female,Corporate,Beauty & Personal Care,Face Wash,1661.09,1,0.1,1494.98,402.53,North,Delhi,UPI
ORD100024,2023-12-08,CUST01798,18.0,Male,Small Business,Clothing,Running Shoes,2836.51,1,0.1,2552.86,558.61,South,Kochi,Credit Card
ORD105523,2023-12-09,CUST02095,18.0,Female,Consumer,Electronics,Laptop Stand,8745.05,1,0.0,8745.05,3820.11,East,Patna,Net Banking
ORD104554,2023-12-09,CUST01729,52.0,Female,Small Business,Home & Kitchen,Water Bottle,206.77,1,0.0,206.77,84.09,West,Ahmedabad,Cash on Delivery
ORD103811,2023-12-09,CUST00192,,Female,Small Business,Home & Kitchen,Bedsheet Set,3049.06,3,0.2,7317.74,293.0,South,Hyderabad,Credit Card
ORD102723,2023-12-09,CUST00309,27.0,Female,Consumer,Clothing,Sports Cap,1811.01,1,0.2,1448.81,170.25,West,Ahmedabad,UPI
ORD106085,2023-12-09,CUST01963,43.0,Female,Corporate,Beauty & Personal Care,Trimmer,1229.32,2,0.1,2212.78,848.89,West,Pune,Credit Card
ORD102423,2023-12-09,CUST01031,23.0,Female,Corporate,Electronics,Bluetooth Speaker,3108.57,1,0.05,2953.14,892.44,East,Bhubaneswar,Credit Card
ORD103564,2023-12-09,CUST01622,28.0,Male,Corporate,Home & Kitchen,Ceramic Mug Set,3990.35,1,0.1,3591.32,683.96,South,Kochi,Credit Card
ORD104711,2023-12-09,CUST00052,32.0,Female,Small Business,Electronics,USB-C Cable,2799.79,5,0.2,11199.16,2573.86,Central,Bhopal,Cash on Delivery
ORD102050,2023-12-09,CUST01794,36.0,Male,Small Business,Books & Stationery,Fiction Novel,736.22,1,0.1,662.6,251.56,Central,Nagpur,UPI
ORD106357,2023-12-09,CUST00845,34.0,Male,Corporate,Electronics,USB-C Cable,4897.99,1,0.1,4408.19,639.45,East,Kolkata,UPI
ORD105397,2023-12-09,CUST01447,28.0,Male,Consumer,Clothing,Sports Cap,1632.2,1,0.0,1632.2,595.89,West,Ahmedabad,Cash on Delivery
ORD102649,2023-12-09,CUST01044,24.0,Male,Consumer,Sports & Outdoors,Dumbbell Set,5694.71,2,0.15,9681.01,1012.27,South,Hyderabad,Debit Card
ORD103632,2023-12-09,CUST01554,30.0,Female,Consumer,Clothing,Winter Jacket,2040.68,1,0.15,1734.58,240.85,North,Chandigarh,Net Banking
ORD101982,2023-12-09,CUST00577,27.0,Female,Corporate,Home & Kitchen,Air Fryer,4621.97,2,0.0,9243.94,2533.62,North,Jaipur,Debit Card
ORD103123,2023-12-09,CUST01737,36.0,Male,Consumer,Home & Kitchen,Air Fryer,2545.38,2,0.0,5090.76,2135.5,West,Mumbai,Cash on Delivery
ORD100362,2023-12-09,CUST00184,31.0,Male,Small Business,Sports & Outdoors,Cycling Helmet,2765.32,1,0.0,2765.32,1223.32,North,Delhi,
ORD106338,2023-12-10,CUST02034,36.0,Male,Consumer,Electronics,Wireless Earbuds,5957.61,1,0.0,5957.61,2372.75,South,Bengaluru,Cash on Delivery
ORD105992,2023-12-10,CUST00129,21.0,Male,Corporate,Home & Kitchen,Air Fryer,1660.98,1,0.1,1494.88,246.99,South,Bengaluru,UPI
ORD104758,2023-12-10,CUST01161,41.0,Female,Consumer,Beauty & Personal Care,Perfume,1235.02,1,0.05,1173.27,364.17,North,Delhi,Debit Card
ORD101857,2023-12-10,CUST02023,,Other,Corporate,Clothing,Winter Jacket,1943.8,1,0.05,1846.61,552.63,Central,Bhopal,Credit Card
ORD102773,2023-12-10,CUST01324,30.0,Female,Consumer,Home & Kitchen,LED Table Lamp,2727.5,1,0.15,2318.38,668.3,South,Hyderabad,Cash on Delivery
ORD104662,2023-12-10,CUST01118,27.0,Other,Consumer,Clothing,Men's T-Shirt,2089.8,1,0.1,1880.82,329.29,North,Jaipur,UPI
ORD103559,2023-12-10,CUST00194,36.0,Female,Consumer,Sports & Outdoors,Dumbbell Set,6300.78,1,0.15,5355.66,458.02,North,Lucknow,Debit Card
ORD102063,2023-12-10,CUST00294,34.0,Male,Consumer,Sports & Outdoors,Football,1010.4,1,0.0,1010.4,210.57,South,Hyderabad,Debit Card
ORD106384,2023-12-10,CUST00404,48.0,Female,Consumer,Electronics,Wireless Earbuds,6468.28,2,0.05,12289.73,3949.18,West,Ahmedabad,UPI
ORD102146,2023-12-10,CUST01389,26.0,Female,Small Business,Electronics,USB-C Cable,7508.32,1,0.25,5631.24,1471.63,South,Hyderabad,UPI
ORD101713,2023-12-10,CUST01008,25.0,Male,Corporate,Electronics,Laptop Stand,4214.01,1,0.0,4214.01,1781.78,South,Hyderabad,UPI
ORD106073,2023-12-10,CUST01560,28.0,Other,Consumer,Electronics,Wireless Earbuds,6832.21,1,0.0,6832.21,2413.37,North,Lucknow,Debit Card
ORD105584,2023-12-10,CUST01175,18.0,Female,Corporate,Home & Kitchen,Storage Rack,1352.11,1,0.05,1284.5,376.71,West,Mumbai,UPI
ORD101770,2023-12-10,CUST00609,30.0,Female,Small Business,Electronics,Laptop Stand,7584.22,1,0.05,7205.01,1722.86,South,Hyderabad,Credit Card
ORD105284,2023-12-10,CUST01650,43.0,Other,Small Business,Books & Stationery,Sketch Pens,531.86,1,0.0,531.86,207.56,West,Pune,UPI
ORD102196,2023-12-10,CUST00238,31.0,Male,Consumer,Clothing,Women's Jeans,1861.4,1,0.05,1768.33,591.42,West,Pune,Debit Card
ORD105609,2023-12-10,CUST01357,30.0,Female,Consumer,Sports & Outdoors,Cycling Helmet,5666.93,1,0.0,5666.93,2265.39,South,Kochi,UPI
ORD105440,2023-12-10,CUST00563,32.0,Male,Consumer,Home & Kitchen,Water Bottle,5959.25,1,0.15,5065.36,1581.38,North,Chandigarh,Cash on Delivery
ORD100605,2023-12-10,CUST00571,25.0,Female,Consumer,Home & Kitchen,Water Bottle,5474.09,1,0.25,4105.57,687.64,North,Jaipur,Debit Card
ORD100580,2023-12-10,CUST00618,18.0,Male,Consumer,Clothing,Running Shoes,2764.71,1,0.05,2626.47,951.21,West,Ahmedabad,UPI
ORD103834,2023-12-10,CUST01124,27.0,Male,Consumer,Electronics,Power Bank,2586.3,1,0.25,1939.72,214.64,West,Pune,Net Banking
ORD100626,2023-12-11,CUST01007,34.0,Female,Consumer,Electronics,Laptop Stand,2261.73,1,0.0,2261.73,785.65,North,Chandigarh,Debit Card
ORD102953,2023-12-11,CUST00079,43.0,Male,Corporate,Sports & Outdoors,Dumbbell Set,3209.65,1,0.05,3049.17,1173.44,West,Ahmedabad,UPI
ORD101782,2023-12-11,CUST01438,33.0,Male,Consumer,Home & Kitchen,Water Bottle,5695.92,3,0.2,13670.21,801.53,South,Bengaluru,Cash on Delivery
ORD101885,2023-12-11,CUST01606,35.0,Male,Consumer,Electronics,Wireless Earbuds,2427.95,1,0.1,2185.15,464.86,South,Kochi,UPI
ORD100788,2023-12-11,CUST01744,38.0,Male,Consumer,Electronics,Webcam,7142.85,2,0.0,14285.7,3191.37,Central,Nagpur,Credit Card
ORD102056,2023-12-11,CUST01957,26.0,Male,Consumer,Electronics,Smartphone Case,3383.79,1,0.05,3214.6,1033.54,West,Ahmedabad,Cash on Delivery
ORD100740,2023-12-11,CUST00674,37.0,Female,Consumer,Home & Kitchen,Storage Rack,1870.24,1,0.0,1870.24,429.06,West,Mumbai,Cash on Delivery
ORD101341,2023-12-11,CUST00545,34.0,Female,Consumer,Sports & Outdoors,Dumbbell Set,3742.32,1,0.1,3368.09,912.03,West,Ahmedabad,Debit Card
ORD102484,2023-12-11,CUST00931,45.0,Female,Corporate,Sports & Outdoors,Cricket Bat,3838.92,2,0.15,6526.16,385.87,South,Chennai,UPI
ORD103787,2023-12-12,CUST01466,50.0,Male,Corporate,Books & Stationery,Fiction Novel,450.71,1,0.2,360.57,31.4,Central,Nagpur,UPI
ORD102032,2023-12-12,CUST01416,18.0,Female,Consumer,Clothing,Kids Hoodie,303.56,4,0.0,1214.24,522.97,West,Surat,UPI
ORD102693,2023-12-12,CUST00293,21.0,Female,Small Business,Home & Kitchen,Ceramic Mug Set,5668.3,1,0.05,5384.88,2148.92,West,Surat,UPI
ORD106250,2023-12-12,CUST01660,44.0,Female,Small Business,Home & Kitchen,Non-Stick Pan,1719.54,1,0.1,1547.59,184.1,South,Hyderabad,Cash on Delivery
ORD105894,2023-12-12,CUST00125,28.0,Male,Consumer,Clothing,Women's Jeans,940.92,1,0.1,846.83,99.49,South,Hyderabad,Debit Card
ORD105509,2023-12-12,CUST01002,25.0,Male,Consumer,Sports & Outdoors,Cricket Bat,4900.76,2,0.15,8331.29,2897.05,East,Bhubaneswar,UPI
ORD100494,2023-12-12,CUST00476,31.0,Male,Corporate,Electronics,Webcam,5177.72,1,0.05,4918.83,1954.44,Central,Raipur,UPI
ORD103309,2023-12-12,CUST01946,18.0,Male,Consumer,Clothing,Sports Cap,2852.87,1,0.05,2710.23,843.57,West,Pune,UPI
ORD102082,2023-12-12,CUST00343,35.0,Male,Consumer,Furniture,Bookshelf,10278.13,1,0.1,9250.32,2484.7,South,Chennai,Cash on Delivery
ORD101497,2023-12-12,CUST01809,39.0,Male,Small Business,Electronics,Smartphone Case,6507.29,1,0.1,5856.56,1127.88,Central,Bhopal,Debit Card
ORD100286,2023-12-13,CUST00409,61.0,Female,Corporate,Beauty & Personal Care,Hair Dryer,298.34,5,0.2,1193.36,105.68,South,Chennai,UPI
ORD106361,2023-12-13,CUST01983,37.0,Female,Corporate,Clothing,Men's T-Shirt,1558.55,1,0.0,1558.55,387.8,South,Kochi,Credit Card
ORD101620,2023-12-13,CUST00919,29.0,Male,Small Business,Sports & Outdoors,Cycling Helmet,1288.28,1,0.0,1288.28,543.18,Central,Bhopal,UPI
ORD103284,2023-12-13,CUST01980,18.0,Female,Corporate,Home & Kitchen,Mixer Grinder,5966.16,3,0.1,16108.63,2043.99,North,Chandigarh,Credit Card
ORD104926,2023-12-13,CUST00808,52.0,Female,Corporate,Clothing,Summer Dress,1168.83,1,0.1,1051.95,252.81,East,Bhubaneswar,Debit Card
ORD106421,2023-12-13,CUST00446,30.0,Male,Consumer,Books & Stationery,Planner Diary,695.6,1,0.05,660.82,192.97,South,Bengaluru,Net Banking
ORD104228,2023-12-13,CUST00507,37.0,Male,Consumer,Beauty & Personal Care,Face Wash,535.66,2,0.15,910.62,85.05,South,Bengaluru,Debit Card
ORD103507,2023-12-13,CUST01899,38.0,Female,Consumer,Beauty & Personal Care,Face Wash,1234.12,1,0.0,1234.12,292.96,South,Chennai,Net Banking
ORD104095,2023-12-13,CUST00536,34.0,Female,Corporate,Clothing,Winter Jacket,2486.53,2,0.0,4973.06,1786.98,North,Jaipur,UPI
ORD103643,2023-12-13,CUST02085,29.0,Male,Consumer,Sports & Outdoors,Cycling Helmet,1581.75,2,0.05,3005.32,678.35,North,Delhi,UPI
ORD106140,2023-12-14,CUST01443,48.0,Female,Small Business,Electronics,USB-C Cable,7554.18,2,0.05,14352.94,4945.01,South,Bengaluru,UPI
ORD105539,2023-12-14,CUST00082,22.0,Male,Consumer,Clothing,Men's T-Shirt,327.75,1,0.05,311.36,123.22,West,Surat,Cash on Delivery
ORD101085,2023-12-14,CUST01743,19.0,Male,Small Business,Books & Stationery,Fiction Novel,223.94,1,0.1,201.55,67.93,East,Kolkata,UPI
ORD105296,2023-12-14,CUST01605,24.0,Female,Consumer,Clothing,Formal Shirt,1139.92,1,0.0,1139.92,354.96,West,Mumbai,UPI
ORD104042,2023-12-14,CUST01707,35.0,Male,Consumer,Beauty & Personal Care,Trimmer,284.21,1,0.1,255.79,60.66,South,Bengaluru,Cash on Delivery
ORD103826,2023-12-14,CUST00249,42.0,Male,Consumer,Books & Stationery,Notebook Pack,207.49,1,0.05,197.12,56.11,North,Delhi,UPI
ORD106328,2023-12-14,CUST01841,33.0,Male,Small Business,Beauty & Personal Care,Sunscreen SPF50,791.4,1,0.2,633.12,51.07,West,Mumbai,Net Banking
ORD105267,2023-12-15,CUST01271,19.0,Female,Corporate,Beauty & Personal Care,Sunscreen SPF50,942.97,1,0.15,801.52,261.66,Central,Nagpur,UPI
ORD105163,2023-12-15,CUST01267,26.0,Male,Small Business,Furniture,Bookshelf,6985.31,1,0.1,6286.78,1827.65,South,Bengaluru,Credit Card
ORD105587,2023-12-15,CUST01880,51.0,Female,Corporate,Clothing,Men's T-Shirt,395.69,1,0.1,356.12,132.24,North,Jaipur,Credit Card
ORD102225,2023-12-15,CUST00929,50.0,Female,Consumer,Clothing,Running Shoes,721.37,1,0.1,649.23,99.06,South,Chennai,Credit Card
ORD104881,2023-12-15,CUST02024,41.0,Female,Consumer,Sports & Outdoors,Camping Tent,5875.74,1,0.2,4700.59,259.72,West,Ahmedabad,UPI
ORD100525,2023-12-15,CUST01437,50.0,Female,Corporate,Sports & Outdoors,Dumbbell Set,2611.28,1,0.15,2219.59,459.39,East,Kolkata,Net Banking
ORD103521,2023-12-15,CUST00640,,Female,Consumer,Books & Stationery,Fiction Novel,657.21,3,0.0,1971.63,562.11,South,Kochi,Credit Card
ORD100457,2023-12-15,CUST01565,26.0,Male,Consumer,Home & Kitchen,Mixer Grinder,4487.15,1,0.2,3589.72,585.08,East,Bhubaneswar,UPI
ORD103642,2023-12-15,CUST01598,28.0,Female,Small Business,Clothing,Winter Jacket,2311.89,1,0.0,2311.89,717.92,West,Pune,Debit Card
ORD104481,2023-12-16,CUST00227,46.0,Male,Consumer,Clothing,Summer Dress,2455.0,1,0.15,2086.75,536.16,West,Surat,Cash on Delivery
ORD102144,2023-12-16,CUST00834,25.0,Male,Corporate,Electronics,Webcam,8547.43,1,0.1,7692.69,2591.73,West,Surat,Credit Card
ORD100712,2023-12-16,CUST00090,37.0,Female,Consumer,Clothing,Men's T-Shirt,1188.3,1,0.1,1069.47,241.29,North,Chandigarh,Cash on Delivery
ORD105274,2023-12-16,CUST01211,29.0,Male,Consumer,Clothing,Women's Jeans,1106.58,1,0.05,1051.25,325.48,North,Chandigarh,UPI
ORD103735,2023-12-16,CUST01320,25.0,Female,Corporate,Beauty & Personal Care,Face Wash,967.1,5,0.0,4835.5,1618.58,South,Chennai,Credit Card
ORD102164,2023-12-16,CUST02045,31.0,Female,Consumer,Books & Stationery,Notebook Pack,911.55,1,0.0,911.55,296.53,West,Pune,Debit Card
ORD106363,2023-12-16,CUST00886,36.0,Female,Corporate,Sports & Outdoors,Football,6998.18,1,0.15,5948.45,1714.45,South,Kochi,UPI
ORD104511,2023-12-16,CUST00107,31.0,Female,Consumer,Home & Kitchen,Air Fryer,3258.48,2,0.0,6516.96,1531.54,South,Chennai,Cash on Delivery
ORD102756,2023-12-16,CUST00101,38.0,Male,Consumer,Electronics,Power Bank,3167.94,3,0.25,7127.86,-29.75,South,Chennai,Credit Card
ORD100089,2023-12-17,CUST00434,22.0,Male,Consumer,Books & Stationery,Notebook Pack,882.36,1,0.05,838.24,182.17,North,Chandigarh,Net Banking
ORD106056,2023-12-17,CUST02072,53.0,Female,Consumer,Clothing,Running Shoes,1208.99,1,0.0,1208.99,446.83,North,Delhi,UPI
ORD100857,2023-12-17,CUST00227,46.0,Male,Consumer,Electronics,Bluetooth Speaker,7871.76,2,0.0,15743.52,6483.83,South,Bengaluru,Cash on Delivery
ORD102282,2023-12-17,CUST00633,43.0,Male,Consumer,Clothing,Running Shoes,2505.43,2,0.0,5010.86,1494.46,East,Patna,UPI
ORD102660,2023-12-17,CUST01292,39.0,Male,Corporate,Beauty & Personal Care,Lipstick,1462.36,2,0.0,2924.72,1014.27,South,Hyderabad,Debit Card
ORD101237,2023-12-17,CUST01011,27.0,Male,Consumer,Beauty & Personal Care,Trimmer,270.48,1,0.0,270.48,96.62,South,Hyderabad,Credit Card
ORD100595,2023-12-17,CUST01382,20.0,Male,Corporate,Electronics,Wireless Earbuds,1526.71,2,0.2,2442.74,266.54,North,Delhi,UPI
ORD105001,2023-12-17,CUST01480,25.0,Male,Consumer,Beauty & Personal Care,Face Wash,1376.79,1,0.05,1307.95,288.22,West,Ahmedabad,Debit Card
ORD103344,2023-12-17,CUST00736,30.0,Female,Consumer,Home & Kitchen,Mixer Grinder,1125.29,1,0.1,1012.76,249.4,East,Bhubaneswar,Credit Card
ORD102731,2023-12-17,CUST00242,28.0,Male,Consumer,Electronics,Bluetooth Speaker,5614.46,2,0.0,11228.92,4333.91,West,Mumbai,Debit Card
ORD100341,2023-12-17,CUST01175,18.0,Female,Corporate,Clothing,Kids Hoodie,2118.44,1,0.15,1800.67,545.69,West,Pune,Cash on Delivery
ORD104432,2023-12-18,CUST00715,20.0,Male,Corporate,Furniture,Office Chair,10015.85,1,0.1,9014.27,3333.04,South,Bengaluru,Credit Card
ORD101405,2023-12-18,CUST00977,37.0,Male,Small Business,Beauty & Personal Care,Lipstick,325.15,1,0.0,325.15,120.11,East,Kolkata,Credit Card
ORD105158,2023-12-18,CUST00503,38.0,Male,Small Business,Beauty & Personal Care,Trimmer,590.79,4,0.0,2363.16,779.26,South,Kochi,UPI
ORD100338,2023-12-18,CUST02056,42.0,Male,Consumer,Beauty & Personal Care,Hair Dryer,1639.97,1,0.0,1639.97,466.92,West,Ahmedabad,Cash on Delivery
ORD104652,2023-12-18,CUST01007,34.0,Female,Consumer,Electronics,Laptop Stand,4734.33,1,0.1,4260.9,1083.64,South,Chennai,Debit Card
ORD102468,2023-12-18,CUST02062,30.0,Male,Consumer,Beauty & Personal Care,Face Wash,1158.31,2,0.1,2084.96,336.65,South,Hyderabad,Debit Card
ORD105831,2023-12-18,CUST02002,36.0,Female,Consumer,Home & Kitchen,Air Fryer,1180.12,1,0.0,1180.12,475.18,West,Pune,Debit Card
ORD105494,2023-12-18,CUST00001,,Male,Small Business,Home & Kitchen,Air Fryer,3170.29,1,0.15,2694.75,675.34,North,Delhi,UPI
ORD103266,2023-12-18,CUST01339,42.0,Male,Consumer,Electronics,Laptop Stand,5153.51,1,0.2,4122.81,12.94,West,Ahmedabad,UPI
ORD104970,2023-12-18,CUST00993,30.0,Female,Consumer,Beauty & Personal Care,Sunscreen SPF50,1284.12,1,0.0,1284.12,507.43,Central,Nagpur,UPI
ORD103842,2023-12-18,CUST00171,42.0,Female,Consumer,Electronics,Wireless Earbuds,1513.86,1,0.0,1513.86,561.41,West,Ahmedabad,UPI
ORD101025,2023-12-18,CUST01540,20.0,Female,Consumer,Clothing,Men's T-Shirt,1231.71,1,0.1,1108.54,181.35,West,Pune,Net Banking
ORD105221,2023-12-18,CUST01298,27.0,Female,Consumer,Sports & Outdoors,Football,1648.12,1,0.05,1565.71,363.36,South,Bengaluru,UPI
ORD105066,2023-12-18,CUST01068,18.0,Female,Consumer,Home & Kitchen,Ceramic Mug Set,3710.2,1,0.0,3710.2,1197.78,North,Jaipur,Credit Card
ORD105249,2023-12-18,CUST01633,35.0,Male,Consumer,Sports & Outdoors,Cycling Helmet,6714.09,3,0.0,20142.27,7772.22,West,Ahmedabad,UPI
ORD100969,2023-12-19,CUST00960,30.0,Male,Corporate,Clothing,Running Shoes,2812.0,1,0.0,2812.0,743.94,West,Surat,UPI
ORD102875,2023-12-19,CUST01434,30.0,Female,Corporate,Furniture,Bean Bag,10114.04,2,0.0,20228.08,5293.47,South,Kochi,Cash on Delivery
ORD104273,2023-12-19,CUST00481,29.0,Male,Corporate,Electronics,Wireless Earbuds,7602.59,2,0.15,12924.4,3053.68,West,Mumbai,Credit Card
ORD103819,2023-12-19,CUST01528,28.0,Male,Consumer,Beauty & Personal Care,Sunscreen SPF50,1781.27,2,0.0,3562.54,1323.64,North,Jaipur,Cash on Delivery
ORD102517,2023-12-19,CUST01968,41.0,Male,Corporate,Books & Stationery,Planner Diary,620.41,3,0.2,1488.98,33.64,South,Chennai,Debit Card
ORD102808,2023-12-19,CUST01567,39.0,Male,Corporate,Home & Kitchen,Storage Rack,1415.08,4,0.2,4528.26,1019.13,West,Pune,Credit Card
ORD105306,2023-12-19,CUST01739,45.0,Male,Consumer,Electronics,Bluetooth Speaker,3504.54,1,0.1,3154.09,1178.55,West,Mumbai,Credit Card
ORD101767,2023-12-19,CUST00757,18.0,Female,Consumer,Electronics,Webcam,780.81,1,0.0,780.81,177.21,North,Jaipur,Net Banking
ORD102573,2023-12-19,CUST00551,48.0,Male,Consumer,Electronics,Webcam,2194.17,2,0.1,3949.51,949.28,North,Jaipur,UPI
ORD104306,2023-12-19,CUST00828,39.0,Male,Consumer,Home & Kitchen,Mixer Grinder,1314.84,3,0.05,3747.29,1566.85,West,Mumbai,Credit Card
ORD104092,2023-12-20,CUST01475,34.0,Female,Consumer,Sports & Outdoors,Cycling Helmet,3487.28,1,0.0,3487.28,1085.48,Central,Raipur,Debit Card
ORD104205,2023-12-20,CUST00225,38.0,Male,Corporate,Clothing,Kids Hoodie,1297.2,1,0.0,1297.2,392.8,West,Ahmedabad,Cash on Delivery
ORD105595,2023-12-20,CUST01986,48.0,Female,Consumer,Books & Stationery,Desk Organizer,944.96,1,0.05,897.71,173.01,East,Patna,UPI
ORD105884,2023-12-21,CUST00617,18.0,Male,Consumer,Sports & Outdoors,Cycling Helmet,4397.02,1,0.15,3737.47,537.16,West,Surat,Credit Card
ORD101138,2023-12-21,CUST00574,33.0,Male,Consumer,Furniture,Wardrobe,3463.13,4,0.0,13852.52,5476.71,South,Hyderabad,Cash on Delivery
ORD101274,2023-12-21,CUST00094,53.0,Male,Consumer,Clothing,Summer Dress,792.39,3,0.0,2377.17,847.61,South,Hyderabad,Cash on Delivery
ORD101501,2023-12-21,CUST00258,43.0,Female,Small Business,Beauty & Personal Care,Lipstick,432.12,3,0.0,1296.36,337.64,East,Kolkata,Net Banking
ORD105255,2023-12-21,CUST01133,30.0,Male,Consumer,Furniture,Office Chair,7384.58,1,0.05,7015.35,2027.35,South,Bengaluru,UPI
ORD101058,2023-12-21,CUST00607,31.0,Male,Consumer,Clothing,Winter Jacket,2048.68,1,0.0,2048.68,440.17,North,Jaipur,UPI
ORD101267,2023-12-21,CUST01061,46.0,Female,Consumer,Home & Kitchen,Ceramic Mug Set,809.58,1,0.0,809.58,220.07,North,Chandigarh,UPI
ORD103827,2023-12-22,CUST01448,35.0,Female,Corporate,Books & Stationery,Sketch Pens,786.61,1,0.0,786.61,244.97,West,Ahmedabad,Debit Card
ORD102288,2023-12-22,CUST00160,20.0,Female,Consumer,Home & Kitchen,Air Fryer,978.9,1,0.1,881.01,325.04,West,Pune,UPI
ORD101251,2023-12-22,CUST00334,33.0,Male,Corporate,Beauty & Personal Care,Hair Dryer,208.19,1,0.1,187.37,22.02,North,Jaipur,Credit Card
ORD101745,2023-12-22,CUST00722,23.0,Male,Consumer,Clothing,Kids Hoodie,1412.82,1,0.0,1412.82,536.64,South,Hyderabad,Debit Card
ORD101927,2023-12-22,CUST01557,33.0,Male,Corporate,Clothing,Formal Shirt,1763.9,1,0.0,1763.9,450.38,West,Pune,Cash on Delivery
ORD104323,2023-12-22,CUST01853,18.0,Female,Small Business,Furniture,Wardrobe,12482.88,2,0.2,19972.61,490.74,East,Kolkata,Debit Card
ORD105117,2023-12-22,CUST00548,19.0,Female,Consumer,Home & Kitchen,Ceramic Mug Set,1732.9,1,0.25,1299.68,318.59,West,Mumbai,Debit Card
ORD100699,2023-12-22,CUST00968,,Female,Consumer,Clothing,Formal Shirt,1095.94,1,0.05,1041.14,275.56,South,Bengaluru,Credit Card
ORD102830,2023-12-22,CUST01181,43.0,Female,Small Business,Sports & Outdoors,Camping Tent,3186.77,1,0.0,3186.77,659.73,West,Mumbai,Credit Card
ORD106481,2023-12-22,CUST01513,33.0,Male,Small Business,Electronics,Power Bank,5559.88,3,0.15,14177.69,896.99,North,Chandigarh,Credit Card
ORD102729,2023-12-23,CUST01844,22.0,Male,Consumer,Clothing,Formal Shirt,1324.33,2,0.15,2251.36,557.87,North,Chandigarh,Cash on Delivery
ORD104901,2023-12-23,CUST01723,23.0,Female,Consumer,Furniture,Bean Bag,9322.4,1,0.0,9322.4,3766.14,West,Pune,Credit Card
ORD103547,2023-12-23,CUST00383,32.0,Female,Corporate,Electronics,Bluetooth Speaker,4387.4,2,0.05,8336.06,3265.11,North,Jaipur,Cash on Delivery
ORD102486,2023-12-23,CUST01122,18.0,Female,Consumer,Home & Kitchen,Storage Rack,1282.49,1,0.0,1282.49,564.27,Central,Raipur,Cash on Delivery
ORD104475,2023-12-23,CUST01632,56.0,Male,Consumer,Clothing,Women's Jeans,813.13,2,0.15,1382.32,129.16,Central,Bhopal,Net Banking
ORD104760,2023-12-23,CUST01642,52.0,Male,Consumer,Clothing,Winter Jacket,2969.68,1,0.05,2821.2,498.97,South,Hyderabad,
ORD100623,2023-12-23,CUST01251,34.0,Male,Small Business,Clothing,Sports Cap,1575.94,1,0.1,1418.35,408.47,South,Kochi,Debit Card
ORD105964,2023-12-23,CUST01830,35.0,Male,Consumer,Home & Kitchen,Bedsheet Set,5724.35,1,0.0,5724.35,2221.19,West,Ahmedabad,Cash on Delivery
ORD101545,2023-12-23,CUST02071,32.0,Male,Consumer,Beauty & Personal Care,Perfume,1208.29,1,0.1,1087.46,264.79,West,Ahmedabad,Cash on Delivery
ORD106447,2023-12-23,CUST00071,30.0,Female,Consumer,Beauty & Personal Care,Lipstick,1393.04,2,0.25,2089.56,-134.71,Central,Bhopal,Credit Card
ORD101983,2023-12-23,CUST01031,23.0,Female,Corporate,Home & Kitchen,Ceramic Mug Set,758.49,1,0.25,568.87,58.18,North,Lucknow,Cash on Delivery
ORD104964,2023-12-23,CUST00168,48.0,Female,Small Business,Beauty & Personal Care,Perfume,237.81,2,0.0,475.62,155.12,West,Pune,Debit Card
ORD103316,2023-12-23,CUST01972,24.0,Female,Consumer,Electronics,Smartphone Case,3180.59,1,0.1,2862.53,892.33,North,Jaipur,UPI
ORD103580,2023-12-23,CUST01164,31.0,Female,Corporate,Electronics,Laptop Stand,1206.87,1,0.0,1206.87,427.69,North,Lucknow,UPI
ORD105078,2023-12-23,CUST01860,18.0,Female,Corporate,Sports & Outdoors,Cricket Bat,3147.07,1,0.05,2989.72,908.79,North,Delhi,UPI
ORD104375,2023-12-23,CUST00316,24.0,Male,Consumer,Furniture,Study Table,4691.22,1,0.05,4456.66,1675.5,West,Mumbai,Debit Card
ORD103051,2023-12-23,CUST01656,34.0,Female,Corporate,Electronics,Webcam,5789.11,1,0.1,5210.2,1543.04,North,Lucknow,UPI
ORD103905,2023-12-23,CUST01286,18.0,Female,Consumer,Clothing,Women's Jeans,1491.3,1,0.0,1491.3,371.58,East,Bhubaneswar,UPI
ORD105374,2023-12-23,CUST00200,28.0,Male,Small Business,Furniture,Bookshelf,10541.75,1,0.15,8960.49,2914.5,South,Hyderabad,UPI
ORD105281,2023-12-24,CUST01386,25.0,Male,Consumer,Sports & Outdoors,Yoga Mat,869.69,1,0.0,869.69,330.55,South,Kochi,UPI
ORD101524,2023-12-24,CUST01708,38.0,Male,Corporate,Beauty & Personal Care,Lipstick,1035.95,5,0.1,4661.78,527.6,South,Kochi,Debit Card
ORD103635,2023-12-24,CUST00398,24.0,Female,Consumer,Home & Kitchen,Bedsheet Set,5433.97,1,0.05,5162.27,1165.12,North,Jaipur,UPI
ORD106302,2023-12-24,CUST01564,39.0,Male,Consumer,Books & Stationery,Notebook Pack,534.97,1,0.1,481.47,91.88,South,Kochi,Net Banking
ORD105998,2023-12-24,CUST02099,21.0,Female,Corporate,Electronics,Smartphone Case,8089.36,2,0.05,15369.78,2467.41,South,Hyderabad,UPI
ORD102051,2023-12-24,CUST00874,21.0,Female,Corporate,Books & Stationery,Planner Diary,197.54,1,0.0,197.54,50.26,North,Lucknow,Debit Card
ORD101354,2023-12-24,CUST01418,34.0,Male,Corporate,Clothing,Summer Dress,1614.42,2,0.15,2744.51,782.56,North,Delhi,Credit Card
ORD105123,2023-12-24,CUST00284,28.0,Male,Corporate,Clothing,Sports Cap,2923.22,2,0.0,5846.44,1897.23,North,Lucknow,UPI
ORD102363,2023-12-24,CUST01488,42.0,Male,Consumer,Furniture,Study Table,4193.48,2,0.0,8386.96,3524.82,East,Kolkata,Cash on Delivery
ORD105072,2023-12-24,CUST00068,18.0,Female,Consumer,Beauty & Personal Care,Face Wash,529.83,1,0.0,529.83,233.65,East,Patna,Credit Card
ORD104612,2023-12-24,CUST00636,23.0,Male,Corporate,Home & Kitchen,Ceramic Mug Set,5378.14,1,0.15,4571.42,1405.1,Central,Nagpur,Debit Card
ORD105885,2023-12-24,CUST01534,43.0,Female,Consumer,Electronics,Wireless Earbuds,4545.03,1,0.2,3636.02,191.76,East,Patna,Credit Card
ORD102412,2023-12-24,CUST00917,30.0,Female,Small Business,Furniture,Wardrobe,1636.2,1,0.0,1636.2,538.76,West,Surat,Net Banking
ORD103277,2023-12-24,CUST00310,33.0,Female,Corporate,Sports & Outdoors,Cricket Bat,2533.63,2,0.05,4813.9,1787.51,North,Delhi,Credit Card
ORD106066,2023-12-24,CUST02019,39.0,Female,Corporate,Home & Kitchen,Mixer Grinder,461.09,1,0.0,461.09,110.12,Central,Nagpur,UPI
ORD102272,2023-12-25,CUST00726,40.0,Male,Consumer,Sports & Outdoors,Football,2404.43,1,0.1,2163.99,749.2,North,Jaipur,Net Banking
ORD101687,2023-12-25,CUST01047,19.0,Male,Corporate,Books & Stationery,Sketch Pens,883.6,1,0.1,795.24,186.84,Central,Nagpur,Debit Card
ORD101757,2023-12-25,CUST01532,32.0,Male,Consumer,Books & Stationery,Sketch Pens,915.13,1,0.0,915.13,382.65,North,Jaipur,UPI
ORD103646,2023-12-25,CUST00420,56.0,Male,Consumer,Electronics,Laptop Stand,6526.37,1,0.0,6526.37,1525.42,West,Surat,Debit Card
ORD106147,2023-12-25,CUST02083,46.0,Female,Consumer,Sports & Outdoors,Yoga Mat,3494.83,1,0.05,3320.09,1389.65,West,Mumbai,UPI
ORD104496,2023-12-25,CUST00217,27.0,Male,Consumer,Beauty & Personal Care,Face Wash,1871.92,1,0.05,1778.32,411.2,East,Patna,Debit Card
ORD101763,2023-12-25,CUST01844,22.0,Male,Consumer,Beauty & Personal Care,Perfume,1098.75,1,0.05,1043.81,176.01,Central,Nagpur,Cash on Delivery
ORD103557,2023-12-25,CUST00749,23.0,Female,Corporate,Sports & Outdoors,Yoga Mat,4944.99,1,0.1,4450.49,1706.39,North,Jaipur,UPI
ORD102545,2023-12-25,CUST01518,23.0,Male,Consumer,Electronics,Laptop Stand,6110.87,1,0.1,5499.78,1130.85,South,Hyderabad,UPI
ORD105879,2023-12-25,CUST01809,39.0,Male,Small Business,Furniture,Bean Bag,4715.7,1,0.0,4715.7,1683.19,North,Lucknow,UPI
ORD102009,2023-12-25,CUST01291,50.0,Female,Consumer,Electronics,Power Bank,8579.31,5,0.15,36462.07,11347.69,West,Surat,Debit Card
ORD103478,2023-12-25,CUST01222,21.0,Male,Consumer,Books & Stationery,Notebook Pack,855.69,1,0.1,770.12,185.27,West,Mumbai,Credit Card
ORD100921,2023-12-25,CUST01508,25.0,Female,Consumer,Sports & Outdoors,Yoga Mat,6893.79,1,0.05,6549.1,2579.52,South,Kochi,Cash on Delivery
ORD101432,2023-12-26,CUST00116,42.0,Male,Small Business,Beauty & Personal Care,Sunscreen SPF50,476.73,4,0.0,1906.92,388.26,West,Surat,Debit Card
ORD105046,2023-12-26,CUST01559,35.0,Female,Consumer,Clothing,Running Shoes,730.48,2,0.05,1387.91,274.83,Central,Nagpur,UPI
ORD103577,2023-12-26,CUST01096,33.0,Female,Corporate,Clothing,Kids Hoodie,1520.41,1,0.1,1368.37,454.99,East,Kolkata,Cash on Delivery
ORD104934,2023-12-26,CUST00867,39.0,Male,Consumer,Clothing,Women's Jeans,2481.72,2,0.05,4715.27,1112.35,South,Bengaluru,UPI
ORD106165,2023-12-26,CUST01272,43.0,Male,Consumer,Electronics,Bluetooth Speaker,6515.08,1,0.2,5212.06,185.89,North,Jaipur,Net Banking
ORD102458,2023-12-26,CUST00645,32.0,Female,Consumer,Books & Stationery,Planner Diary,585.51,1,0.15,497.68,128.89,South,Kochi,Credit Card
ORD100153,2023-12-26,CUST00743,29.0,Female,Consumer,Home & Kitchen,Air Fryer,1122.72,1,0.15,954.31,123.08,East,Kolkata,Debit Card
ORD101204,2023-12-26,CUST00622,33.0,Female,Corporate,Sports & Outdoors,Football,5200.73,1,0.05,4940.69,1212.2,West,Ahmedabad,UPI
ORD103594,2023-12-26,CUST00034,37.0,Female,Consumer,Clothing,Winter Jacket,2962.18,2,0.0,5924.36,2583.94,West,Pune,Debit Card
ORD104415,2023-12-26,CUST00696,21.0,Female,Small Business,Sports & Outdoors,Yoga Mat,3120.86,1,0.25,2340.64,-102.5,Central,Bhopal,Debit Card
ORD101009,2023-12-26,CUST00029,33.0,Female,Consumer,Sports & Outdoors,Camping Tent,5155.72,3,0.0,15467.16,3793.8,West,Surat,Credit Card
ORD105418,2023-12-27,CUST00380,22.0,Male,Consumer,Books & Stationery,Planner Diary,757.23,1,0.0,757.23,280.17,North,Delhi,Cash on Delivery
ORD106062,2023-12-27,CUST01177,46.0,Female,Consumer,Home & Kitchen,LED Table Lamp,3923.52,1,0.25,2942.64,113.04,West,Surat,Credit Card
ORD103165,2023-12-27,CUST00405,25.0,Female,Consumer,Furniture,Bean Bag,4585.92,1,0.1,4127.33,959.7,West,Pune,Credit Card
ORD100340,2023-12-27,CUST01075,21.0,Male,Consumer,Sports & Outdoors,Cricket Bat,5987.22,1,0.0,5987.22,1519.42,North,Lucknow,Cash on Delivery
ORD106057,2023-12-27,CUST01932,55.0,Female,Consumer,Sports & Outdoors,Football,2935.95,1,0.2,2348.76,102.24,South,Chennai,UPI
ORD106485,2023-12-27,CUST01629,18.0,Female,Consumer,Electronics,Power Bank,6392.94,1,0.0,6392.94,2396.62,South,Kochi,Debit Card
ORD101257,2023-12-27,CUST00104,53.0,Female,Corporate,Clothing,Summer Dress,1191.75,2,0.05,2264.32,820.28,West,Ahmedabad,UPI
ORD105503,2023-12-28,CUST02083,46.0,Female,Consumer,Clothing,Running Shoes,2713.98,1,0.05,2578.28,536.01,North,Lucknow,UPI
ORD103579,2023-12-28,CUST00741,26.0,Male,Consumer,Beauty & Personal Care,Lipstick,1490.68,1,0.15,1267.08,167.48,North,Chandigarh,UPI
ORD102312,2023-12-28,CUST01804,25.0,Female,Corporate,Electronics,Smartwatch,6476.27,1,0.05,6152.46,1980.56,West,Surat,UPI
ORD104788,2023-12-28,CUST00646,41.0,Female,Consumer,Furniture,Bean Bag,5253.92,1,0.0,5253.92,2061.9,South,Bengaluru,Cash on Delivery
ORD101373,2023-12-28,CUST01417,32.0,Female,Consumer,Beauty & Personal Care,Face Wash,962.93,1,0.05,914.78,165.01,West,Ahmedabad,Debit Card
ORD100455,2023-12-28,CUST00721,23.0,Male,Small Business,Home & Kitchen,LED Table Lamp,5618.38,1,0.0,5618.38,1235.01,North,Chandigarh,Debit Card
ORD103994,2023-12-28,CUST01055,30.0,Female,Corporate,Home & Kitchen,Bedsheet Set,282.73,1,0.1,254.46,30.77,West,Mumbai,Debit Card
ORD100578,2023-12-28,CUST01611,37.0,Female,Corporate,Beauty & Personal Care,Face Wash,1623.1,1,0.05,1541.94,608.48,West,Pune,Net Banking
ORD103764,2023-12-28,CUST00551,48.0,Male,Consumer,Clothing,Kids Hoodie,1269.32,2,0.0,2538.64,1018.27,South,Bengaluru,Cash on Delivery
ORD102688,2023-12-28,CUST01419,29.0,Male,Consumer,Sports & Outdoors,Cycling Helmet,5191.59,4,0.05,19728.04,4576.21,North,Delhi,UPI
ORD100582,2023-12-28,CUST00578,30.0,Male,Corporate,Books & Stationery,Sketch Pens,131.39,1,0.1,118.25,35.21,East,Bhubaneswar,Cash on Delivery
ORD106055,2023-12-28,CUST01407,47.0,Female,Corporate,Clothing,Winter Jacket,686.38,1,0.0,686.38,292.19,East,Bhubaneswar,Credit Card
ORD100233,2023-12-28,CUST00561,28.0,Female,Consumer,Electronics,Bluetooth Speaker,5795.74,2,0.1,10432.33,1695.04,West,Surat,Credit Card
ORD105892,2023-12-28,CUST01519,53.0,Male,Consumer,Electronics,Webcam,3312.31,1,0.05,3146.69,1015.46,West,Mumbai,UPI
ORD106106,2023-12-28,CUST00887,46.0,Male,Small Business,Books & Stationery,Sketch Pens,818.28,1,0.1,736.45,109.67,Central,Bhopal,Debit Card
ORD102495,2023-12-28,CUST00861,34.0,Male,Consumer,Books & Stationery,Planner Diary,481.07,1,0.2,384.86,44.26,West,Pune,Cash on Delivery
ORD102148,2023-12-29,CUST01142,44.0,Female,Corporate,Clothing,Formal Shirt,1334.94,2,0.1,2402.89,594.84,West,Mumbai,Net Banking
ORD100041,2023-12-29,CUST00867,39.0,Male,Consumer,Books & Stationery,Planner Diary,825.89,1,0.0,825.89,301.4,South,Hyderabad,UPI
ORD105681,2023-12-29,CUST00336,45.0,Female,Consumer,Electronics,Webcam,7466.53,1,0.1,6719.88,894.46,North,Chandigarh,Credit Card
ORD102628,2023-12-29,CUST00907,24.0,Male,Corporate,Clothing,Winter Jacket,1158.77,1,0.0,1158.77,448.53,West,Surat,Cash on Delivery
ORD100423,2023-12-29,CUST00947,38.0,Female,Corporate,Electronics,USB-C Cable,8052.96,1,0.0,8052.96,2522.0,East,Bhubaneswar,Credit Card
ORD100095,2023-12-29,CUST00060,29.0,Male,Small Business,Books & Stationery,Notebook Pack,981.86,1,0.2,785.49,98.5,West,Mumbai,UPI
ORD101137,2023-12-29,CUST01970,63.0,Male,Consumer,Beauty & Personal Care,Lipstick,1095.72,1,0.0,1095.72,242.27,South,Chennai,UPI
ORD100978,2023-12-30,CUST00356,34.0,Female,Small Business,Home & Kitchen,Mixer Grinder,2430.09,1,0.15,2065.58,213.14,East,Bhubaneswar,UPI
ORD101450,2023-12-30,CUST01719,38.0,Male,Consumer,Electronics,USB-C Cable,1039.95,1,0.25,779.96,160.03,South,Hyderabad,Cash on Delivery
ORD101583,2023-12-30,CUST01046,29.0,Female,Small Business,Home & Kitchen,Ceramic Mug Set,985.58,2,0.2,1576.93,394.49,North,Chandigarh,
ORD102969,2023-12-30,CUST01726,34.0,Male,Consumer,Books & Stationery,Desk Organizer,766.01,3,0.0,2298.03,653.68,North,Delhi,Credit Card
ORD104504,2023-12-30,CUST01890,33.0,Male,Consumer,Electronics,Bluetooth Speaker,8119.29,1,0.0,8119.29,3037.57,East,Bhubaneswar,Debit Card
ORD102597,2023-12-30,CUST00057,38.0,Female,Consumer,Books & Stationery,Fiction Novel,998.34,1,0.1,898.51,220.77,South,Kochi,Cash on Delivery
ORD101663,2023-12-30,CUST00245,21.0,Male,Small Business,Electronics,USB-C Cable,1238.11,4,0.0,4952.44,1864.02,West,Surat,UPI
ORD100985,2023-12-30,CUST01693,28.0,Female,Consumer,Books & Stationery,Sketch Pens,744.27,1,0.0,744.27,313.58,South,Hyderabad,UPI
ORD101131,2023-12-30,CUST00142,19.0,Female,Corporate,Clothing,Winter Jacket,1890.44,2,0.0,3780.88,1097.21,Central,Raipur,Credit Card
ORD101987,2023-12-30,CUST00043,21.0,Female,Consumer,Home & Kitchen,LED Table Lamp,2307.98,1,0.0,2307.98,566.93,West,Ahmedabad,Credit Card
ORD106210,2023-12-30,CUST01586,49.0,Male,Small Business,Home & Kitchen,Storage Rack,2365.87,1,0.0,2365.87,534.44,West,Ahmedabad,UPI
ORD100142,2023-12-30,CUST00427,41.0,Female,Consumer,Home & Kitchen,Water Bottle,367.79,1,0.05,349.4,102.59,South,Bengaluru,Net Banking
ORD105819,2023-12-30,CUST02006,40.0,Male,Corporate,Clothing,Winter Jacket,1307.85,2,0.15,2223.34,313.22,North,Jaipur,UPI
ORD105359,2023-12-31,CUST01657,31.0,Female,Small Business,Electronics,Smartphone Case,2212.12,1,0.2,1769.7,140.88,North,Jaipur,Credit Card
ORD101279,2023-12-31,CUST01460,49.0,Male,Consumer,Beauty & Personal Care,Hair Dryer,1080.03,1,0.05,1026.03,277.58,North,Jaipur,UPI
ORD100649,2023-12-31,CUST01818,18.0,Male,Consumer,Home & Kitchen,Bedsheet Set,3514.97,1,0.05,3339.22,697.24,Central,Nagpur,Net Banking
ORD102876,2023-12-31,CUST00114,32.0,Male,Consumer,Sports & Outdoors,Yoga Mat,6429.27,2,0.25,9643.91,2492.03,Central,Nagpur,UPI
ORD106396,2023-12-31,CUST00921,50.0,Male,Corporate,Home & Kitchen,Bedsheet Set,3766.06,2,0.05,7155.51,1288.46,South,Kochi,UPI
ORD102816,2023-12-31,CUST00503,38.0,Male,Small Business,Clothing,Winter Jacket,2349.38,3,0.25,5286.1,508.23,West,Surat,UPI
ORD101938,2023-12-31,CUST00879,43.0,Female,Consumer,Electronics,Smartwatch,8413.39,2,0.15,14302.76,3206.26,East,Bhubaneswar,Credit Card
ORD100834,2023-12-31,CUST01536,43.0,Female,Consumer,Electronics,Power Bank,3326.37,1,0.15,2827.41,873.29,Central,Raipur,Cash on Delivery
ORD105993,2023-12-31,CUST00797,34.0,Female,Consumer,Home & Kitchen,Ceramic Mug Set,5561.21,1,0.15,4727.03,624.11,Central,Bhopal,UPI
ORD101329,2023-12-31,CUST01325,44.0,Male,Consumer,Clothing,Women's Jeans,2507.77,2,0.0,5015.54,1011.66,West,Ahmedabad,Cash on Delivery
ORD104217,2023-12-31,CUST00429,18.0,Male,Consumer,Electronics,Webcam,1245.18,1,0.0,1245.18,306.34,South,Hyderabad,UPI
ORD102085,2023-12-31,CUST00035,18.0,Female,Corporate,Sports & Outdoors,Yoga Mat,674.29,1,0.2,539.43,139.2,West,Surat,Cash on Delivery
ORD104570,2024-01-01,CUST00024,59.0,Female,Corporate,Clothing,Formal Shirt,726.34,5,0.15,3086.94,316.99,Central,Bhopal,Credit Card
ORD103456,2024-01-01,CUST00361,38.0,Male,Corporate,Sports & Outdoors,Cricket Bat,6638.52,1,0.0,6638.52,1630.07,West,Surat,Net Banking
ORD104192,2024-01-01,CUST01210,41.0,Male,Consumer,Sports & Outdoors,Cricket Bat,1516.78,3,0.0,4550.34,920.01,West,Mumbai,UPI
ORD102559,2024-01-01,CUST00250,62.0,Male,Consumer,Furniture,Coffee Table,7360.61,2,0.0,14721.22,3994.96,East,Patna,Credit Card
ORD104627,2024-01-01,CUST01653,32.0,Male,Corporate,Home & Kitchen,Ceramic Mug Set,483.18,1,0.05,459.02,100.22,North,Jaipur,UPI
ORD105686,2024-01-01,CUST01880,51.0,Female,Corporate,Home & Kitchen,LED Table Lamp,2375.49,1,0.05,2256.72,633.41,South,Bengaluru,Debit Card
ORD102647,2024-01-01,CUST01478,33.0,Male,Corporate,Electronics,Laptop Stand,4890.93,1,0.05,4646.38,1396.31,East,Kolkata,UPI
ORD106265,2024-01-01,CUST02054,37.0,Male,Small Business,Beauty & Personal Care,Perfume,1270.75,1,0.0,1270.75,350.71,West,Pune,UPI
ORD102768,2024-01-01,CUST00926,30.0,Female,Consumer,Home & Kitchen,Ceramic Mug Set,2047.79,1,0.0,2047.79,435.77,Central,Bhopal,Debit Card
ORD104111,2024-01-01,CUST00540,41.0,Male,Consumer,Clothing,Summer Dress,2050.38,2,0.05,3895.72,790.03,North,Lucknow,Net Banking
ORD103246,2024-01-01,CUST00662,18.0,Female,Small Business,Home & Kitchen,Storage Rack,2326.62,1,0.05,2210.29,665.76,Central,Bhopal,UPI
ORD100275,2024-01-02,CUST00457,38.0,Male,Consumer,Clothing,Running Shoes,1886.9,1,0.1,1698.21,624.15,West,Ahmedabad,UPI
ORD103661,2024-01-02,CUST01819,45.0,Female,Consumer,Home & Kitchen,Bedsheet Set,3622.07,2,0.0,7244.14,2494.12,West,Pune,Credit Card
ORD103733,2024-01-02,CUST00159,38.0,Male,Consumer,Electronics,Smartphone Case,4780.33,2,0.0,9560.66,3314.09,North,Jaipur,UPI
ORD105242,2024-01-02,CUST00361,38.0,Male,Corporate,Sports & Outdoors,Yoga Mat,3681.3,2,0.1,6626.34,2045.64,North,Chandigarh,Cash on Delivery
ORD106013,2024-01-02,CUST02054,37.0,Male,Small Business,Sports & Outdoors,Football,6906.54,2,0.1,12431.77,1419.45,Central,Bhopal,UPI
ORD102582,2024-01-03,CUST00797,34.0,Female,Consumer,Furniture,Bean Bag,4007.8,1,0.0,4007.8,1405.22,West,Surat,UPI
ORD104829,2024-01-03,CUST01248,32.0,Male,Consumer,Furniture,Wardrobe,2849.9,1,0.0,2849.9,904.21,North,Delhi,Debit Card
ORD100231,2024-01-03,CUST00811,18.0,Female,Consumer,Clothing,Summer Dress,2325.61,4,0.05,8837.32,2300.09,Central,Bhopal,UPI
ORD100608,2024-01-03,CUST00342,30.0,Female,Consumer,Furniture,Bookshelf,8128.02,3,0.05,23164.86,9668.4,South,Hyderabad,UPI
ORD103201,2024-01-03,CUST01044,24.0,Male,Consumer,Home & Kitchen,Storage Rack,2328.14,1,0.0,2328.14,895.6,North,Delhi,UPI
ORD100147,2024-01-03,CUST00070,45.0,Female,Small Business,Electronics,Smartwatch,6044.18,5,0.0,30220.9,9512.63,East,Kolkata,Debit Card
ORD100743,2024-01-03,CUST00474,31.0,Male,Consumer,Home & Kitchen,Bedsheet Set,4075.51,1,0.0,4075.51,986.41,South,Bengaluru,Cash on Delivery
ORD105062,2024-01-03,CUST00615,23.0,Male,Corporate,Furniture,Bookshelf,3450.29,4,0.0,13801.16,4503.91,South,Bengaluru,Credit Card
ORD101691,2024-01-03,CUST01999,18.0,Male,Consumer,Clothing,Kids Hoodie,345.24,1,0.05,327.98,82.58,East,Kolkata,Debit Card
ORD105996,2024-01-03,CUST02095,18.0,Female,Consumer,Sports & Outdoors,Yoga Mat,1180.17,1,0.05,1121.16,351.49,West,Surat,Net Banking
ORD100350,2024-01-03,CUST01350,45.0,Female,Corporate,Home & Kitchen,Air Fryer,4918.74,1,0.05,4672.8,1034.71,East,Bhubaneswar,Credit Card
ORD105794,2024-01-03,CUST00010,,Female,Corporate,Electronics,Webcam,3771.91,1,0.05,3583.31,1018.51,South,Bengaluru,Debit Card
ORD100848,2024-01-03,CUST01641,37.0,Male,Consumer,Beauty & Personal Care,Trimmer,1988.0,2,0.05,3777.2,928.02,West,Pune,UPI
ORD103880,2024-01-03,CUST01444,32.0,Male,Small Business,Furniture,Office Chair,8325.4,1,0.0,8325.4,3283.9,North,Lucknow,Net Banking
ORD103163,2024-01-03,CUST01745,41.0,Male,Consumer,Furniture,Bean Bag,14970.94,1,0.1,13473.85,3213.78,North,Delhi,Debit Card
ORD105506,2024-01-04,CUST00585,22.0,Female,Consumer,Books & Stationery,Sketch Pens,257.36,1,0.25,193.02,18.34,Central,Raipur,Net Banking
ORD105381,2024-01-04,CUST01476,44.0,Female,Consumer,Books & Stationery,Sketch Pens,767.07,1,0.05,728.72,243.54,Central,Raipur,Credit Card
ORD105234,2024-01-04,CUST01830,35.0,Male,Consumer,Electronics,Smartphone Case,8147.25,1,0.0,8147.25,2775.71,South,Bengaluru,UPI
ORD104592,2024-01-04,CUST00163,44.0,Male,Consumer,Furniture,Bean Bag,5857.92,1,0.05,5565.02,1406.82,East,Patna,Cash on Delivery
ORD106368,2024-01-04,CUST00265,35.0,Female,Small Business,Furniture,Bookshelf,13235.67,1,0.05,12573.89,4624.28,West,Pune,Net Banking
ORD105465,2024-01-05,CUST01921,32.0,Female,Corporate,Electronics,USB-C Cable,2757.02,1,0.15,2343.47,479.86,South,Chennai,Cash on Delivery
ORD105085,2024-01-05,CUST00740,26.0,Female,Small Business,Clothing,Men's T-Shirt,890.78,1,0.0,890.78,343.55,West,Mumbai,Cash on Delivery
ORD102987,2024-01-05,CUST00853,39.0,Female,Consumer,Home & Kitchen,Non-Stick Pan,2528.52,1,0.0,2528.52,907.7,East,Kolkata,Debit Card
ORD102855,2024-01-05,CUST00543,48.0,Female,Consumer,Beauty & Personal Care,Face Wash,1465.65,1,0.0,1465.65,382.41,West,Ahmedabad,Credit Card
ORD103195,2024-01-05,CUST00384,35.0,Male,Consumer,Clothing,Men's T-Shirt,1063.5,4,0.2,3403.2,427.59,South,Kochi,Debit Card
ORD100402,2024-01-05,CUST02019,39.0,Female,Corporate,Clothing,Formal Shirt,2515.73,1,0.15,2138.37,487.11,North,Chandigarh,UPI
ORD104379,2024-01-05,CUST00300,44.0,Female,Corporate,Home & Kitchen,Air Fryer,5721.96,1,0.05,5435.86,2130.57,South,Chennai,Net Banking
ORD104253,2024-01-05,CUST01173,27.0,Male,Corporate,Electronics,Laptop Stand,5315.93,2,0.2,8505.49,1705.3,Central,Raipur,Credit Card
ORD101872,2024-01-05,CUST01693,28.0,Female,Consumer,Home & Kitchen,Bedsheet Set,5288.43,2,0.1,9519.17,3697.65,South,Kochi,Cash on Delivery
ORD103553,2024-01-05,CUST01437,50.0,Female,Corporate,Clothing,Sports Cap,2945.02,1,0.15,2503.27,782.22,South,Kochi,Cash on Delivery
ORD102121,2024-01-05,CUST00203,18.0,Male,Consumer,Home & Kitchen,Air Fryer,2402.74,1,0.1,2162.47,453.42,West,Surat,Credit Card
ORD102414,2024-01-05,CUST01501,50.0,Female,Small Business,Sports & Outdoors,Yoga Mat,6244.11,1,0.2,4995.29,1145.51,South,Kochi,UPI
ORD100792,2024-01-05,CUST00115,24.0,Male,Small Business,Books & Stationery,Planner Diary,720.39,1,0.05,684.37,150.85,North,Delhi,Credit Card
ORD104696,2024-01-05,CUST00114,32.0,Male,Consumer,Beauty & Personal Care,Sunscreen SPF50,424.05,1,0.1,381.65,62.79,West,Mumbai,Credit Card
ORD106419,2024-01-05,CUST01418,34.0,Male,Corporate,Clothing,Running Shoes,1569.79,1,0.0,1569.79,379.49,South,Hyderabad,UPI
ORD102886,2024-01-06,CUST00773,46.0,Other,Corporate,Clothing,Women's Jeans,1549.78,1,0.15,1317.31,426.12,Central,Bhopal,UPI
ORD106047,2024-01-06,CUST00749,23.0,Female,Corporate,Home & Kitchen,Bedsheet Set,1313.53,3,0.05,3743.56,1297.02,South,Kochi,UPI
ORD101167,2024-01-06,CUST00228,28.0,Female,Corporate,Furniture,Coffee Table,13315.62,1,0.0,13315.62,5854.85,West,Surat,Cash on Delivery
ORD101421,2024-01-06,CUST01620,23.0,Male,Small Business,Home & Kitchen,Air Fryer,2161.83,1,0.0,2161.83,972.18,North,Delhi,Debit Card
ORD100692,2024-01-06,CUST00117,41.0,Female,Consumer,Electronics,USB-C Cable,2383.28,1,0.1,2144.95,514.04,North,Delhi,UPI
ORD103353,2024-01-06,CUST00037,34.0,Male,Consumer,Beauty & Personal Care,Face Wash,941.06,1,0.05,894.01,349.1,South,Hyderabad,Credit Card
ORD105849,2024-01-06,CUST01581,34.0,Male,Corporate,Electronics,Power Bank,722.63,3,0.15,1842.71,560.16,East,Patna,UPI
ORD102277,2024-01-06,CUST01794,36.0,Male,Small Business,Electronics,Power Bank,8427.45,1,0.15,7163.33,2467.32,West,Surat,Net Banking
ORD101703,2024-01-06,CUST01192,44.0,Female,Consumer,Furniture,Coffee Table,9426.02,1,0.0,9426.02,4055.26,Central,Raipur,UPI
ORD102310,2024-01-06,CUST00085,22.0,Female,Consumer,Clothing,Formal Shirt,2668.24,1,0.1,2401.42,761.35,South,Bengaluru,Credit Card
ORD100103,2024-01-07,CUST01433,49.0,Female,Consumer,Electronics,Webcam,6972.76,2,0.0,13945.52,4528.0,West,Ahmedabad,Credit Card
ORD102947,2024-01-07,CUST00354,55.0,Male,Consumer,Electronics,Webcam,861.49,1,0.0,861.49,196.75,North,Jaipur,UPI
ORD104753,2024-01-07,CUST02069,37.0,Female,Consumer,Electronics,Webcam,2368.33,2,0.2,3789.33,321.11,East,Bhubaneswar,Net Banking
ORD101877,2024-01-07,CUST02015,38.0,Male,Small Business,Electronics,Wireless Earbuds,5856.4,1,0.2,4685.12,743.48,Central,Raipur,Net Banking
ORD105314,2024-01-07,CUST02058,34.0,Female,Consumer,Clothing,Women's Jeans,1173.51,1,0.0,1173.51,261.91,South,Chennai,Credit Card
ORD104697,2024-01-07,CUST01691,18.0,Female,Consumer,Beauty & Personal Care,Perfume,993.0,1,0.05,943.35,154.75,East,Patna,Debit Card
ORD103261,2024-01-07,CUST00967,24.0,Male,Consumer,Home & Kitchen,Non-Stick Pan,461.99,4,0.05,1755.56,288.98,West,Pune,Cash on Delivery
ORD106333,2024-01-07,CUST00661,55.0,Female,Small Business,Electronics,Smartphone Case,1914.34,1,0.0,1914.34,390.23,West,Pune,UPI
ORD105329,2024-01-08,CUST00860,25.0,Female,Small Business,Furniture,Office Chair,1579.82,1,0.05,1500.83,391.28,South,Chennai,UPI
ORD106321,2024-01-08,CUST01330,20.0,Male,Consumer,Clothing,Running Shoes,2052.46,1,0.2,1641.97,410.35,South,Chennai,Debit Card
ORD102513,2024-01-08,CUST01037,18.0,Male,Consumer,Sports & Outdoors,Camping Tent,1965.86,1,0.15,1670.98,350.73,South,Chennai,Net Banking
ORD106126,2024-01-08,CUST00330,27.0,Female,Corporate,Clothing,Running Shoes,2929.85,1,0.2,2343.88,327.47,South,Chennai,Cash on Delivery
ORD103660,2024-01-08,CUST00658,32.0,Male,Consumer,Home & Kitchen,Non-Stick Pan,5033.01,1,0.15,4278.06,1159.65,North,Lucknow,Debit Card
ORD101726,2024-01-08,CUST00971,34.0,Female,Consumer,Beauty & Personal Care,Lipstick,468.99,1,0.0,468.99,158.48,West,Pune,UPI
ORD104629,2024-01-09,CUST00219,52.0,Female,Consumer,Electronics,Smartphone Case,950.92,1,0.0,950.92,266.47,West,Pune,Cash on Delivery
ORD100129,2024-01-09,CUST00340,37.0,Female,Small Business,Books & Stationery,Notebook Pack,673.3,1,0.0,673.3,194.39,South,Bengaluru,UPI
ORD100632,2024-01-09,CUST01805,43.0,Female,Consumer,Beauty & Personal Care,Trimmer,1961.48,2,0.1,3530.66,461.68,South,Hyderabad,Credit Card
ORD104374,2024-01-09,CUST01987,23.0,Female,Consumer,Clothing,Kids Hoodie,832.24,1,0.05,790.63,194.19,Central,Raipur,Debit Card
ORD100274,2024-01-09,CUST01504,18.0,Male,Consumer,Furniture,Study Table,13705.21,1,0.0,13705.21,3251.88,South,Kochi,UPI
ORD102494,2024-01-09,CUST01557,33.0,Male,Corporate,Electronics,USB-C Cable,3323.1,1,0.05,3156.94,626.21,East,Bhubaneswar,Credit Card
ORD104813,2024-01-09,CUST00354,55.0,Male,Consumer,Beauty & Personal Care,Sunscreen SPF50,1479.44,1,0.05,1405.47,500.31,East,Kolkata,Debit Card
ORD104660,2024-01-09,CUST00793,21.0,Male,Small Business,Home & Kitchen,Storage Rack,356.5,1,0.0,356.5,96.78,North,Delhi,UPI
ORD103657,2024-01-09,CUST01339,42.0,Male,Consumer,Electronics,Wireless Earbuds,8197.36,1,0.0,8197.36,2750.5,East,Kolkata,Net Banking
ORD102605,2024-01-09,CUST02068,42.0,Female,Corporate,Home & Kitchen,LED Table Lamp,5931.27,1,0.15,5041.58,828.32,East,Patna,UPI
ORD105385,2024-01-09,CUST01819,45.0,Female,Consumer,Electronics,Smartwatch,6093.57,4,0.1,21936.85,3987.02,South,Hyderabad,Net Banking
ORD106146,2024-01-10,CUST01087,19.0,Male,Consumer,Furniture,Office Chair,9000.63,1,0.0,9000.63,2963.49,East,Bhubaneswar,UPI
ORD106174,2024-01-10,CUST01194,47.0,Female,Corporate,Electronics,Laptop Stand,4018.03,1,0.05,3817.13,1150.38,North,Lucknow,Cash on Delivery
ORD104736,2024-01-10,CUST01617,18.0,Female,Small Business,Home & Kitchen,Non-Stick Pan,3898.48,2,0.0,7796.96,1594.79,West,Surat,UPI
ORD102061,2024-01-10,CUST02053,26.0,Male,Small Business,Beauty & Personal Care,Lipstick,919.37,1,0.0,919.37,367.48,East,Patna,Debit Card
ORD102179,2024-01-10,CUST00390,39.0,Male,Consumer,Electronics,USB-C Cable,4691.78,1,0.25,3518.84,258.09,East,Patna,Cash on Delivery
ORD102269,2024-01-10,CUST01967,47.0,Male,Small Business,Sports & Outdoors,Yoga Mat,2308.33,1,0.0,2308.33,905.01,Central,Raipur,Credit Card
ORD106408,2024-01-10,CUST00300,44.0,Female,Corporate,Beauty & Personal Care,Lipstick,434.28,1,0.25,325.71,60.58,South,Bengaluru,Debit Card
ORD101093,2024-01-10,CUST00051,18.0,Male,Consumer,Clothing,Running Shoes,2156.07,2,0.05,4096.53,780.79,West,Surat,Credit Card
ORD102302,2024-01-10,CUST00058,45.0,Male,Consumer,Clothing,Kids Hoodie,2486.58,1,0.1,2237.92,475.01,East,Bhubaneswar,UPI
ORD104714,2024-01-10,CUST01100,18.0,Female,Consumer,Electronics,Laptop Stand,7393.21,1,0.0,7393.21,2585.93,West,Surat,UPI
ORD105265,2024-01-10,CUST01855,48.0,Male,Consumer,Clothing,Women's Jeans,1701.3,3,0.15,4338.31,1176.1,South,Bengaluru,UPI
ORD100172,2024-01-10,CUST01005,27.0,Female,Corporate,Clothing,Kids Hoodie,643.5,1,0.0,643.5,208.73,East,Bhubaneswar,Cash on Delivery
ORD101792,2024-01-10,CUST01116,48.0,Male,Consumer,Electronics,Laptop Stand,1904.13,1,0.2,1523.3,203.52,North,Jaipur,Cash on Delivery
ORD102946,2024-01-11,CUST01510,38.0,Female,Corporate,Clothing,Formal Shirt,1563.29,1,0.15,1328.8,78.66,West,Pune,Cash on Delivery
ORD104501,2024-01-11,CUST00011,42.0,Female,Small Business,Furniture,Coffee Table,2135.58,1,0.0,2135.58,846.45,South,Bengaluru,Cash on Delivery
ORD100027,2024-01-11,CUST00854,23.0,Female,Consumer,Electronics,Laptop Stand,4109.47,1,0.0,4109.47,1795.65,Central,Nagpur,Debit Card
ORD106050,2024-01-11,CUST01260,33.0,Female,Corporate,Electronics,USB-C Cable,1869.6,2,0.0,3739.2,897.13,West,Pune,Debit Card
ORD103906,2024-01-11,CUST00637,18.0,Female,Consumer,Books & Stationery,Sketch Pens,454.38,1,0.05,431.66,164.4,West,Pune,Debit Card
ORD100570,2024-01-11,CUST01666,43.0,Female,Small Business,Sports & Outdoors,Cricket Bat,985.97,1,0.2,788.78,109.28,South,Bengaluru,Debit Card
ORD103184,2024-01-12,CUST01536,43.0,Female,Consumer,Beauty & Personal Care,Perfume,1389.01,2,0.05,2639.12,662.24,North,Chandigarh,Debit Card
ORD105364,2024-01-12,CUST01954,37.0,Male,Consumer,Books & Stationery,Sketch Pens,755.86,1,0.0,755.86,255.23,Central,Raipur,Cash on Delivery
ORD106433,2024-01-12,CUST01733,43.0,Male,Consumer,Clothing,Formal Shirt,2837.38,1,0.2,2269.9,201.27,East,Bhubaneswar,UPI
ORD101377,2024-01-12,CUST00000,30.0,Male,Consumer,Books & Stationery,Sketch Pens,577.29,2,0.0,1154.58,259.65,South,Chennai,UPI
ORD103220,2024-01-12,CUST00798,18.0,Male,Corporate,Clothing,Running Shoes,2554.1,1,0.1,2298.69,461.43,East,Bhubaneswar,UPI
ORD104160,2024-01-12,CUST00318,42.0,Female,Consumer,Books & Stationery,Fiction Novel,495.24,1,0.0,495.24,162.14,South,Chennai,Credit Card
ORD101431,2024-01-12,CUST01516,24.0,Female,Corporate,Home & Kitchen,Non-Stick Pan,5878.56,1,0.0,5878.56,1533.38,East,Patna,Net Banking
ORD105131,2024-01-12,CUST02073,18.0,Female,Consumer,Clothing,Winter Jacket,1473.79,1,0.25,1105.34,204.82,West,Surat,Debit Card
ORD104319,2024-01-13,CUST00430,34.0,Female,Small Business,Clothing,Summer Dress,1253.19,3,0.0,3759.57,1256.89,North,Lucknow,Credit Card
ORD102293,2024-01-13,CUST00096,31.0,Male,Consumer,Sports & Outdoors,Cycling Helmet,2917.64,1,0.0,2917.64,743.78,Central,Nagpur,Debit Card
ORD102866,2024-01-13,CUST00528,24.0,Male,Corporate,Electronics,Smartwatch,810.78,1,0.0,810.78,300.11,North,Chandigarh,Cash on Delivery
ORD101661,2024-01-13,CUST01589,39.0,Female,Consumer,Clothing,Women's Jeans,308.63,2,0.0,617.26,212.02,Central,Raipur,Credit Card
ORD102679,2024-01-13,CUST01680,23.0,Female,Corporate,Home & Kitchen,Ceramic Mug Set,1780.4,2,0.05,3382.76,947.04,West,Mumbai,Cash on Delivery
ORD106476,2024-01-13,CUST00453,34.0,Female,Small Business,Home & Kitchen,Bedsheet Set,4799.88,1,0.1,4319.89,1527.1,South,Chennai,UPI
ORD100306,2024-01-13,CUST01929,18.0,Female,Consumer,Clothing,Women's Jeans,2849.71,1,0.05,2707.22,1002.8,Central,Nagpur,UPI
ORD100136,2024-01-14,CUST01431,46.0,Male,Small Business,Books & Stationery,Desk Organizer,371.09,2,0.0,742.18,279.68,South,Kochi,Net Banking
ORD100263,2024-01-14,CUST00391,,Male,Consumer,Clothing,Kids Hoodie,712.5,5,0.1,3206.25,842.33,Central,Raipur,UPI
ORD104401,2024-01-14,CUST01068,18.0,Female,Consumer,Clothing,Women's Jeans,771.97,1,0.0,771.97,154.49,Central,Nagpur,Net Banking
ORD105861,2024-01-14,CUST01577,18.0,Female,Consumer,Clothing,Summer Dress,721.2,1,0.0,721.2,276.69,West,Mumbai,Net Banking
ORD102256,2024-01-14,CUST01168,20.0,Female,Consumer,Home & Kitchen,Mixer Grinder,3641.42,1,0.0,3641.42,1446.95,North,Jaipur,Credit Card
ORD105500,2024-01-14,CUST01811,28.0,Male,Corporate,Electronics,Webcam,7182.07,3,0.0,21546.21,7271.27,North,Chandigarh,UPI
ORD103327,2024-01-14,CUST01081,35.0,Female,Consumer,Electronics,Bluetooth Speaker,5283.71,1,0.0,5283.71,1768.76,East,Patna,Credit Card
ORD101945,2024-01-14,CUST01417,,Female,Consumer,Clothing,Winter Jacket,796.21,1,0.1,716.59,249.37,West,Pune,Cash on Delivery
ORD100815,2024-01-14,CUST02093,18.0,Male,Consumer,Home & Kitchen,Water Bottle,971.67,1,0.15,825.92,238.36,West,Mumbai,UPI
ORD103039,2024-01-14,CUST00545,34.0,Female,Consumer,Clothing,Running Shoes,2919.43,1,0.25,2189.57,368.61,North,Jaipur,Debit Card
ORD105914,2024-01-14,CUST00462,47.0,Female,Consumer,Clothing,Kids Hoodie,864.88,2,0.05,1643.27,364.61,South,Chennai,Cash on Delivery
ORD106351,2024-01-14,CUST02012,28.0,Male,Consumer,Electronics,USB-C Cable,2496.33,1,0.1,2246.7,554.55,West,Mumbai,Cash on Delivery
ORD104541,2024-01-14,CUST01347,18.0,Male,Consumer,Electronics,Smartphone Case,8014.24,1,0.0,8014.24,1653.97,South,Chennai,Credit Card
ORD102711,2024-01-14,CUST00127,18.0,Female,Corporate,Sports & Outdoors,Cycling Helmet,2948.95,1,0.05,2801.5,840.75,East,Kolkata,UPI
ORD105075,2024-01-14,CUST00264,26.0,Female,Corporate,Home & Kitchen,Bedsheet Set,3568.92,3,0.2,8565.41,2574.99,South,Hyderabad,Cash on Delivery
ORD106006,2024-01-14,CUST00849,26.0,Female,Corporate,Clothing,Men's T-Shirt,1196.73,1,0.0,1196.73,488.68,North,Chandigarh,Debit Card
ORD101789,2024-01-14,CUST00271,42.0,Female,Corporate,Home & Kitchen,Water Bottle,5805.73,1,0.0,5805.73,2195.31,East,Bhubaneswar,UPI
ORD101973,2024-01-14,CUST01848,48.0,Female,Consumer,Clothing,Sports Cap,954.69,2,0.05,1813.91,538.13,West,Ahmedabad,Credit Card
ORD101285,2024-01-14,CUST00840,43.0,Male,Corporate,Home & Kitchen,Storage Rack,2048.03,2,0.0,4096.06,1728.19,East,Bhubaneswar,Net Banking
ORD100956,2024-01-15,CUST01102,43.0,Female,Corporate,Clothing,Running Shoes,752.48,3,0.05,2144.57,495.41,North,Jaipur,UPI
ORD102695,2024-01-15,CUST00366,29.0,Male,Corporate,Books & Stationery,Desk Organizer,118.27,1,0.05,112.36,22.99,South,Bengaluru,Debit Card
ORD101500,2024-01-15,CUST00344,50.0,Female,Consumer,Books & Stationery,Sketch Pens,189.87,2,0.0,379.74,84.4,South,Kochi,UPI
ORD104461,2024-01-15,CUST00549,34.0,Female,Small Business,Home & Kitchen,Mixer Grinder,2907.86,2,0.2,4652.58,657.6,Central,Bhopal,Cash on Delivery
ORD105049,2024-01-15,CUST01519,53.0,Male,Consumer,Clothing,Summer Dress,1717.08,2,0.0,3434.16,1078.25,West,Pune,Credit Card
ORD101393,2024-01-15,CUST00743,29.0,Female,Consumer,Electronics,USB-C Cable,1562.5,1,0.05,1484.38,242.4,North,Delhi,Credit Card
ORD100047,2024-01-15,CUST02021,18.0,Female,Consumer,Electronics,Smartwatch,3164.27,2,0.05,6012.11,1235.12,West,Ahmedabad,Net Banking
ORD103230,2024-01-15,CUST01260,33.0,Female,Corporate,Electronics,Smartphone Case,3620.92,1,0.05,3439.87,699.18,West,Pune,Credit Card
ORD101605,2024-01-15,CUST02087,29.0,Female,Consumer,Sports & Outdoors,Dumbbell Set,2638.27,1,0.05,2506.36,918.0,West,Surat,
ORD102071,2024-01-15,CUST00441,41.0,Male,Consumer,Books & Stationery,Planner Diary,856.03,4,0.25,2568.09,291.8,West,Pune,Credit Card
ORD104693,2024-01-16,CUST00052,32.0,Female,Small Business,Clothing,Winter Jacket,1598.14,2,0.1,2876.65,326.13,South,Bengaluru,Debit Card
ORD101642,2024-01-16,CUST01394,30.0,Male,Corporate,Clothing,Men's T-Shirt,2699.56,1,0.1,2429.6,304.96,East,Bhubaneswar,UPI
ORD100550,2024-01-16,CUST02035,33.0,Female,Consumer,Sports & Outdoors,Football,2529.73,1,0.2,2023.78,430.05,South,Bengaluru,UPI
ORD102593,2024-01-16,CUST00384,35.0,Male,Consumer,Books & Stationery,Notebook Pack,199.18,1,0.0,199.18,73.69,South,Hyderabad,UPI
ORD104516,2024-01-16,CUST00368,38.0,Female,Consumer,Electronics,USB-C Cable,5023.7,2,0.0,10047.4,2360.54,West,Surat,Debit Card
ORD100548,2024-01-16,CUST01463,36.0,Female,Corporate,Sports & Outdoors,Camping Tent,2382.72,2,0.1,4288.9,1148.23,South,Hyderabad,Net Banking
ORD102700,2024-01-16,CUST01040,46.0,Male,Consumer,Electronics,USB-C Cable,8698.98,1,0.15,7394.13,1322.32,West,Surat,Cash on Delivery
ORD102804,2024-01-17,CUST00767,18.0,Female,Corporate,Electronics,USB-C Cable,1051.75,2,0.15,1787.98,156.66,East,Kolkata,Cash on Delivery
ORD100295,2024-01-17,CUST00369,19.0,Female,Consumer,Clothing,Women's Jeans,704.05,1,0.0,704.05,187.22,North,Chandigarh,Cash on Delivery
ORD102904,2024-01-17,CUST01981,32.0,Male,Small Business,Clothing,Summer Dress,2051.81,2,0.1,3693.26,892.89,East,Kolkata,UPI
ORD103138,2024-01-17,CUST00574,33.0,Male,Consumer,Books & Stationery,Planner Diary,365.32,2,0.1,657.58,241.83,South,Kochi,UPI
ORD102245,2024-01-17,CUST02009,39.0,Female,Corporate,Home & Kitchen,Non-Stick Pan,3043.15,2,0.0,6086.3,1554.63,Central,Bhopal,Cash on Delivery
ORD102556,2024-01-17,CUST01465,21.0,Male,Consumer,Clothing,Women's Jeans,1011.83,2,0.1,1821.29,356.59,South,Chennai,UPI
ORD100733,2024-01-18,CUST00149,42.0,Female,Consumer,Electronics,Webcam,3007.68,5,0.0,15038.4,4863.38,West,Mumbai,UPI
ORD104363,2024-01-18,CUST00262,19.0,Female,Consumer,Clothing,Men's T-Shirt,2830.27,1,0.0,2830.27,592.24,South,Kochi,UPI
ORD100479,2024-01-18,CUST00646,41.0,Female,Consumer,Beauty & Personal Care,Face Wash,1699.66,1,0.05,1614.68,554.53,West,Ahmedabad,UPI
ORD100096,2024-01-18,CUST01310,19.0,Male,Consumer,Electronics,Bluetooth Speaker,3602.77,2,0.1,6484.99,2253.16,West,Pune,UPI
ORD102093,2024-01-18,CUST00656,39.0,Male,Small Business,Furniture,Wardrobe,3024.6,1,0.25,2268.45,150.57,West,Mumbai,UPI
ORD102042,2024-01-18,CUST00640,40.0,Female,Consumer,Beauty & Personal Care,Face Wash,1094.64,2,0.0,2189.28,627.49,Central,Nagpur,Debit Card
ORD100862,2024-01-19,CUST00215,38.0,Female,Small Business,Furniture,Bean Bag,14100.46,1,0.05,13395.44,4902.04,Central,Raipur,Debit Card
ORD101539,2024-01-19,CUST00143,41.0,Female,Corporate,Beauty & Personal Care,Trimmer,1533.97,2,0.1,2761.15,413.54,East,Patna,UPI
ORD103691,2024-01-19,CUST01519,53.0,Male,Consumer,Home & Kitchen,Ceramic Mug Set,3557.84,1,0.0,3557.84,1256.2,North,Delhi,Credit Card
ORD106311,2024-01-19,CUST00232,18.0,Female,Consumer,Electronics,Power Bank,2328.79,3,0.1,6287.73,768.45,South,Hyderabad,Cash on Delivery
ORD100017,2024-01-19,CUST00253,27.0,Female,Consumer,Beauty & Personal Care,Lipstick,741.83,1,0.15,630.56,186.51,North,Chandigarh,UPI
ORD104972,2024-01-19,CUST01189,41.0,Female,Consumer,Sports & Outdoors,Camping Tent,4442.71,3,0.1,11995.32,1857.27,South,Kochi,Credit Card
ORD100673,2024-01-19,CUST01926,45.0,Other,Consumer,Electronics,Webcam,3790.01,1,0.2,3032.01,121.74,South,Bengaluru,Cash on Delivery
ORD100933,2024-01-20,CUST00962,36.0,Male,Consumer,Furniture,Office Chair,3940.14,1,0.0,3940.14,1177.73,Central,Raipur,Credit Card
ORD105409,2024-01-20,CUST00032,31.0,Female,Small Business,Electronics,USB-C Cable,8062.19,1,0.2,6449.75,1909.47,West,Mumbai,UPI
ORD101316,2024-01-20,CUST01849,34.0,Male,Corporate,Electronics,Smartwatch,1046.34,2,0.0,2092.68,450.34,East,Bhubaneswar,Credit Card
ORD104121,2024-01-20,CUST00604,32.0,Male,Corporate,Beauty & Personal Care,Perfume,1407.72,1,0.05,1337.33,288.41,North,Jaipur,Cash on Delivery
ORD105591,2024-01-20,CUST01615,29.0,Female,Corporate,Furniture,Bean Bag,14741.89,1,0.05,14004.8,2239.81,South,Kochi,UPI
ORD106308,2024-01-20,CUST01361,18.0,Female,Corporate,Sports & Outdoors,Yoga Mat,4462.77,1,0.05,4239.63,1617.08,South,Kochi,UPI
ORD103441,2024-01-21,CUST00874,21.0,Female,Corporate,Books & Stationery,Sketch Pens,374.17,1,0.15,318.04,48.41,Central,Nagpur,Cash on Delivery
ORD106478,2024-01-21,CUST00510,56.0,Male,Consumer,Beauty & Personal Care,Hair Dryer,1031.35,2,0.15,1753.29,182.91,South,Bengaluru,Debit Card
ORD105538,2024-01-21,CUST01995,24.0,Female,Consumer,Home & Kitchen,Non-Stick Pan,4056.14,1,0.25,3042.1,131.61,South,Kochi,Debit Card
ORD102133,2024-01-21,CUST02027,41.0,Female,Consumer,Electronics,Wireless Earbuds,6442.44,1,0.0,6442.44,1448.64,Central,Bhopal,Credit Card
ORD100474,2024-01-21,CUST01808,43.0,Female,Consumer,Home & Kitchen,Water Bottle,4618.81,1,0.05,4387.87,911.54,West,Surat,Debit Card
ORD105025,2024-01-21,CUST01755,33.0,Male,Consumer,Sports & Outdoors,Dumbbell Set,2125.91,1,0.05,2019.61,627.97,North,Jaipur,UPI
ORD101732,2024-01-21,CUST00166,18.0,Male,Corporate,Clothing,Formal Shirt,777.15,1,0.05,738.29,152.31,East,Patna,UPI
ORD106175,2024-01-21,CUST00557,34.0,Female,Small Business,Furniture,Office Chair,10758.5,2,0.0,21517.0,9300.37,Central,Raipur,Credit Card
ORD102766,2024-01-22,CUST01594,40.0,Male,Consumer,Clothing,Running Shoes,1384.16,2,0.15,2353.07,267.58,Central,Raipur,Debit Card
ORD105047,2024-01-22,CUST01509,,Male,Corporate,Clothing,Winter Jacket,2281.15,5,0.1,10265.18,3782.07,East,Kolkata,Debit Card
ORD106439,2024-01-22,CUST00516,18.0,Male,Consumer,Electronics,USB-C Cable,5230.11,1,0.0,5230.11,2349.05,West,Pune,UPI
ORD105524,2024-01-22,CUST00477,44.0,Female,Consumer,Home & Kitchen,LED Table Lamp,5353.3,1,0.0,5353.3,1905.51,West,Pune,Credit Card
ORD100188,2024-01-22,CUST00584,34.0,Male,Consumer,Electronics,Wireless Earbuds,3816.37,1,0.0,3816.37,1066.38,South,Chennai,Credit Card
ORD101051,2024-01-22,CUST01329,22.0,Male,Corporate,Beauty & Personal Care,Sunscreen SPF50,275.05,1,0.0,275.05,93.9,North,Delhi,Cash on Delivery
ORD102690,2024-01-23,CUST00911,18.0,Female,Corporate,Home & Kitchen,Storage Rack,349.22,1,0.15,296.84,98.74,South,Kochi,UPI
ORD106381,2024-01-23,CUST00122,43.0,Male,Corporate,Electronics,Smartphone Case,1154.75,1,0.1,1039.28,163.08,North,Lucknow,UPI
ORD103998,2024-01-23,CUST00207,47.0,Female,Consumer,Beauty & Personal Care,Face Wash,1167.4,1,0.2,933.92,272.33,South,Bengaluru,
ORD101825,2024-01-23,CUST00583,54.0,Male,Corporate,Furniture,Study Table,2180.24,1,0.15,1853.2,598.85,North,Jaipur,Net Banking
ORD103840,2024-01-24,CUST01242,24.0,Female,Corporate,Clothing,Women's Jeans,1535.64,1,0.0,1535.64,588.23,North,Delhi,UPI
ORD104173,2024-01-24,CUST02092,21.0,Male,Consumer,Furniture,Study Table,10640.1,2,0.1,19152.18,5799.04,North,Jaipur,UPI
ORD100301,2024-01-24,CUST00695,36.0,Female,Corporate,Home & Kitchen,Mixer Grinder,5301.31,4,0.05,20144.98,6411.19,South,Kochi,Debit Card
ORD100633,2024-01-24,CUST00466,25.0,Male,Consumer,Clothing,Sports Cap,2762.58,1,0.2,2210.06,333.74,East,Kolkata,UPI
ORD101414,2024-01-24,CUST01569,22.0,Female,Corporate,Furniture,Bookshelf,13576.99,1,0.1,12219.29,4552.02,West,Mumbai,Net Banking
ORD103762,2024-01-24,CUST01655,34.0,Female,Small Business,Books & Stationery,Desk Organizer,305.69,1,0.0,305.69,136.95,East,Patna,Debit Card
ORD103891,2024-01-24,CUST01032,35.0,Female,Corporate,Electronics,Smartphone Case,1839.13,1,0.15,1563.26,253.63,South,Bengaluru,Debit Card
ORD105031,2024-01-25,CUST00670,68.0,Female,Consumer,Electronics,Smartphone Case,4787.36,1,0.2,3829.89,538.57,East,Kolkata,Debit Card
ORD101612,2024-01-25,CUST01566,31.0,Female,Consumer,Furniture,Wardrobe,7025.9,1,0.0,7025.9,2906.04,West,Surat,UPI
ORD100636,2024-01-25,CUST01772,33.0,Female,Consumer,Clothing,Summer Dress,490.53,1,0.0,490.53,183.45,North,Delhi,UPI
ORD105899,2024-01-25,CUST01888,30.0,Female,Consumer,Clothing,Formal Shirt,1495.56,1,0.05,1420.78,458.43,West,Mumbai,Debit Card
ORD103796,2024-01-25,CUST00027,28.0,Male,Consumer,Books & Stationery,Fiction Novel,416.65,2,0.1,749.97,210.77,North,Jaipur,Cash on Delivery
ORD100700,2024-01-25,CUST01307,19.0,Female,Consumer,Clothing,Sports Cap,620.23,1,0.0,620.23,147.64,North,Delhi,Cash on Delivery
ORD103250,2024-01-25,CUST00935,41.0,Male,Consumer,Beauty & Personal Care,Hair Dryer,1686.33,1,0.0,1686.33,499.91,West,Mumbai,UPI
ORD102474,2024-01-25,CUST00105,39.0,Male,Corporate,Books & Stationery,Fiction Novel,838.66,2,0.25,1257.99,272.45,Central,Nagpur,Credit Card
ORD100757,2024-01-25,CUST01957,26.0,Male,Consumer,Books & Stationery,Planner Diary,442.07,1,0.1,397.86,89.09,Central,Raipur,UPI
ORD102101,2024-01-25,CUST00307,30.0,Male,Consumer,Sports & Outdoors,Football,1482.54,4,0.05,5633.65,1665.4,West,Pune,UPI
ORD105354,2024-01-25,CUST00315,27.0,Male,Corporate,Clothing,Men's T-Shirt,1785.09,2,0.15,3034.65,656.84,North,Delhi,Debit Card
ORD102014,2024-01-25,CUST01259,47.0,Male,Consumer,Furniture,Coffee Table,9024.26,1,0.0,9024.26,2362.58,South,Bengaluru,UPI
ORD105829,2024-01-26,CUST00162,27.0,Female,Small Business,Furniture,Study Table,8852.3,1,0.0,8852.3,3730.17,North,Delhi,Net Banking
ORD101507,2024-01-26,CUST01876,41.0,Male,Corporate,Home & Kitchen,Mixer Grinder,3375.95,1,0.05,3207.15,832.34,East,Patna,Net Banking
ORD102358,2024-01-26,CUST01586,49.0,Male,Small Business,Home & Kitchen,Mixer Grinder,2822.36,1,0.0,2822.36,568.56,West,Ahmedabad,UPI
ORD104912,2024-01-26,CUST01212,35.0,Female,Consumer,Clothing,Formal Shirt,1037.8,3,0.15,2646.39,868.16,Central,Bhopal,UPI
ORD103477,2024-01-27,CUST01788,45.0,Male,Small Business,Electronics,USB-C Cable,8241.47,1,0.0,8241.47,2980.51,South,Hyderabad,Credit Card
ORD100163,2024-01-27,CUST01870,42.0,Male,Consumer,Clothing,Running Shoes,964.2,1,0.1,867.78,122.5,South,Hyderabad,Debit Card
ORD101627,2024-01-27,CUST00852,36.0,Male,Corporate,Clothing,Women's Jeans,2273.86,1,0.1,2046.47,364.09,West,Surat,Net Banking
ORD103185,2024-01-27,CUST00507,37.0,Male,Consumer,Clothing,Women's Jeans,1900.68,1,0.0,1900.68,787.16,South,Hyderabad,Debit Card
ORD106052,2024-01-27,CUST00522,49.0,Female,Consumer,Beauty & Personal Care,Face Wash,557.18,1,0.15,473.6,163.93,South,Hyderabad,UPI
ORD101750,2024-01-27,CUST00437,42.0,Male,Corporate,Clothing,Men's T-Shirt,1716.34,1,0.0,1716.34,370.44,North,Chandigarh,UPI
ORD100501,2024-01-27,CUST01201,40.0,Male,Consumer,Beauty & Personal Care,Perfume,1846.0,1,0.0,1846.0,437.53,West,Ahmedabad,Credit Card
ORD103273,2024-01-27,CUST00553,28.0,Male,Consumer,Electronics,Smartwatch,4158.18,1,0.05,3950.27,1165.02,East,Patna,Cash on Delivery
ORD105305,2024-01-27,CUST00596,25.0,Male,Consumer,Beauty & Personal Care,Lipstick,1350.64,1,0.0,1350.64,362.35,West,Ahmedabad,Debit Card
ORD105012,2024-01-27,CUST01701,33.0,Female,Corporate,Home & Kitchen,Water Bottle,1861.63,4,0.1,6701.87,1731.35,South,Chennai,Credit Card
ORD100824,2024-01-28,CUST01790,22.0,Male,Consumer,Sports & Outdoors,Camping Tent,5602.2,1,0.0,5602.2,2124.93,South,Kochi,UPI
ORD105345,2024-01-28,CUST00768,38.0,Female,Small Business,Clothing,Formal Shirt,2475.8,2,0.05,4704.02,1934.26,East,Kolkata,Debit Card
ORD100651,2024-01-28,CUST00800,41.0,Male,Corporate,Furniture,Coffee Table,11230.92,5,0.0,56154.6,14944.74,East,Patna,Cash on Delivery
ORD101113,2024-01-28,CUST00235,35.0,Female,Consumer,Beauty & Personal Care,Sunscreen SPF50,1866.8,1,0.0,1866.8,634.49,South,Hyderabad,Debit Card
ORD105733,2024-01-28,CUST00629,22.0,Female,Consumer,Furniture,Wardrobe,13628.9,1,0.0,13628.9,2884.98,South,Chennai,Credit Card
ORD103571,2024-01-28,CUST00799,24.0,Male,Corporate,Electronics,Laptop Stand,7948.49,3,0.1,21460.92,3789.43,West,Surat,UPI
ORD105978,2024-01-28,CUST01752,30.0,Male,Small Business,Home & Kitchen,Water Bottle,5007.11,1,0.25,3755.33,-107.47,West,Surat,Cash on Delivery
ORD105353,2024-01-29,CUST00202,39.0,Female,Consumer,Home & Kitchen,LED Table Lamp,2938.15,1,0.0,2938.15,1044.61,North,Chandigarh,UPI
ORD106332,2024-01-29,CUST00263,18.0,Male,Consumer,Clothing,Kids Hoodie,2182.03,1,0.15,1854.73,151.23,West,Mumbai,Cash on Delivery
ORD106466,2024-01-29,CUST02078,18.0,Male,Consumer,Home & Kitchen,Air Fryer,281.15,4,0.1,1012.14,251.96,Central,Raipur,UPI
ORD102084,2024-01-29,CUST00219,52.0,Female,Consumer,Home & Kitchen,LED Table Lamp,1229.42,1,0.1,1106.48,244.25,North,Delhi,UPI
ORD102896,2024-01-29,CUST01241,18.0,Female,Small Business,Beauty & Personal Care,Hair Dryer,431.06,3,0.0,1293.18,300.65,South,Hyderabad,Credit Card
ORD103143,2024-01-29,CUST00130,29.0,Female,Consumer,Home & Kitchen,LED Table Lamp,3709.06,1,0.1,3338.15,401.67,South,Bengaluru,Credit Card
ORD105178,2024-01-29,CUST01108,31.0,Female,Corporate,Home & Kitchen,Ceramic Mug Set,2326.29,1,0.0,2326.29,779.07,West,Ahmedabad,Debit Card
ORD101529,2024-01-29,CUST00054,36.0,Female,Corporate,Clothing,Kids Hoodie,620.47,2,0.1,1116.85,321.34,North,Delhi,UPI
ORD104764,2024-01-29,CUST01202,49.0,Female,Consumer,Clothing,Sports Cap,581.24,1,0.1,523.12,69.67,North,Lucknow,Cash on Delivery
ORD106445,2024-01-29,CUST00266,35.0,Female,Corporate,Furniture,Coffee Table,14122.91,5,0.0,70614.55,25058.98,North,Chandigarh,Debit Card
ORD101609,2024-01-30,CUST02057,23.0,Female,Consumer,Home & Kitchen,Non-Stick Pan,4988.33,1,0.15,4240.08,1108.25,East,Bhubaneswar,Net Banking
ORD100119,2024-01-30,CUST00746,37.0,Male,Corporate,Furniture,Study Table,12349.77,2,0.0,24699.54,5950.17,South,Chennai,Credit Card
ORD103898,2024-01-30,CUST01392,18.0,Female,Consumer,Home & Kitchen,LED Table Lamp,1643.46,1,0.0,1643.46,347.03,East,Kolkata,Cash on Delivery
ORD106132,2024-01-30,CUST00132,18.0,Female,Consumer,Home & Kitchen,Bedsheet Set,5938.4,1,0.0,5938.4,2184.76,West,Mumbai,Net Banking
ORD101175,2024-01-30,CUST00372,18.0,Female,Corporate,Clothing,Women's Jeans,994.99,1,0.25,746.24,23.56,South,Chennai,Credit Card
ORD104156,2024-01-30,CUST00797,34.0,Female,Consumer,Furniture,Office Chair,12512.41,1,0.0,12512.41,5608.22,North,Jaipur,UPI
ORD101640,2024-01-30,CUST00438,34.0,Female,Corporate,Clothing,Running Shoes,2496.91,1,0.05,2372.06,609.12,South,Bengaluru,Credit Card
ORD106356,2024-01-30,CUST00116,42.0,Male,Small Business,Furniture,Wardrobe,12539.71,1,0.0,12539.71,4019.87,West,Pune,Net Banking
ORD106151,2024-01-30,CUST01206,29.0,Female,Consumer,Clothing,Summer Dress,431.71,1,0.05,410.12,73.73,South,Kochi,UPI
ORD101040,2024-01-30,CUST01819,45.0,Female,Consumer,Electronics,Power Bank,5628.03,2,0.0,11256.06,2415.54,East,Kolkata,Debit Card
ORD104290,2024-01-30,CUST01928,35.0,Male,Consumer,Sports & Outdoors,Yoga Mat,6784.63,1,0.2,5427.7,426.55,South,Chennai,UPI
ORD102438,2024-01-31,CUST00645,32.0,Female,Consumer,Beauty & Personal Care,Face Wash,1571.57,1,0.05,1492.99,248.85,South,Chennai,Cash on Delivery
ORD102221,2024-01-31,CUST01753,18.0,Male,Small Business,Furniture,Bookshelf,13448.25,1,0.15,11431.01,3999.53,West,Mumbai,Cash on Delivery
ORD103242,2024-01-31,CUST00073,44.0,Female,Consumer,Sports & Outdoors,Football,5662.92,1,0.0,5662.92,1247.81,West,Pune,UPI
ORD104354,2024-01-31,CUST00365,45.0,Male,Consumer,Beauty & Personal Care,Face Wash,583.58,1,0.1,525.22,117.44,East,Bhubaneswar,Debit Card
ORD104391,2024-01-31,CUST01008,25.0,Male,Corporate,Furniture,Wardrobe,2429.59,1,0.0,2429.59,653.05,West,Surat,UPI
ORD102141,2024-01-31,CUST00404,48.0,Female,Consumer,Electronics,Smartphone Case,6713.37,1,0.2,5370.7,806.19,East,Kolkata,Debit Card
ORD100927,2024-01-31,CUST01499,18.0,Female,Consumer,Sports & Outdoors,Yoga Mat,1083.22,1,0.0,1083.22,447.53,North,Jaipur,Debit Card
ORD104207,2024-01-31,CUST00444,33.0,Male,Small Business,Clothing,Women's Jeans,969.66,1,0.05,921.18,149.09,North,Chandigarh,Cash on Delivery
ORD101303,2024-01-31,CUST01499,18.0,Female,Consumer,Home & Kitchen,Air Fryer,1662.19,1,0.0,1662.19,703.25,West,Surat,Credit Card
ORD100302,2024-01-31,CUST00092,28.0,Female,Small Business,Electronics,Webcam,5429.89,1,0.1,4886.9,1317.58,West,Pune,UPI
ORD101179,2024-01-31,CUST00787,38.0,Male,Consumer,Books & Stationery,Planner Diary,969.68,1,0.05,921.2,372.75,East,Patna,Cash on Delivery
ORD102441,2024-01-31,CUST01391,35.0,Male,Consumer,Sports & Outdoors,Football,5585.5,1,0.0,5585.5,1779.34,North,Chandigarh,UPI
ORD103293,2024-01-31,CUST00359,42.0,Female,Small Business,Clothing,Sports Cap,2614.79,2,0.25,3922.18,942.99,North,Lucknow,UPI
ORD100065,2024-02-01,CUST01889,38.0,Female,Consumer,Electronics,Power Bank,6109.48,2,0.0,12218.96,2569.14,South,Kochi,Cash on Delivery
ORD105991,2024-02-01,CUST01318,42.0,Female,Consumer,Home & Kitchen,Ceramic Mug Set,1462.14,1,0.15,1242.82,167.62,South,Chennai,Cash on Delivery
ORD101001,2024-02-01,CUST00045,19.0,Female,Consumer,Electronics,USB-C Cable,5365.45,2,0.15,9121.26,1601.46,West,Mumbai,Credit Card
ORD100287,2024-02-01,CUST00404,48.0,Female,Consumer,Clothing,Running Shoes,1770.16,1,0.05,1681.65,389.93,Central,Nagpur,Cash on Delivery
ORD100781,2024-02-01,CUST00546,26.0,Female,Consumer,Clothing,Winter Jacket,1227.51,2,0.0,2455.02,578.2,East,Bhubaneswar,UPI
ORD101875,2024-02-01,CUST00031,66.0,Female,Consumer,Furniture,Bean Bag,12520.69,2,0.0,25041.38,6629.73,Central,Bhopal,Cash on Delivery
ORD105901,2024-02-01,CUST00709,29.0,Female,Consumer,Home & Kitchen,Mixer Grinder,3777.2,1,0.0,3777.2,1390.17,South,Bengaluru,UPI
ORD100747,2024-02-02,CUST02030,46.0,Female,Corporate,Clothing,Formal Shirt,1034.09,1,0.15,878.98,192.27,West,Ahmedabad,Net Banking
ORD105362,2024-02-02,CUST00756,41.0,Male,Small Business,Books & Stationery,Desk Organizer,693.47,1,0.2,554.78,122.17,West,Surat,Credit Card
ORD102048,2024-02-02,CUST00553,28.0,Male,Consumer,Furniture,Bookshelf,4119.72,1,0.2,3295.78,475.82,South,Hyderabad,Net Banking
ORD102469,2024-02-02,CUST01575,32.0,Female,Consumer,Sports & Outdoors,Yoga Mat,2166.86,1,0.1,1950.17,715.6,Central,Bhopal,Debit Card
ORD104212,2024-02-03,CUST00513,36.0,Male,Consumer,Home & Kitchen,Mixer Grinder,4306.6,1,0.0,4306.6,1838.89,West,Ahmedabad,Cash on Delivery
ORD103133,2024-02-03,CUST00522,49.0,Female,Consumer,Beauty & Personal Care,Trimmer,1799.88,3,0.0,5399.64,2263.92,West,Ahmedabad,Credit Card
ORD103971,2024-02-03,CUST00239,18.0,Female,Corporate,Clothing,Summer Dress,2858.92,2,0.0,5717.84,1535.58,West,Pune,UPI
ORD104688,2024-02-03,CUST00170,34.0,Male,Small Business,Books & Stationery,Desk Organizer,501.54,2,0.15,852.62,253.99,South,Kochi,UPI
ORD104805,2024-02-03,CUST00809,38.0,Female,Corporate,Furniture,Study Table,9939.69,1,0.0,9939.69,3597.07,North,Chandigarh,Credit Card
ORD106077,2024-02-03,CUST01993,41.0,Male,Consumer,Furniture,Study Table,9378.25,1,0.1,8440.43,1640.46,South,Kochi,Credit Card
ORD105530,2024-02-03,CUST01635,31.0,Male,Corporate,Electronics,Smartphone Case,6890.19,1,0.1,6201.17,1114.13,East,Kolkata,UPI
ORD104824,2024-02-03,CUST00834,25.0,Male,Corporate,Clothing,Women's Jeans,1139.37,1,0.0,1139.37,504.99,West,Surat,Net Banking
ORD106242,2024-02-03,CUST00106,,Male,Corporate,Books & Stationery,Sketch Pens,189.79,1,0.0,189.79,84.16,West,Pune,Cash on Delivery
ORD105448,2024-02-03,CUST00370,32.0,Male,Consumer,Electronics,USB-C Cable,5688.38,1,0.1,5119.54,1110.32,West,Pune,UPI
ORD101482,2024-02-03,CUST01449,46.0,Female,Corporate,Beauty & Personal Care,Sunscreen SPF50,875.39,1,0.05,831.62,181.23,West,Pune,Cash on Delivery
ORD102933,2024-02-03,CUST02077,24.0,Female,Consumer,Home & Kitchen,LED Table Lamp,1491.44,1,0.2,1193.15,275.52,East,Bhubaneswar,UPI
ORD106113,2024-02-03,CUST00093,20.0,Male,Consumer,Beauty & Personal Care,Sunscreen SPF50,1901.87,3,0.1,5135.05,591.95,North,Lucknow,Credit Card
ORD101863,2024-02-03,CUST01469,48.0,Female,Small Business,Clothing,Men's T-Shirt,2854.97,1,0.0,2854.97,1184.63,West,Mumbai,UPI
ORD102059,2024-02-03,CUST00360,35.0,Female,Consumer,Electronics,Laptop Stand,2022.39,1,0.1,1820.15,442.09,North,Jaipur,Credit Card
ORD102737,2024-02-03,CUST01977,30.0,Male,Consumer,Clothing,Formal Shirt,1210.68,1,0.05,1150.15,356.55,Central,Nagpur,UPI
ORD100048,2024-02-04,CUST00777,45.0,Male,Consumer,Beauty & Personal Care,Face Wash,1312.39,2,0.2,2099.82,97.02,Central,Nagpur,Cash on Delivery
ORD103770,2024-02-04,CUST01807,33.0,Female,Consumer,Clothing,Formal Shirt,1241.81,1,0.0,1241.81,469.54,Central,Nagpur,UPI
ORD102198,2024-02-04,CUST01025,24.0,Female,Consumer,Books & Stationery,Fiction Novel,633.61,1,0.0,633.61,131.64,East,Kolkata,Debit Card
ORD104960,2024-02-04,CUST01785,,Male,Corporate,Clothing,Running Shoes,2971.59,1,0.0,2971.59,1109.37,Central,Raipur,UPI
ORD106322,2024-02-04,CUST01438,33.0,Male,Consumer,Home & Kitchen,Water Bottle,4659.66,1,0.0,4659.66,1134.66,West,Mumbai,Credit Card
ORD106018,2024-02-04,CUST01917,18.0,Female,Consumer,Sports & Outdoors,Cycling Helmet,1836.81,1,0.25,1377.61,42.2,South,Hyderabad,Debit Card
ORD105628,2024-02-04,CUST01772,33.0,Female,Consumer,Furniture,Bookshelf,6516.26,1,0.0,6516.26,1342.69,West,Mumbai,Cash on Delivery
ORD103935,2024-02-04,CUST01377,18.0,Female,Consumer,Sports & Outdoors,Camping Tent,844.6,1,0.2,675.68,209.51,Central,Raipur,Credit Card
ORD100363,2024-02-04,CUST01601,31.0,Female,Consumer,Home & Kitchen,Air Fryer,3477.31,1,0.0,3477.31,1543.25,West,Pune,Cash on Delivery
ORD104909,2024-02-04,CUST00297,32.0,Female,Corporate,Electronics,Smartwatch,7845.01,1,0.0,7845.01,2164.04,East,Bhubaneswar,Debit Card
ORD105126,2024-02-04,CUST01790,22.0,Male,Consumer,Home & Kitchen,Air Fryer,4821.46,1,0.05,4580.39,1609.03,South,Chennai,UPI
ORD102984,2024-02-04,CUST01205,19.0,Female,Consumer,Furniture,Bookshelf,14278.32,1,0.05,13564.4,4111.45,West,Mumbai,UPI
ORD102774,2024-02-04,CUST01961,18.0,Female,Consumer,Clothing,Men's T-Shirt,1027.54,1,0.0,1027.54,369.23,North,Lucknow,Debit Card
ORD101579,2024-02-04,CUST00621,36.0,Male,Small Business,Electronics,Smartwatch,3898.37,1,0.0,3898.37,791.37,East,Bhubaneswar,Credit Card
ORD104431,2024-02-05,CUST00008,18.0,Female,Corporate,Electronics,USB-C Cable,7492.92,2,0.0,14985.84,3187.57,South,Bengaluru,Debit Card
ORD104834,2024-02-05,CUST00605,34.0,Female,Corporate,Electronics,Bluetooth Speaker,3517.98,2,0.15,5980.57,1503.52,North,Chandigarh,UPI
ORD101312,2024-02-05,CUST00387,36.0,Male,Corporate,Clothing,Women's Jeans,939.07,2,0.1,1690.33,560.74,South,Bengaluru,Net Banking
ORD106017,2024-02-05,CUST01707,35.0,Male,Consumer,Books & Stationery,Planner Diary,544.4,1,0.0,544.4,214.43,East,Bhubaneswar,Net Banking
ORD103010,2024-02-06,CUST02083,46.0,Female,Consumer,Books & Stationery,Planner Diary,216.75,1,0.0,216.75,47.24,East,Kolkata,UPI
ORD104162,2024-02-06,CUST01717,24.0,Female,Small Business,Home & Kitchen,Ceramic Mug Set,5024.94,3,0.05,14321.08,5607.24,West,Surat,Credit Card
ORD104657,2024-02-06,CUST00459,26.0,Male,Consumer,Electronics,USB-C Cable,1584.95,3,0.2,3803.88,410.51,South,Bengaluru,Debit Card
ORD104102,2024-02-06,CUST01508,25.0,Female,Consumer,Clothing,Kids Hoodie,435.93,1,0.15,370.54,59.93,North,Lucknow,Credit Card
ORD101759,2024-02-06,CUST01926,45.0,Other,Consumer,Books & Stationery,Desk Organizer,488.78,1,0.05,464.34,175.14,West,Mumbai,Credit Card
ORD100210,2024-02-06,CUST00853,39.0,Female,Consumer,Beauty & Personal Care,Lipstick,296.84,1,0.1,267.16,77.02,West,Mumbai,Net Banking
ORD103320,2024-02-06,CUST00276,39.0,Female,Small Business,Beauty & Personal Care,Trimmer,969.49,1,0.05,921.02,369.08,West,Ahmedabad,UPI
ORD104459,2024-02-06,CUST01013,44.0,Male,Consumer,Electronics,Webcam,3247.21,1,0.0,3247.21,1408.21,North,Chandigarh,Cash on Delivery
ORD106255,2024-02-07,CUST00646,41.0,Female,Consumer,Beauty & Personal Care,Perfume,523.68,1,0.05,497.5,155.79,East,Kolkata,Debit Card
ORD105257,2024-02-07,CUST00578,30.0,Male,Corporate,Books & Stationery,Planner Diary,924.11,1,0.0,924.11,285.84,East,Kolkata,Debit Card
ORD100425,2024-02-07,CUST01282,29.0,Male,Corporate,Electronics,USB-C Cable,7854.02,1,0.05,7461.32,3081.28,East,Patna,Cash on Delivery
ORD106273,2024-02-07,CUST01478,33.0,Male,Corporate,Clothing,Formal Shirt,1665.53,1,0.0,1665.53,573.34,West,Mumbai,Cash on Delivery
ORD103977,2024-02-07,CUST01158,27.0,Female,Consumer,Beauty & Personal Care,Sunscreen SPF50,1179.92,1,0.0,1179.92,442.85,North,Jaipur,UPI
ORD101699,2024-02-07,CUST00533,26.0,Male,Corporate,Home & Kitchen,Water Bottle,3471.24,2,0.25,5206.86,-293.83,West,Ahmedabad,Credit Card
ORD100320,2024-02-07,CUST00926,30.0,Female,Consumer,Home & Kitchen,Air Fryer,2597.98,1,0.1,2338.18,867.92,West,Pune,Credit Card
ORD103857,2024-02-08,CUST01226,19.0,Female,Small Business,Furniture,Office Chair,4663.99,1,0.15,3964.39,561.15,West,Mumbai,Cash on Delivery
ORD101125,2024-02-08,CUST00992,40.0,Female,Consumer,Home & Kitchen,Ceramic Mug Set,3280.93,1,0.0,3280.93,1423.2,East,Bhubaneswar,Debit Card
ORD105618,2024-02-08,CUST01429,18.0,Female,Consumer,Electronics,Laptop Stand,4401.08,2,0.05,8362.05,1377.69,West,Ahmedabad,UPI
ORD104984,2024-02-08,CUST01599,47.0,Female,Consumer,Clothing,Men's T-Shirt,1471.83,1,0.05,1398.24,221.91,Central,Raipur,Cash on Delivery
ORD103664,2024-02-08,CUST01278,39.0,Female,Consumer,Clothing,Men's T-Shirt,2184.02,1,0.15,1856.42,537.29,Central,Raipur,Cash on Delivery
ORD104514,2024-02-08,CUST01363,48.0,Female,Consumer,Electronics,Bluetooth Speaker,3277.91,4,0.1,11800.48,3452.45,West,Pune,Debit Card
ORD101547,2024-02-08,CUST00959,30.0,Female,Small Business,Furniture,Coffee Table,12842.93,1,0.0,12842.93,3230.01,West,Surat,Debit Card
ORD100552,2024-02-09,CUST01267,26.0,Male,Small Business,Electronics,Smartwatch,6169.22,1,0.0,6169.22,2460.45,West,Ahmedabad,Net Banking
ORD106449,2024-02-09,CUST00396,42.0,Male,Consumer,Home & Kitchen,Bedsheet Set,5127.75,1,0.1,4614.98,1631.25,West,Ahmedabad,UPI
ORD100914,2024-02-09,CUST01063,48.0,Male,Consumer,Beauty & Personal Care,Perfume,1036.24,1,0.05,984.43,370.99,East,Kolkata,Debit Card
ORD106078,2024-02-09,CUST00315,27.0,Male,Corporate,Electronics,Laptop Stand,4371.11,2,0.0,8742.22,3350.79,North,Lucknow,Debit Card
ORD102592,2024-02-10,CUST00650,38.0,Female,Corporate,Clothing,Running Shoes,2736.47,2,0.0,5472.94,1469.63,East,Kolkata,Credit Card
ORD103200,2024-02-10,CUST00738,27.0,Female,Small Business,Clothing,Formal Shirt,2678.35,1,0.1,2410.52,423.68,South,Chennai,UPI
ORD103597,2024-02-10,CUST00534,33.0,Male,Consumer,Sports & Outdoors,Cycling Helmet,3548.24,2,0.1,6386.83,1363.14,South,Kochi,Cash on Delivery
ORD106436,2024-02-10,CUST00680,18.0,Male,Consumer,Sports & Outdoors,Cycling Helmet,3662.5,3,0.0,10987.5,3143.93,West,Pune,UPI
ORD105070,2024-02-10,CUST00460,26.0,Other,Consumer,Home & Kitchen,Ceramic Mug Set,4264.36,1,0.05,4051.14,1362.41,South,Chennai,UPI
ORD104284,2024-02-10,CUST01016,33.0,Female,Small Business,Home & Kitchen,Mixer Grinder,1195.0,2,0.15,2031.5,423.67,North,Jaipur,UPI
ORD102992,2024-02-10,CUST01750,40.0,Female,Consumer,Electronics,USB-C Cable,7181.88,1,0.1,6463.69,808.49,North,Lucknow,UPI
ORD104482,2024-02-10,CUST00270,36.0,Female,Corporate,Books & Stationery,Notebook Pack,881.96,2,0.05,1675.72,630.91,West,Mumbai,Net Banking
ORD100941,2024-02-11,CUST00205,31.0,Female,Small Business,Electronics,USB-C Cable,3030.98,2,0.2,4849.57,1515.03,West,Ahmedabad,Cash on Delivery
ORD104347,2024-02-11,CUST01263,42.0,Male,Small Business,Clothing,Men's T-Shirt,1508.66,3,0.15,3847.08,806.09,North,Jaipur,Cash on Delivery
ORD101656,2024-02-11,CUST01483,36.0,Female,Corporate,Electronics,Power Bank,1944.18,1,0.1,1749.76,279.0,South,Chennai,Credit Card
ORD104911,2024-02-11,CUST00911,18.0,Female,Corporate,Clothing,Formal Shirt,2237.81,1,0.1,2014.03,224.35,West,Ahmedabad,Cash on Delivery
ORD100326,2024-02-11,CUST02097,68.0,Female,Consumer,Electronics,Laptop Stand,8035.02,3,0.25,18078.8,161.14,Central,Raipur,Net Banking
ORD100477,2024-02-11,CUST00493,32.0,Female,Consumer,Clothing,Running Shoes,1832.12,5,0.25,6870.45,331.82,South,Kochi,Net Banking
ORD104409,2024-02-11,CUST00493,32.0,Female,Consumer,Electronics,Laptop Stand,5850.86,2,0.0,11701.72,2862.61,South,Chennai,Credit Card
ORD102440,2024-02-11,CUST01675,24.0,Female,Corporate,Clothing,Winter Jacket,2549.79,1,0.1,2294.81,632.48,North,Delhi,Cash on Delivery
ORD101900,2024-02-11,CUST00857,38.0,Female,Corporate,Home & Kitchen,LED Table Lamp,1901.98,1,0.0,1901.98,660.22,North,Jaipur,Cash on Delivery
ORD106232,2024-02-11,CUST00778,24.0,Male,Corporate,Furniture,Wardrobe,2653.81,1,0.0,2653.81,944.71,Central,Raipur,Cash on Delivery
ORD100533,2024-02-12,CUST01790,22.0,Male,Consumer,Electronics,Bluetooth Speaker,7335.33,1,0.0,7335.33,3264.95,South,Hyderabad,UPI
ORD104534,2024-02-12,CUST00302,25.0,Male,Small Business,Home & Kitchen,Mixer Grinder,2280.77,1,0.0,2280.77,937.13,South,Bengaluru,Debit Card
ORD100187,2024-02-12,CUST00513,36.0,Male,Consumer,Clothing,Men's T-Shirt,595.94,1,0.1,536.35,179.83,West,Surat,UPI
ORD101330,2024-02-12,CUST01962,34.0,Female,Consumer,Home & Kitchen,Ceramic Mug Set,1272.07,1,0.1,1144.86,149.75,West,Surat,Net Banking
ORD101894,2024-02-12,CUST00602,35.0,Male,Consumer,Sports & Outdoors,Cycling Helmet,3584.14,3,0.15,9139.56,2240.22,North,Lucknow,Cash on Delivery
ORD104782,2024-02-12,CUST00918,35.0,Female,Consumer,Clothing,Running Shoes,580.14,1,0.0,580.14,257.58,West,Surat,UPI
ORD103616,2024-02-13,CUST01389,26.0,Female,Small Business,Books & Stationery,Desk Organizer,904.24,1,0.15,768.6,169.23,Central,Nagpur,Cash on Delivery
ORD103878,2024-02-13,CUST01971,33.0,Female,Consumer,Books & Stationery,Planner Diary,507.25,1,0.1,456.52,77.66,South,Kochi,Credit Card
ORD106386,2024-02-13,CUST00418,29.0,Male,Consumer,Beauty & Personal Care,Trimmer,1700.8,1,0.05,1615.76,574.2,South,Kochi,Credit Card
ORD103239,2024-02-13,CUST01104,37.0,Female,Consumer,Clothing,Women's Jeans,1850.55,1,0.0,1850.55,792.85,South,Hyderabad,Debit Card
ORD100255,2024-02-13,CUST00612,27.0,Female,Consumer,Beauty & Personal Care,Sunscreen SPF50,708.04,1,0.15,601.83,211.81,North,Chandigarh,UPI
ORD104053,2024-02-13,CUST00530,45.0,Female,Corporate,Electronics,Power Bank,1283.28,2,0.0,2566.56,560.14,South,Hyderabad,Debit Card
ORD104231,2024-02-13,CUST00456,52.0,Female,Small Business,Clothing,Women's Jeans,1418.45,4,0.1,5106.42,1491.31,North,Delhi,Net Banking
ORD104139,2024-02-13,CUST00348,32.0,Female,Small Business,Home & Kitchen,Ceramic Mug Set,1060.28,1,0.05,1007.27,374.61,East,Bhubaneswar,Cash on Delivery
ORD100685,2024-02-13,CUST00768,38.0,Female,Small Business,Sports & Outdoors,Football,3542.07,1,0.0,3542.07,1355.5,East,Bhubaneswar,Credit Card
ORD105262,2024-02-14,CUST01279,48.0,Male,Consumer,Books & Stationery,Fiction Novel,764.87,2,0.1,1376.77,490.3,North,Delhi,Credit Card
ORD104385,2024-02-14,CUST01350,45.0,Female,Corporate,Electronics,Bluetooth Speaker,5377.4,1,0.0,5377.4,2335.88,Central,Bhopal,Cash on Delivery
ORD105058,2024-02-14,CUST00989,22.0,Male,Small Business,Clothing,Sports Cap,1530.66,3,0.1,4132.78,1521.99,West,Pune,Credit Card
ORD102452,2024-02-14,CUST01984,23.0,Female,Small Business,Books & Stationery,Notebook Pack,372.3,1,0.15,316.46,50.08,South,Hyderabad,Credit Card
ORD103387,2024-02-14,CUST00119,33.0,Male,Consumer,Books & Stationery,Planner Diary,840.45,1,0.0,840.45,272.1,West,Mumbai,UPI
ORD101618,2024-02-14,CUST01174,31.0,Female,Consumer,Clothing,Kids Hoodie,1678.0,1,0.05,1594.1,302.47,West,Mumbai,UPI
ORD103302,2024-02-15,CUST01601,31.0,Female,Consumer,Clothing,Winter Jacket,1475.41,1,0.05,1401.64,295.14,Central,Bhopal,Credit Card
ORD100451,2024-02-15,CUST01084,44.0,Female,Corporate,Electronics,Laptop Stand,5187.74,1,0.0,5187.74,1650.32,Central,Bhopal,UPI
ORD102367,2024-02-15,CUST01943,18.0,Female,Consumer,Clothing,Summer Dress,314.72,1,0.05,298.98,70.35,South,Hyderabad,UPI
ORD105130,2024-02-15,CUST00076,35.0,Male,Small Business,Beauty & Personal Care,Face Wash,1845.52,1,0.15,1568.69,434.38,West,Mumbai,Debit Card
ORD105018,2024-02-16,CUST01022,18.0,Female,Corporate,Beauty & Personal Care,Hair Dryer,1320.95,1,0.2,1056.76,226.13,South,Chennai,UPI
ORD101282,2024-02-16,CUST00752,25.0,Female,Consumer,Electronics,Bluetooth Speaker,8063.56,1,0.2,6450.85,381.02,North,Jaipur,Credit Card
ORD102021,2024-02-16,CUST01462,24.0,Female,Consumer,Beauty & Personal Care,Sunscreen SPF50,1861.58,1,0.15,1582.34,363.84,North,Chandigarh,UPI
ORD102193,2024-02-16,CUST02003,48.0,Male,Consumer,Electronics,Smartwatch,1543.18,1,0.0,1543.18,666.8,South,Bengaluru,Debit Card
ORD100865,2024-02-16,CUST01101,38.0,Male,Consumer,Electronics,Bluetooth Speaker,7631.55,1,0.0,7631.55,2761.96,East,Patna,UPI
ORD102132,2024-02-16,CUST01215,32.0,Female,Corporate,Electronics,Webcam,7618.64,1,0.05,7237.71,1323.28,West,Mumbai,Cash on Delivery
ORD100093,2024-02-17,CUST00277,35.0,Male,Consumer,Beauty & Personal Care,Hair Dryer,806.37,1,0.0,806.37,281.38,West,Pune,UPI
ORD102041,2024-02-17,CUST00630,40.0,Female,Corporate,Electronics,Webcam,1353.14,1,0.15,1150.17,84.55,West,Ahmedabad,Debit Card
ORD100553,2024-02-17,CUST01077,54.0,Male,Small Business,Electronics,Power Bank,5152.59,1,0.0,5152.59,2266.71,South,Hyderabad,Credit Card
ORD101932,2024-02-17,CUST00397,27.0,Female,Corporate,Electronics,Power Bank,6345.77,1,0.0,6345.77,2602.93,South,Kochi,Cash on Delivery
ORD106176,2024-02-17,CUST00052,32.0,Female,Small Business,Electronics,Bluetooth Speaker,4294.1,1,0.0,4294.1,1089.31,East,Patna,Credit Card
ORD101931,2024-02-17,CUST01895,18.0,Male,Corporate,Home & Kitchen,Mixer Grinder,4826.11,1,0.05,4584.8,761.11,North,Chandigarh,Cash on Delivery
ORD103267,2024-02-17,CUST00624,33.0,Male,Corporate,Beauty & Personal Care,Lipstick,166.23,5,0.2,664.92,202.84,South,Hyderabad,Debit Card
ORD102967,2024-02-18,CUST00757,18.0,Female,Consumer,Home & Kitchen,Air Fryer,5973.92,2,0.0,11947.84,5175.07,West,Surat,Credit Card
ORD106435,2024-02-18,CUST00048,40.0,Female,Consumer,Home & Kitchen,Bedsheet Set,3988.85,1,0.15,3390.52,946.91,South,Chennai,Debit Card
ORD103847,2024-02-18,CUST00744,27.0,Female,Small Business,Clothing,Women's Jeans,2053.65,1,0.05,1950.97,444.58,South,Bengaluru,UPI
ORD106281,2024-02-18,CUST01909,47.0,Female,Consumer,Sports & Outdoors,Football,4503.44,1,0.0,4503.44,1104.2,East,Kolkata,UPI
ORD101622,2024-02-18,CUST02052,29.0,Female,Consumer,Home & Kitchen,LED Table Lamp,3850.01,1,0.1,3465.01,984.23,West,Mumbai,Debit Card
ORD104110,2024-02-19,CUST00658,32.0,Male,Consumer,Clothing,Women's Jeans,1587.54,1,0.05,1508.16,333.52,Central,Nagpur,Cash on Delivery
ORD102848,2024-02-19,CUST00299,41.0,Male,Corporate,Beauty & Personal Care,Hair Dryer,1545.03,2,0.05,2935.56,1177.5,West,Pune,UPI
ORD103549,2024-02-19,CUST01520,40.0,Male,Consumer,Electronics,Laptop Stand,4609.12,2,0.1,8296.42,1460.9,West,Mumbai,Debit Card
ORD104047,2024-02-19,CUST00686,36.0,Female,Consumer,Furniture,Bean Bag,4731.82,1,0.0,4731.82,1452.42,South,Hyderabad,Cash on Delivery
ORD103426,2024-02-19,CUST01284,38.0,Male,Consumer,Clothing,Winter Jacket,2682.89,1,0.05,2548.75,624.93,West,Pune,Cash on Delivery
ORD104489,2024-02-19,CUST01688,18.0,Female,Consumer,Electronics,Smartphone Case,8016.02,1,0.0,8016.02,3543.47,Central,Bhopal,UPI
ORD106093,2024-02-19,CUST00821,46.0,Male,Small Business,Clothing,Women's Jeans,2519.21,1,0.1,2267.29,284.78,North,Delhi,Credit Card
ORD105171,2024-02-20,CUST00474,31.0,Male,Consumer,Clothing,Kids Hoodie,2533.19,1,0.0,2533.19,1087.07,West,Ahmedabad,UPI
ORD105032,2024-02-20,CUST01850,37.0,Male,Corporate,Electronics,Smartwatch,3029.47,1,0.05,2878.0,1119.52,Central,Raipur,Net Banking
ORD104555,2024-02-20,CUST01902,21.0,Female,Consumer,Home & Kitchen,Non-Stick Pan,2415.79,4,0.15,8213.69,1068.99,North,Lucknow,Cash on Delivery
ORD100858,2024-02-20,CUST01039,27.0,Female,Consumer,Clothing,Women's Jeans,2199.21,1,0.0,2199.21,904.94,West,Ahmedabad,Cash on Delivery
ORD102814,2024-02-20,CUST01721,39.0,Male,Corporate,Books & Stationery,Sketch Pens,394.81,1,0.0,394.81,81.65,South,Hyderabad,Cash on Delivery
ORD100797,2024-02-20,CUST00355,38.0,Male,Consumer,Beauty & Personal Care,Trimmer,202.81,3,0.2,486.74,7.73,Central,Bhopal,UPI
ORD101879,2024-02-20,CUST01902,21.0,Female,Consumer,Home & Kitchen,Air Fryer,4462.92,1,0.0,4462.92,1841.68,East,Bhubaneswar,Debit Card
ORD102031,2024-02-20,CUST01912,18.0,Male,Consumer,Books & Stationery,Notebook Pack,685.83,1,0.05,651.54,137.92,East,Kolkata,UPI
ORD106389,2024-02-20,CUST01014,28.0,Female,Corporate,Beauty & Personal Care,Sunscreen SPF50,410.2,2,0.0,820.4,214.93,North,Jaipur,Debit Card
ORD105702,2024-02-20,CUST01636,37.0,Female,Corporate,Electronics,Smartwatch,4536.8,2,0.25,6805.2,171.05,North,Delhi,Cash on Delivery
ORD103685,2024-02-21,CUST00382,31.0,Female,Corporate,Clothing,Sports Cap,1004.77,5,0.1,4521.46,1672.79,South,Hyderabad,Net Banking
ORD105886,2024-02-21,CUST01986,48.0,Female,Consumer,Beauty & Personal Care,Lipstick,1227.5,1,0.05,1166.12,415.35,South,Kochi,UPI
ORD103415,2024-02-21,CUST01626,31.0,Female,Corporate,Beauty & Personal Care,Hair Dryer,395.69,1,0.15,336.34,59.15,Central,Raipur,UPI
ORD101143,2024-02-21,CUST01417,32.0,Female,Consumer,Books & Stationery,Fiction Novel,264.21,3,0.05,753.0,303.74,North,Chandigarh,Debit Card
ORD104292,2024-02-21,CUST00848,38.0,Male,Small Business,Clothing,Running Shoes,732.04,1,0.0,732.04,251.25,Central,Nagpur,Credit Card
ORD104159,2024-02-21,CUST01883,49.0,Male,Consumer,Beauty & Personal Care,Sunscreen SPF50,1614.3,1,0.0,1614.3,524.55,East,Patna,Credit Card
ORD104383,2024-02-21,CUST00359,42.0,Female,Small Business,Home & Kitchen,Mixer Grinder,578.96,3,0.05,1650.04,370.85,South,Chennai,Credit Card
ORD100968,2024-02-21,CUST02068,42.0,Female,Corporate,Home & Kitchen,Ceramic Mug Set,3036.78,1,0.0,3036.78,774.97,West,Pune,UPI
ORD105986,2024-02-22,CUST01241,18.0,Female,Small Business,Home & Kitchen,Water Bottle,985.08,1,0.0,985.08,297.84,South,Bengaluru,UPI
ORD103777,2024-02-22,CUST01737,36.0,Male,Consumer,Home & Kitchen,Non-Stick Pan,4553.46,1,0.25,3415.1,540.62,West,Pune,UPI
ORD101470,2024-02-22,CUST01798,18.0,Male,Small Business,Clothing,Running Shoes,2128.28,1,0.2,1702.62,510.93,South,Bengaluru,Net Banking
ORD101292,2024-02-22,CUST01746,19.0,Female,Small Business,Electronics,Bluetooth Speaker,5314.41,1,0.25,3985.81,-156.19,South,Chennai,UPI
ORD104492,2024-02-22,CUST01555,36.0,Male,Corporate,Books & Stationery,Planner Diary,529.48,2,0.05,1006.01,373.59,North,Lucknow,Credit Card
ORD101542,2024-02-22,CUST01469,48.0,Female,Small Business,Electronics,Webcam,4928.09,1,0.2,3942.47,1165.24,West,Mumbai,Cash on Delivery
ORD105492,2024-02-23,CUST01448,35.0,Female,Corporate,Electronics,Bluetooth Speaker,7024.46,1,0.0,7024.46,1535.96,South,Kochi,Cash on Delivery
ORD103592,2024-02-23,CUST01699,27.0,Female,Consumer,Home & Kitchen,Mixer Grinder,5669.8,4,0.05,21545.24,6305.32,South,Hyderabad,Cash on Delivery
ORD101017,2024-02-23,CUST00024,59.0,Female,Corporate,Home & Kitchen,LED Table Lamp,4652.08,1,0.1,4186.87,1166.24,West,Ahmedabad,UPI
ORD103799,2024-02-23,CUST00556,22.0,Male,Small Business,Home & Kitchen,Mixer Grinder,5394.17,2,0.1,9709.51,3608.92,West,Surat,UPI
ORD100221,2024-02-23,CUST02024,41.0,Female,Consumer,Electronics,Smartphone Case,5881.52,1,0.05,5587.44,2293.02,West,Pune,Credit Card
ORD100765,2024-02-24,CUST00798,18.0,Male,Corporate,Electronics,USB-C Cable,6791.67,1,0.05,6452.09,2713.56,South,Hyderabad,UPI
ORD100258,2024-02-24,CUST01877,31.0,Male,Consumer,Home & Kitchen,LED Table Lamp,5639.35,1,0.0,5639.35,1419.55,East,Kolkata,Debit Card
ORD106353,2024-02-24,CUST01234,43.0,Female,Consumer,Clothing,Winter Jacket,1644.56,1,0.0,1644.56,427.28,West,Surat,UPI
ORD104937,2024-02-24,CUST01867,45.0,Male,Consumer,Electronics,USB-C Cable,2149.63,1,0.1,1934.67,569.75,Central,Bhopal,Cash on Delivery
ORD105498,2024-02-24,CUST01231,18.0,Male,Consumer,Electronics,Power Bank,6739.95,1,0.15,5728.96,1855.18,Central,Bhopal,Net Banking
ORD102792,2024-02-24,CUST01177,46.0,Female,Consumer,Beauty & Personal Care,Perfume,1364.88,1,0.1,1228.39,226.03,North,Delhi,Debit Card
ORD105741,2024-02-24,CUST01227,42.0,Female,Small Business,Furniture,Bookshelf,14627.06,1,0.15,12433.0,2316.34,South,Bengaluru,UPI
ORD102463,2024-02-24,CUST01602,22.0,Male,Corporate,Electronics,Smartphone Case,922.36,1,0.05,876.24,350.63,West,Ahmedabad,Cash on Delivery
ORD105391,2024-02-24,CUST00578,30.0,Male,Corporate,Home & Kitchen,Storage Rack,2310.11,1,0.0,2310.11,932.44,South,Chennai,Cash on Delivery
ORD106285,2024-02-24,CUST01791,62.0,Female,Corporate,Electronics,Laptop Stand,5779.4,1,0.0,5779.4,1549.23,South,Bengaluru,Debit Card
ORD104483,2024-02-25,CUST00307,30.0,Male,Consumer,Clothing,Sports Cap,1317.43,1,0.1,1185.69,138.97,West,Ahmedabad,UPI
ORD105388,2024-02-25,CUST01625,,Male,Consumer,Clothing,Formal Shirt,1843.88,1,0.1,1659.49,508.05,North,Chandigarh,Credit Card
ORD103601,2024-02-25,CUST01473,53.0,Female,Corporate,Sports & Outdoors,Camping Tent,4782.24,1,0.05,4543.13,803.8,East,Kolkata,Debit Card
ORD103610,2024-02-25,CUST01216,32.0,Male,Corporate,Clothing,Women's Jeans,1604.16,2,0.15,2727.07,555.73,Central,Nagpur,Debit Card
ORD105102,2024-02-25,CUST00339,33.0,Male,Consumer,Books & Stationery,Sketch Pens,394.9,1,0.1,355.41,48.61,Central,Bhopal,UPI
ORD101453,2024-02-25,CUST01702,32.0,Female,Small Business,Home & Kitchen,Non-Stick Pan,2080.95,2,0.05,3953.8,898.48,North,Jaipur,Credit Card
ORD100659,2024-02-25,CUST00827,42.0,Female,Corporate,Electronics,Wireless Earbuds,6692.82,2,0.05,12716.36,2752.85,East,Kolkata,UPI
ORD105337,2024-02-25,CUST00809,38.0,Female,Corporate,Home & Kitchen,Bedsheet Set,465.78,1,0.0,465.78,166.37,East,Bhubaneswar,Credit Card
ORD104000,2024-02-26,CUST01720,35.0,Female,Small Business,Home & Kitchen,Water Bottle,5201.75,2,0.15,8842.98,1800.0,Central,Bhopal,UPI
ORD102301,2024-02-26,CUST00232,18.0,Female,Consumer,Beauty & Personal Care,Trimmer,368.56,1,0.1,331.7,52.92,South,Bengaluru,Credit Card
ORD103004,2024-02-26,CUST01831,53.0,Male,Consumer,Furniture,Bean Bag,2670.05,5,0.0,13350.25,5168.18,North,Delhi,UPI
ORD103481,2024-02-26,CUST01004,37.0,Female,Consumer,Sports & Outdoors,Cricket Bat,1099.68,1,0.0,1099.68,329.81,South,Bengaluru,Debit Card
ORD100686,2024-02-26,CUST00343,35.0,Male,Consumer,Clothing,Formal Shirt,1934.8,1,0.15,1644.58,194.26,West,Surat,Net Banking
ORD101964,2024-02-26,CUST00694,34.0,Female,Consumer,Clothing,Running Shoes,1454.55,1,0.1,1309.1,457.81,Central,Bhopal,Credit Card
ORD102255,2024-02-26,CUST01231,18.0,Male,Consumer,Beauty & Personal Care,Lipstick,547.44,1,0.1,492.7,116.57,South,Kochi,Cash on Delivery
ORD104528,2024-02-26,CUST02051,23.0,Female,Corporate,Home & Kitchen,Storage Rack,4945.82,1,0.1,4451.24,673.6,West,Mumbai,Debit Card
ORD104358,2024-02-26,CUST01440,50.0,Female,Corporate,Furniture,Bean Bag,12140.71,1,0.0,12140.71,3135.77,South,Hyderabad,UPI
ORD102502,2024-02-27,CUST01615,29.0,Female,Corporate,Clothing,Men's T-Shirt,2027.19,1,0.2,1621.75,343.78,North,Jaipur,UPI
ORD104991,2024-02-27,CUST01423,40.0,Female,Corporate,Clothing,Summer Dress,1855.47,1,0.0,1855.47,468.12,South,Bengaluru,Credit Card
ORD103908,2024-02-27,CUST00186,25.0,Female,Consumer,Electronics,USB-C Cable,6033.08,2,0.0,12066.16,3387.37,West,Ahmedabad,UPI
ORD100413,2024-02-27,CUST00571,25.0,Female,Consumer,Clothing,Sports Cap,2763.03,2,0.15,4697.15,627.27,East,Patna,Credit Card
ORD106063,2024-02-27,CUST02018,37.0,Female,Consumer,Home & Kitchen,Non-Stick Pan,2386.4,1,0.0,2386.4,545.79,North,Delhi,Debit Card
ORD105640,2024-02-27,CUST02037,19.0,Male,Consumer,Home & Kitchen,Bedsheet Set,3427.65,1,0.2,2742.12,594.62,West,Surat,Cash on Delivery
ORD104382,2024-02-28,CUST01838,36.0,Female,Consumer,Furniture,Wardrobe,14832.72,2,0.0,29665.44,7948.74,South,Kochi,UPI
ORD100724,2024-02-28,CUST01694,55.0,Female,Small Business,Home & Kitchen,Mixer Grinder,666.81,1,0.0,666.81,138.21,East,Patna,UPI
ORD103960,2024-02-28,CUST00881,18.0,Male,Consumer,Clothing,Formal Shirt,2395.89,1,0.05,2276.1,715.78,Central,Raipur,Debit Card
ORD103566,2024-02-28,CUST00203,18.0,Male,Consumer,Furniture,Bean Bag,13651.75,1,0.1,12286.58,4239.99,South,Bengaluru,UPI
ORD104479,2024-02-29,CUST02001,40.0,Male,Consumer,Clothing,Women's Jeans,1749.33,1,0.25,1312.0,13.34,East,Bhubaneswar,Credit Card
ORD105140,2024-02-29,CUST01731,30.0,Female,Small Business,Electronics,Smartwatch,7632.79,2,0.0,15265.58,3993.7,West,Mumbai,Credit Card
ORD104075,2024-02-29,CUST02049,37.0,Female,Small Business,Clothing,Men's T-Shirt,1830.79,2,0.15,3112.34,1050.7,East,Kolkata,Cash on Delivery
ORD104590,2024-02-29,CUST01334,29.0,Female,Small Business,Clothing,Formal Shirt,1556.03,1,0.1,1400.43,509.47,South,Bengaluru,UPI
ORD100359,2024-02-29,CUST01580,29.0,Male,Consumer,Home & Kitchen,Bedsheet Set,484.83,4,0.1,1745.39,283.74,South,Kochi,Credit Card
ORD105979,2024-02-29,CUST01204,48.0,Male,Consumer,Beauty & Personal Care,Sunscreen SPF50,757.45,1,0.25,568.09,100.63,Central,Bhopal,Debit Card
ORD103399,2024-03-01,CUST00215,38.0,Female,Small Business,Clothing,Kids Hoodie,665.17,1,0.0,665.17,252.45,South,Chennai,UPI
ORD105425,2024-03-01,CUST01769,28.0,Male,Corporate,Clothing,Running Shoes,582.32,1,0.1,524.09,164.19,East,Patna,
ORD103786,2024-03-01,CUST00095,34.0,Male,Small Business,Electronics,Laptop Stand,850.83,1,0.05,808.29,295.72,West,Ahmedabad,Cash on Delivery
ORD100232,2024-03-01,CUST01289,26.0,Other,Consumer,Electronics,Laptop Stand,1275.91,1,0.0,1275.91,339.41,East,Patna,Debit Card
ORD104287,2024-03-01,CUST00396,42.0,Male,Consumer,Clothing,Sports Cap,346.41,2,0.15,588.9,155.58,West,Ahmedabad,Debit Card
ORD105088,2024-03-01,CUST01582,50.0,Female,Small Business,Home & Kitchen,Water Bottle,3807.32,1,0.0,3807.32,777.6,West,Surat,Cash on Delivery
ORD105376,2024-03-01,CUST01674,23.0,Female,Corporate,Sports & Outdoors,Camping Tent,2036.3,1,0.0,2036.3,782.59,Central,Nagpur,UPI
ORD100802,2024-03-01,CUST00661,55.0,Female,Small Business,Home & Kitchen,Storage Rack,627.8,2,0.1,1130.04,385.72,East,Kolkata,Credit Card
ORD104109,2024-03-01,CUST01409,43.0,Male,Corporate,Beauty & Personal Care,Lipstick,1722.0,1,0.15,1463.7,111.97,Central,Bhopal,UPI
ORD100939,2024-03-01,CUST00240,48.0,Male,Consumer,Home & Kitchen,Water Bottle,1611.2,1,0.05,1530.64,625.72,East,Bhubaneswar,Cash on Delivery
ORD104187,2024-03-02,CUST01900,37.0,Other,Consumer,Furniture,Study Table,2920.98,4,0.15,9931.33,3146.62,South,Kochi,UPI
ORD102844,2024-03-02,CUST00427,41.0,Female,Consumer,Clothing,Formal Shirt,1124.35,2,0.1,2023.83,683.46,East,Patna,Cash on Delivery
ORD102746,2024-03-02,CUST01597,18.0,Female,Consumer,Furniture,Study Table,14363.92,2,0.0,28727.84,9414.38,North,Lucknow,Debit Card
ORD104451,2024-03-02,CUST00580,44.0,Female,Consumer,Beauty & Personal Care,Hair Dryer,958.47,5,0.0,4792.35,1717.03,West,Pune,Cash on Delivery
ORD105101,2024-03-02,CUST00658,32.0,Male,Consumer,Electronics,Wireless Earbuds,6410.44,1,0.2,5128.35,754.6,North,Delhi,Credit Card
ORD102364,2024-03-02,CUST01886,43.0,Female,Small Business,Clothing,Winter Jacket,922.34,1,0.1,830.11,234.2,North,Lucknow,Credit Card
ORD106317,2024-03-02,CUST00288,26.0,Male,Corporate,Electronics,Laptop Stand,1095.42,1,0.1,985.88,307.84,West,Mumbai,UPI
ORD102496,2024-03-02,CUST01650,43.0,Other,Small Business,Home & Kitchen,Mixer Grinder,4916.64,1,0.0,4916.64,1967.92,West,Pune,UPI
ORD100284,2024-03-02,CUST00616,34.0,Female,Small Business,Furniture,Bean Bag,7385.66,1,0.1,6647.09,2322.59,South,Chennai,UPI
ORD101595,2024-03-02,CUST01898,46.0,Female,Consumer,Beauty & Personal Care,Perfume,1211.19,1,0.0,1211.19,296.66,West,Mumbai,Cash on Delivery
ORD103815,2024-03-02,CUST00432,33.0,Male,Consumer,Sports & Outdoors,Dumbbell Set,2771.66,1,0.05,2633.08,1085.34,Central,Bhopal,UPI
ORD104521,2024-03-02,CUST00095,34.0,Male,Small Business,Beauty & Personal Care,Trimmer,1279.42,1,0.25,959.56,-27.49,West,Pune,Net Banking
ORD102096,2024-03-02,CUST01408,26.0,Male,Corporate,Clothing,Women's Jeans,1074.33,1,0.1,966.9,208.85,North,Chandigarh,Cash on Delivery
ORD104039,2024-03-02,CUST00550,35.0,Male,Small Business,Clothing,Winter Jacket,699.07,2,0.0,1398.14,284.16,South,Bengaluru,UPI
ORD105521,2024-03-02,CUST00745,36.0,Male,Consumer,Electronics,Power Bank,1219.65,1,0.1,1097.69,218.08,South,Chennai,Debit Card
ORD103739,2024-03-02,CUST00487,,Female,Consumer,Home & Kitchen,Bedsheet Set,2142.83,1,0.05,2035.69,701.29,North,Delhi,Debit Card
ORD105319,2024-03-03,CUST01265,33.0,Female,Corporate,Home & Kitchen,Mixer Grinder,4590.56,2,0.0,9181.12,3627.52,West,Ahmedabad,UPI
ORD103593,2024-03-03,CUST01501,50.0,Female,Small Business,Furniture,Coffee Table,3605.29,1,0.1,3244.76,1007.41,Central,Raipur,Cash on Delivery
ORD105325,2024-03-03,CUST01300,25.0,Female,Corporate,Furniture,Wardrobe,14318.7,1,0.0,14318.7,3460.25,North,Chandigarh,Credit Card
ORD106150,2024-03-03,CUST01019,31.0,Male,Corporate,Clothing,Formal Shirt,2956.75,1,0.0,2956.75,891.54,North,Jaipur,Debit Card
ORD106230,2024-03-03,CUST01187,40.0,Female,Corporate,Beauty & Personal Care,Lipstick,320.54,1,0.1,288.49,44.61,Central,Nagpur,UPI
ORD101351,2024-03-03,CUST01431,46.0,Male,Small Business,Furniture,Bookshelf,10575.73,1,0.05,10046.94,2775.8,South,Kochi,Credit Card
ORD101930,2024-03-03,CUST00677,54.0,Female,Corporate,Electronics,Power Bank,5599.32,2,0.05,10638.71,2323.8,West,Surat,Debit Card
ORD103341,2024-03-03,CUST01057,55.0,Male,Corporate,Clothing,Summer Dress,2746.18,2,0.15,4668.51,1245.41,North,Lucknow,UPI
ORD105676,2024-03-03,CUST01029,38.0,Male,Consumer,Furniture,Office Chair,6000.81,4,0.15,20402.75,5844.14,East,Patna,Credit Card
ORD105663,2024-03-03,CUST01947,46.0,Female,Consumer,Clothing,Running Shoes,1025.03,1,0.0,1025.03,373.43,East,Patna,UPI
ORD105496,2024-03-03,CUST00556,22.0,Male,Small Business,Beauty & Personal Care,Trimmer,370.99,3,0.2,890.38,27.76,South,Kochi,UPI
ORD105649,2024-03-04,CUST01986,48.0,Female,Consumer,Furniture,Coffee Table,14407.81,1,0.15,12246.64,1449.94,West,Pune,Debit Card
ORD101506,2024-03-04,CUST00971,34.0,Female,Consumer,Clothing,Running Shoes,2588.21,1,0.15,2199.98,261.27,South,Chennai,Credit Card
ORD101115,2024-03-04,CUST01449,46.0,Female,Corporate,Beauty & Personal Care,Face Wash,1599.29,3,0.1,4318.08,748.35,North,Lucknow,Net Banking
ORD102454,2024-03-04,CUST01280,33.0,Female,Consumer,Clothing,Women's Jeans,1200.28,1,0.15,1020.24,267.43,North,Chandigarh,Credit Card
ORD105817,2024-03-04,CUST00060,29.0,Male,Small Business,Electronics,Laptop Stand,8992.34,2,0.05,17085.45,3851.95,South,Chennai,Net Banking
ORD103430,2024-03-04,CUST00937,60.0,Male,Consumer,Furniture,Study Table,11384.31,1,0.15,9676.66,575.25,South,Hyderabad,Debit Card
ORD103552,2024-03-04,CUST00575,31.0,Male,Consumer,Home & Kitchen,Storage Rack,3205.87,1,0.05,3045.58,981.37,West,Pune,Debit Card
ORD104320,2024-03-04,CUST01778,29.0,Male,Consumer,Books & Stationery,Desk Organizer,895.36,1,0.0,895.36,206.66,East,Bhubaneswar,UPI
ORD102865,2024-03-04,CUST01357,30.0,Female,Consumer,Electronics,Webcam,2062.65,1,0.0,2062.65,586.43,East,Kolkata,UPI
ORD100838,2024-03-04,CUST00800,41.0,Male,Corporate,Home & Kitchen,Storage Rack,392.39,1,0.0,392.39,95.78,South,Bengaluru,
ORD104275,2024-03-05,CUST01379,31.0,Male,Consumer,Clothing,Women's Jeans,1964.55,1,0.0,1964.55,438.48,West,Surat,Debit Card
ORD105245,2024-03-05,CUST01110,27.0,Female,Corporate,Beauty & Personal Care,Perfume,756.69,2,0.0,1513.38,553.92,East,Bhubaneswar,Credit Card
ORD106365,2024-03-05,CUST00409,61.0,Female,Corporate,Home & Kitchen,Water Bottle,2669.07,1,0.0,2669.07,1071.62,South,Bengaluru,Cash on Delivery
ORD102863,2024-03-05,CUST01030,32.0,Female,Consumer,Clothing,Sports Cap,353.89,1,0.0,353.89,127.1,East,Bhubaneswar,Cash on Delivery
ORD101191,2024-03-05,CUST00835,57.0,Female,Consumer,Clothing,Summer Dress,1699.85,1,0.1,1529.86,405.46,North,Chandigarh,UPI
ORD102385,2024-03-05,CUST02044,28.0,Female,Consumer,Beauty & Personal Care,Sunscreen SPF50,327.59,3,0.1,884.49,283.27,East,Patna,Cash on Delivery
ORD105142,2024-03-05,CUST01469,48.0,Female,Small Business,Home & Kitchen,Non-Stick Pan,1011.94,1,0.2,809.55,7.19,South,Bengaluru,UPI
ORD100697,2024-03-05,CUST01315,32.0,Female,Consumer,Electronics,USB-C Cable,4845.95,1,0.05,4603.65,1107.08,South,Kochi,Credit Card
ORD101259,2024-03-05,CUST00845,34.0,Male,Corporate,Home & Kitchen,Water Bottle,4718.4,1,0.0,4718.4,1704.81,Central,Raipur,Debit Card
ORD103088,2024-03-06,CUST01761,53.0,Male,Corporate,Sports & Outdoors,Football,3340.14,2,0.0,6680.28,2545.85,South,Chennai,Cash on Delivery
ORD100463,2024-03-06,CUST01303,28.0,Male,Corporate,Books & Stationery,Notebook Pack,647.5,1,0.0,647.5,218.81,North,Lucknow,UPI
ORD103963,2024-03-06,CUST01994,29.0,Female,Corporate,Home & Kitchen,Storage Rack,2705.56,1,0.15,2299.73,475.9,North,Lucknow,Credit Card
ORD103484,2024-03-06,CUST01030,32.0,Female,Consumer,Clothing,Running Shoes,2757.3,2,0.0,5514.6,2366.61,East,Kolkata,
ORD101832,2024-03-06,CUST00897,30.0,Male,Consumer,Home & Kitchen,Bedsheet Set,4941.65,1,0.0,4941.65,1478.85,North,Chandigarh,Cash on Delivery
ORD104224,2024-03-06,CUST02013,48.0,Male,Corporate,Electronics,Laptop Stand,7177.95,2,0.15,12202.52,4197.93,North,Jaipur,UPI
ORD100786,2024-03-06,CUST01146,32.0,Female,Corporate,Furniture,Study Table,8681.24,1,0.0,8681.24,3264.27,South,Kochi,UPI
ORD105393,2024-03-06,CUST00961,18.0,Male,Consumer,Clothing,Summer Dress,812.47,1,0.0,812.47,190.9,West,Pune,UPI
ORD100903,2024-03-06,CUST01039,27.0,Female,Consumer,Books & Stationery,Fiction Novel,605.32,1,0.0,605.32,176.98,West,Surat,UPI
ORD104176,2024-03-06,CUST00354,55.0,Male,Consumer,Beauty & Personal Care,Face Wash,631.34,1,0.1,568.21,208.32,Central,Bhopal,UPI
ORD102242,2024-03-06,CUST01891,24.0,Female,Corporate,Clothing,Women's Jeans,1236.98,1,0.0,1236.98,397.74,North,Chandigarh,UPI
ORD105631,2024-03-06,CUST01852,51.0,Female,Consumer,Books & Stationery,Notebook Pack,718.64,1,0.05,682.71,249.23,East,Patna,Credit Card
ORD105226,2024-03-06,CUST02081,50.0,Female,Corporate,Books & Stationery,Planner Diary,727.77,3,0.05,2074.14,567.37,West,Surat,Net Banking
ORD103142,2024-03-07,CUST01336,32.0,Male,Small Business,Beauty & Personal Care,Face Wash,993.07,1,0.15,844.11,106.43,West,Ahmedabad,UPI
ORD103323,2024-03-07,CUST01976,35.0,Female,Consumer,Electronics,USB-C Cable,8183.13,1,0.0,8183.13,2065.32,West,Pune,Credit Card
ORD104248,2024-03-07,CUST00020,32.0,Male,Consumer,Clothing,Formal Shirt,1253.94,1,0.15,1065.85,113.32,North,Jaipur,UPI
ORD102937,2024-03-07,CUST01537,18.0,Male,Consumer,Sports & Outdoors,Football,2600.85,1,0.15,2210.72,347.93,Central,Bhopal,Credit Card
ORD100496,2024-03-07,CUST00472,35.0,Female,Consumer,Electronics,Laptop Stand,6770.66,1,0.0,6770.66,2603.03,East,Kolkata,Net Banking
ORD100484,2024-03-07,CUST00527,46.0,Male,Corporate,Electronics,Smartphone Case,4785.88,4,0.0,19143.52,4232.55,South,Bengaluru,Cash on Delivery
ORD104206,2024-03-08,CUST00239,18.0,Female,Corporate,Clothing,Kids Hoodie,2369.85,1,0.0,2369.85,509.31,South,Chennai,UPI
ORD100357,2024-03-08,CUST01532,32.0,Male,Consumer,Furniture,Office Chair,2278.85,1,0.0,2278.85,892.79,South,Chennai,Debit Card
ORD101408,2024-03-08,CUST00131,25.0,Female,Consumer,Electronics,Webcam,5511.5,2,0.25,8267.25,316.8,South,Kochi,Debit Card
ORD104508,2024-03-08,CUST01566,31.0,Female,Consumer,Home & Kitchen,Air Fryer,357.51,2,0.15,607.77,61.2,East,Bhubaneswar,Cash on Delivery
ORD104211,2024-03-08,CUST01633,35.0,Male,Consumer,Books & Stationery,Planner Diary,278.46,1,0.25,208.84,15.71,North,Lucknow,Credit Card
ORD100791,2024-03-09,CUST00623,23.0,Other,Consumer,Electronics,Smartwatch,5099.36,1,0.1,4589.42,1728.1,South,Chennai,Credit Card
ORD102584,2024-03-09,CUST00607,31.0,Male,Consumer,Clothing,Winter Jacket,753.34,1,0.0,753.34,176.08,North,Delhi,Debit Card
ORD100652,2024-03-09,CUST02028,29.0,Female,Corporate,Sports & Outdoors,Camping Tent,492.66,1,0.1,443.39,52.04,West,Ahmedabad,Cash on Delivery
ORD104303,2024-03-09,CUST00501,44.0,Female,Consumer,Electronics,Wireless Earbuds,5374.48,1,0.2,4299.58,936.13,North,Chandigarh,Credit Card
ORD105919,2024-03-09,CUST01675,24.0,Female,Corporate,Home & Kitchen,Non-Stick Pan,2895.49,2,0.05,5501.43,1694.48,East,Bhubaneswar,UPI
ORD103429,2024-03-09,CUST01587,37.0,Female,Corporate,Sports & Outdoors,Cycling Helmet,6482.76,1,0.05,6158.62,1148.66,Central,Raipur,Cash on Delivery
ORD105891,2024-03-09,CUST00607,31.0,Male,Consumer,Electronics,Smartphone Case,2442.61,1,0.0,2442.61,577.42,West,Surat,Credit Card
ORD105859,2024-03-09,CUST00085,22.0,Female,Consumer,Beauty & Personal Care,Face Wash,1741.49,2,0.05,3308.83,848.75,East,Bhubaneswar,Cash on Delivery
ORD101570,2024-03-09,CUST00542,18.0,Male,Consumer,Electronics,Smartphone Case,6789.72,1,0.0,6789.72,1642.86,West,Pune,UPI
ORD101965,2024-03-10,CUST00141,27.0,Female,Consumer,Clothing,Running Shoes,644.87,1,0.2,515.9,29.1,South,Chennai,Cash on Delivery
ORD101926,2024-03-10,CUST01714,27.0,Female,Corporate,Clothing,Kids Hoodie,1767.11,2,0.15,3004.09,526.1,South,Bengaluru,Cash on Delivery
ORD103968,2024-03-10,CUST01131,19.0,Male,Consumer,Furniture,Bean Bag,13462.05,1,0.15,11442.74,3784.8,East,Bhubaneswar,UPI
ORD105636,2024-03-10,CUST00147,41.0,Female,Consumer,Home & Kitchen,Water Bottle,4955.85,3,0.15,12637.42,1007.96,West,Pune,Net Banking
ORD105869,2024-03-10,CUST01868,27.0,Female,Consumer,Home & Kitchen,Bedsheet Set,3462.52,1,0.0,3462.52,752.13,North,Chandigarh,Credit Card
ORD103083,2024-03-10,CUST00898,30.0,Female,Consumer,Beauty & Personal Care,Perfume,1315.94,1,0.15,1118.55,372.79,East,Patna,UPI
ORD104535,2024-03-10,CUST01204,48.0,Male,Consumer,Electronics,Bluetooth Speaker,5770.64,2,0.1,10387.15,1754.36,South,Chennai,UPI
ORD104344,2024-03-10,CUST00558,27.0,Male,Consumer,Beauty & Personal Care,Face Wash,600.53,2,0.2,960.85,121.37,North,Jaipur,Debit Card
ORD103108,2024-03-11,CUST01812,29.0,Male,Corporate,Home & Kitchen,Ceramic Mug Set,3473.55,2,0.2,5557.68,245.05,South,Hyderabad,UPI
ORD102488,2024-03-11,CUST01014,28.0,Female,Corporate,Clothing,Men's T-Shirt,1786.33,1,0.0,1786.33,788.62,West,Pune,Debit Card
ORD100289,2024-03-12,CUST00956,47.0,Male,Corporate,Furniture,Wardrobe,9155.71,1,0.0,9155.71,2481.78,East,Patna,UPI
ORD100993,2024-03-12,CUST00047,23.0,Male,Consumer,Electronics,Smartwatch,2304.42,1,0.0,2304.42,952.52,North,Chandigarh,UPI
ORD102930,2024-03-12,CUST01997,,Female,Consumer,Clothing,Men's T-Shirt,2632.08,1,0.0,2632.08,909.81,West,Pune,Net Banking
ORD101876,2024-03-12,CUST01911,23.0,Male,Consumer,Clothing,Formal Shirt,589.9,2,0.0,1179.8,522.41,Central,Bhopal,Credit Card
ORD100910,2024-03-12,CUST01758,35.0,Male,Corporate,Books & Stationery,Planner Diary,984.58,2,0.0,1969.16,419.54,West,Pune,Credit Card
ORD100169,2024-03-12,CUST01419,29.0,Male,Consumer,Electronics,Power Bank,3586.99,1,0.1,3228.29,1229.2,South,Bengaluru,Credit Card
ORD106274,2024-03-12,CUST00992,40.0,Female,Consumer,Clothing,Sports Cap,1800.77,1,0.15,1530.65,173.68,East,Bhubaneswar,Credit Card
ORD106429,2024-03-12,CUST00583,54.0,Male,Corporate,Electronics,Smartwatch,3736.73,1,0.0,3736.73,820.11,North,Chandigarh,Credit Card
ORD100565,2024-03-12,CUST00070,45.0,Female,Small Business,Clothing,Running Shoes,2308.34,2,0.0,4616.68,1610.26,Central,Nagpur,UPI
ORD100816,2024-03-13,CUST01934,50.0,Male,Small Business,Electronics,Wireless Earbuds,7192.64,3,0.05,20499.02,4930.46,East,Bhubaneswar,Credit Card
ORD105041,2024-03-13,CUST01915,29.0,Female,Corporate,Electronics,Smartwatch,2376.48,1,0.05,2257.66,558.18,South,Chennai,Debit Card
ORD102878,2024-03-13,CUST01800,34.0,Female,Consumer,Electronics,Smartwatch,3222.67,1,0.0,3222.67,1112.55,North,Jaipur,Cash on Delivery
ORD102266,2024-03-13,CUST02015,38.0,Male,Small Business,Books & Stationery,Planner Diary,255.51,2,0.05,485.47,142.77,East,Bhubaneswar,UPI
ORD102235,2024-03-14,CUST00968,34.0,Female,Consumer,Electronics,USB-C Cable,3278.38,1,0.1,2950.54,872.61,West,Ahmedabad,UPI
ORD100028,2024-03-14,CUST01260,33.0,Female,Corporate,Clothing,Winter Jacket,965.49,1,0.2,772.39,169.38,West,Pune,UPI
ORD101114,2024-03-14,CUST00118,44.0,Female,Corporate,Beauty & Personal Care,Perfume,296.52,1,0.0,296.52,105.09,South,Kochi,Credit Card
ORD103485,2024-03-14,CUST00388,47.0,Male,Consumer,Books & Stationery,Fiction Novel,336.51,1,0.15,286.03,99.37,West,Mumbai,UPI
ORD101917,2024-03-14,CUST00080,46.0,Female,Consumer,Electronics,Power Bank,799.3,2,0.1,1438.74,273.6,Central,Bhopal,UPI
ORD101379,2024-03-14,CUST01092,31.0,Male,Consumer,Electronics,Smartwatch,6573.15,2,0.25,9859.72,2347.22,North,Delhi,Cash on Delivery
ORD106480,2024-03-14,CUST00689,41.0,Female,Small Business,Books & Stationery,Notebook Pack,622.6,2,0.0,1245.2,362.92,South,Hyderabad,Debit Card
ORD101139,2024-03-14,CUST00429,18.0,Male,Consumer,Home & Kitchen,Storage Rack,5950.16,1,0.0,5950.16,2386.24,South,Kochi,Debit Card
ORD103448,2024-03-14,CUST01433,49.0,Female,Consumer,Electronics,Webcam,1670.51,2,0.1,3006.92,1075.0,Central,Nagpur,Cash on Delivery
ORD101359,2024-03-14,CUST00998,50.0,Male,Corporate,Clothing,Summer Dress,829.67,1,0.25,622.25,47.54,North,Delhi,UPI
ORD104478,2024-03-15,CUST00611,49.0,Male,Consumer,Sports & Outdoors,Football,3347.64,1,0.0,3347.64,1359.66,South,Kochi,Credit Card
ORD106180,2024-03-15,CUST01575,32.0,Female,Consumer,Sports & Outdoors,Cycling Helmet,5853.58,1,0.15,4975.54,1219.11,West,Ahmedabad,Net Banking
ORD102348,2024-03-15,CUST01877,31.0,Male,Consumer,Home & Kitchen,Non-Stick Pan,3571.33,1,0.0,3571.33,732.3,East,Kolkata,Credit Card
ORD101582,2024-03-15,CUST00189,31.0,Female,Consumer,Home & Kitchen,LED Table Lamp,438.44,1,0.05,416.52,79.57,West,Pune,Cash on Delivery
ORD100646,2024-03-15,CUST01276,29.0,Male,Consumer,Electronics,USB-C Cable,8079.37,1,0.0,8079.37,2323.07,West,Ahmedabad,Cash on Delivery
ORD104072,2024-03-15,CUST01415,18.0,Female,Consumer,Sports & Outdoors,Dumbbell Set,5905.56,1,0.05,5610.28,1088.65,North,Lucknow,Debit Card
ORD105693,2024-03-15,CUST00902,18.0,Male,Consumer,Home & Kitchen,Mixer Grinder,4038.52,1,0.15,3432.74,1024.33,Central,Bhopal,Debit Card
ORD106040,2024-03-15,CUST01228,18.0,Male,Consumer,Home & Kitchen,LED Table Lamp,4826.89,1,0.0,4826.89,2067.12,West,Surat,UPI
ORD102795,2024-03-15,CUST01660,44.0,Female,Small Business,Electronics,Bluetooth Speaker,4737.34,1,0.1,4263.61,1290.28,South,Chennai,UPI
ORD104134,2024-03-15,CUST00665,18.0,Male,Small Business,Clothing,Summer Dress,2863.4,2,0.0,5726.8,1643.15,North,Chandigarh,Cash on Delivery
ORD100520,2024-03-15,CUST00367,56.0,Female,Consumer,Clothing,Formal Shirt,2866.27,1,0.0,2866.27,1235.04,East,Patna,Credit Card
ORD104299,2024-03-16,CUST00053,34.0,Female,Consumer,Home & Kitchen,Air Fryer,1621.73,4,0.0,6486.92,1981.22,West,Surat,Net Banking
ORD103729,2024-03-16,CUST01305,18.0,Female,Corporate,Clothing,Men's T-Shirt,2768.46,1,0.1,2491.61,555.21,Central,Bhopal,UPI
ORD103792,2024-03-16,CUST01902,21.0,Female,Consumer,Electronics,USB-C Cable,4294.22,1,0.0,4294.22,1811.98,South,Bengaluru,Credit Card
ORD102691,2024-03-16,CUST00364,29.0,Female,Small Business,Clothing,Men's T-Shirt,1191.76,1,0.0,1191.76,242.85,West,Surat,Credit Card
ORD104703,2024-03-16,CUST00652,34.0,Female,Corporate,Clothing,Summer Dress,481.51,2,0.0,963.02,354.43,North,Lucknow,Cash on Delivery
ORD105835,2024-03-16,CUST01484,41.0,Female,Small Business,Clothing,Men's T-Shirt,2867.28,1,0.2,2293.82,43.2,Central,Nagpur,Cash on Delivery
ORD106444,2024-03-16,CUST01396,29.0,Male,Consumer,Electronics,USB-C Cable,929.98,1,0.05,883.48,282.98,West,Pune,Credit Card
ORD100849,2024-03-16,CUST00251,18.0,Male,Small Business,Electronics,Wireless Earbuds,781.95,2,0.0,1563.9,516.78,East,Kolkata,UPI
ORD104285,2024-03-16,CUST00073,44.0,Female,Consumer,Beauty & Personal Care,Face Wash,1005.98,1,0.1,905.38,106.99,North,Jaipur,Cash on Delivery
ORD100711,2024-03-16,CUST00484,41.0,Male,Corporate,Sports & Outdoors,Football,4287.94,1,0.2,3430.35,689.25,West,Pune,UPI
ORD100976,2024-03-16,CUST00467,38.0,Male,Small Business,Clothing,Formal Shirt,2506.06,1,0.2,2004.85,182.26,West,Pune,Debit Card
ORD103371,2024-03-16,CUST01908,51.0,Female,Consumer,Clothing,Running Shoes,2069.97,4,0.0,8279.88,2326.06,North,Lucknow,Cash on Delivery
ORD104868,2024-03-17,CUST01023,36.0,Male,Corporate,Beauty & Personal Care,Trimmer,468.91,1,0.2,375.13,116.64,North,Lucknow,Cash on Delivery
ORD103766,2024-03-17,CUST01658,41.0,Male,Small Business,Clothing,Formal Shirt,396.4,1,0.1,356.76,69.18,East,Patna,Debit Card
ORD101031,2024-03-17,CUST01631,39.0,Male,Consumer,Furniture,Wardrobe,12239.56,5,0.25,45898.35,343.79,South,Chennai,Credit Card
ORD100979,2024-03-17,CUST00029,33.0,Female,Consumer,Furniture,Study Table,10284.76,2,0.05,19541.04,7587.5,Central,Raipur,Cash on Delivery
ORD104716,2024-03-17,CUST00203,18.0,Male,Consumer,Electronics,Smartwatch,863.49,1,0.05,820.32,252.79,North,Lucknow,Credit Card
ORD104999,2024-03-17,CUST00064,27.0,Female,Consumer,Electronics,Webcam,6925.73,2,0.15,11773.74,2561.21,South,Hyderabad,Net Banking
ORD105644,2024-03-17,CUST01749,24.0,Female,Consumer,Home & Kitchen,Air Fryer,1856.6,1,0.05,1763.77,533.71,South,Bengaluru,UPI
ORD103338,2024-03-17,CUST00023,37.0,Female,Corporate,Home & Kitchen,Storage Rack,5479.55,2,0.05,10411.14,2720.51,West,Pune,UPI
ORD104523,2024-03-17,CUST00383,32.0,Female,Corporate,Sports & Outdoors,Cricket Bat,4393.02,1,0.1,3953.72,775.54,West,Pune,Credit Card
ORD106348,2024-03-17,CUST00577,27.0,Female,Corporate,Home & Kitchen,Bedsheet Set,1710.43,1,0.15,1453.87,183.71,Central,Bhopal,UPI
ORD103437,2024-03-17,CUST00520,27.0,Male,Small Business,Clothing,Women's Jeans,794.08,1,0.05,754.38,196.21,Central,Raipur,Net Banking
ORD103648,2024-03-17,CUST02030,46.0,Female,Corporate,Electronics,Smartphone Case,3608.1,1,0.1,3247.29,496.22,West,Ahmedabad,Cash on Delivery
ORD105782,2024-03-17,CUST00850,52.0,Male,Consumer,Home & Kitchen,Storage Rack,555.42,1,0.0,555.42,126.71,West,Ahmedabad,
ORD105434,2024-03-17,CUST00188,26.0,Female,Consumer,Electronics,Power Bank,2825.57,1,0.05,2684.29,686.93,North,Delhi,Debit Card
ORD100054,2024-03-18,CUST01094,47.0,Other,Consumer,Electronics,Bluetooth Speaker,1736.61,1,0.15,1476.12,120.74,West,Ahmedabad,Cash on Delivery
ORD101952,2024-03-18,CUST00270,36.0,Female,Corporate,Beauty & Personal Care,Lipstick,823.27,1,0.1,740.94,146.63,North,Jaipur,Cash on Delivery
ORD105605,2024-03-18,CUST01220,29.0,Other,Corporate,Beauty & Personal Care,Trimmer,1486.94,2,0.15,2527.8,398.05,Central,Nagpur,Credit Card
ORD102227,2024-03-18,CUST01701,33.0,Female,Corporate,Home & Kitchen,Water Bottle,1798.19,1,0.1,1618.37,455.17,Central,Nagpur,Credit Card
ORD103074,2024-03-18,CUST01770,26.0,Female,Consumer,Clothing,Kids Hoodie,589.13,1,0.05,559.67,182.4,West,Mumbai,Debit Card
ORD100949,2024-03-18,CUST00542,18.0,Male,Consumer,Electronics,Power Bank,7197.08,2,0.2,11515.33,1969.84,East,Kolkata,Net Banking
ORD104922,2024-03-18,CUST01757,31.0,Female,Corporate,Home & Kitchen,Bedsheet Set,2557.54,1,0.1,2301.79,790.23,West,Ahmedabad,Credit Card
ORD105229,2024-03-18,CUST01079,51.0,Male,Small Business,Home & Kitchen,Non-Stick Pan,3211.53,1,0.2,2569.22,284.26,South,Bengaluru,Credit Card
ORD104351,2024-03-19,CUST01657,31.0,Female,Small Business,Sports & Outdoors,Dumbbell Set,3974.89,1,0.15,3378.66,993.61,West,Ahmedabad,UPI
ORD104336,2024-03-19,CUST01939,23.0,Male,Corporate,Clothing,Running Shoes,399.27,1,0.1,359.34,89.22,East,Kolkata,Debit Card
ORD103062,2024-03-19,CUST00585,22.0,Female,Consumer,Home & Kitchen,Non-Stick Pan,2674.44,1,0.05,2540.72,766.47,North,Chandigarh,UPI
ORD104500,2024-03-19,CUST00186,25.0,Female,Consumer,Sports & Outdoors,Football,5710.74,2,0.0,11421.48,3844.0,West,Surat,UPI
ORD102248,2024-03-19,CUST00389,,Male,Corporate,Furniture,Office Chair,12332.21,3,0.0,36996.63,12794.91,East,Kolkata,Cash on Delivery
ORD104422,2024-03-19,CUST00384,35.0,Male,Consumer,Electronics,Bluetooth Speaker,1452.51,1,0.2,1162.01,66.38,West,Pune,Cash on Delivery
ORD103463,2024-03-19,CUST01746,19.0,Female,Small Business,Clothing,Formal Shirt,1235.93,2,0.15,2101.08,624.11,South,Hyderabad,UPI
ORD100003,2024-03-19,CUST00289,41.0,Male,Consumer,Electronics,Bluetooth Speaker,1358.61,1,0.05,1290.68,247.11,West,Pune,Debit Card
ORD100950,2024-03-20,CUST01162,49.0,Male,Consumer,Clothing,Winter Jacket,1846.98,1,0.05,1754.63,477.7,West,Pune,Credit Card
ORD105033,2024-03-20,CUST00715,20.0,Male,Corporate,Beauty & Personal Care,Face Wash,1918.26,2,0.1,3452.87,438.26,West,Pune,Credit Card
ORD101660,2024-03-20,CUST00553,28.0,Male,Consumer,Electronics,Laptop Stand,6270.54,1,0.1,5643.49,747.33,West,Surat,Credit Card
ORD101268,2024-03-20,CUST01962,34.0,Female,Consumer,Electronics,Wireless Earbuds,7520.79,1,0.1,6768.71,2489.94,East,Kolkata,UPI
ORD104987,2024-03-20,CUST00315,27.0,Male,Corporate,Clothing,Summer Dress,2310.92,1,0.0,2310.92,954.64,North,Delhi,Cash on Delivery
ORD102275,2024-03-20,CUST00342,30.0,Female,Consumer,Clothing,Sports Cap,307.19,2,0.1,552.94,71.03,East,Patna,UPI
ORD105112,2024-03-20,CUST01021,29.0,Male,Consumer,Electronics,Bluetooth Speaker,1770.88,1,0.05,1682.34,638.09,North,Chandigarh,Cash on Delivery
ORD106380,2024-03-20,CUST01206,29.0,Female,Consumer,Furniture,Wardrobe,10196.7,1,0.15,8667.2,1262.37,South,Hyderabad,Cash on Delivery
ORD102261,2024-03-21,CUST00632,28.0,Male,Consumer,Electronics,Bluetooth Speaker,5426.01,2,0.05,10309.42,2503.53,West,Ahmedabad,Cash on Delivery
ORD100008,2024-03-21,CUST00235,35.0,Female,Consumer,Beauty & Personal Care,Lipstick,756.9,1,0.2,605.52,134.16,East,Bhubaneswar,UPI
ORD104114,2024-03-21,CUST00466,25.0,Male,Consumer,Beauty & Personal Care,Sunscreen SPF50,729.05,1,0.05,692.6,111.59,North,Delhi,Credit Card
ORD102941,2024-03-21,CUST00836,34.0,Male,Consumer,Beauty & Personal Care,Face Wash,1390.87,3,0.0,4172.61,1779.7,North,Jaipur,Credit Card
ORD101831,2024-03-21,CUST01225,22.0,Female,Consumer,Electronics,USB-C Cable,6292.31,1,0.0,6292.31,1755.2,East,Kolkata,Debit Card
ORD102387,2024-03-21,CUST01445,19.0,Male,Consumer,Furniture,Bookshelf,5697.39,1,0.25,4273.04,1122.35,South,Chennai,UPI
ORD104274,2024-03-21,CUST01708,38.0,Male,Corporate,Clothing,Formal Shirt,2340.41,1,0.0,2340.41,1024.83,West,Surat,Credit Card
ORD101551,2024-03-21,CUST01465,21.0,Male,Consumer,Beauty & Personal Care,Perfume,1365.53,1,0.0,1365.53,388.88,West,Ahmedabad,Credit Card
ORD104876,2024-03-21,CUST00352,28.0,Male,Consumer,Furniture,Wardrobe,9412.69,1,0.15,8000.79,2216.05,East,Kolkata,UPI
ORD104073,2024-03-22,CUST02000,34.0,Female,Consumer,Beauty & Personal Care,Lipstick,1012.45,1,0.0,1012.45,448.93,Central,Nagpur,Credit Card
ORD100961,2024-03-22,CUST00797,34.0,Female,Consumer,Electronics,Webcam,5763.27,1,0.1,5186.94,1139.9,Central,Nagpur,Cash on Delivery
ORD105045,2024-03-22,CUST01774,44.0,Female,Consumer,Electronics,Wireless Earbuds,1707.5,1,0.15,1451.38,298.41,West,Mumbai,Cash on Delivery
ORD103947,2024-03-22,CUST01726,34.0,Male,Consumer,Books & Stationery,Sketch Pens,664.41,1,0.0,664.41,241.77,West,Mumbai,UPI
ORD102430,2024-03-22,CUST00785,33.0,Female,Consumer,Beauty & Personal Care,Lipstick,1825.02,1,0.15,1551.27,94.92,West,Ahmedabad,Cash on Delivery
ORD101494,2024-03-23,CUST01873,38.0,Male,Corporate,Electronics,Smartwatch,1617.34,2,0.1,2911.21,500.9,South,Kochi,UPI
ORD104361,2024-03-23,CUST01727,18.0,Male,Consumer,Clothing,Kids Hoodie,2494.79,1,0.1,2245.31,859.55,West,Mumbai,Credit Card
ORD104661,2024-03-23,CUST01428,30.0,Male,Consumer,Electronics,Webcam,2467.0,1,0.15,2096.95,244.71,South,Hyderabad,Cash on Delivery
ORD102332,2024-03-23,CUST01579,21.0,Female,Consumer,Sports & Outdoors,Camping Tent,5642.51,2,0.1,10156.52,1314.53,East,Bhubaneswar,Debit Card
ORD103056,2024-03-23,CUST01460,49.0,Male,Consumer,Electronics,Power Bank,5684.68,1,0.05,5400.45,957.9,East,Kolkata,Credit Card
ORD105360,2024-03-23,CUST00828,39.0,Male,Consumer,Sports & Outdoors,Cricket Bat,2157.99,1,0.0,2157.99,703.73,West,Surat,Cash on Delivery
ORD105838,2024-03-23,CUST01198,28.0,Male,Consumer,Beauty & Personal Care,Face Wash,1027.09,1,0.0,1027.09,367.72,South,Bengaluru,Debit Card
ORD102577,2024-03-23,CUST00795,35.0,Male,Consumer,Books & Stationery,Planner Diary,880.58,1,0.0,880.58,189.01,North,Lucknow,UPI
ORD106490,2024-03-23,CUST01923,21.0,Male,Consumer,Furniture,Study Table,9177.05,1,0.05,8718.2,2546.59,North,Chandigarh,Credit Card
ORD105136,2024-03-23,CUST01958,30.0,Male,Consumer,Clothing,Summer Dress,1414.74,1,0.05,1344.0,413.9,West,Ahmedabad,Debit Card
ORD101933,2024-03-23,CUST00809,38.0,Female,Corporate,Books & Stationery,Sketch Pens,178.77,1,0.0,178.77,78.84,East,Kolkata,Debit Card
ORD103926,2024-03-23,CUST01075,21.0,Male,Consumer,Home & Kitchen,Non-Stick Pan,2062.79,1,0.0,2062.79,552.54,West,Pune,UPI
ORD104087,2024-03-24,CUST01397,42.0,Male,Consumer,Clothing,Sports Cap,2707.38,2,0.1,4873.28,1325.55,South,Hyderabad,Net Banking
ORD105297,2024-03-24,CUST00307,30.0,Male,Consumer,Home & Kitchen,LED Table Lamp,1401.47,1,0.15,1191.25,161.1,North,Chandigarh,UPI
ORD100662,2024-03-24,CUST00651,30.0,Female,Corporate,Clothing,Summer Dress,922.91,1,0.0,922.91,308.99,South,Hyderabad,UPI
ORD104355,2024-03-24,CUST00419,18.0,Male,Small Business,Beauty & Personal Care,Face Wash,315.76,1,0.05,299.97,75.98,East,Kolkata,Cash on Delivery
ORD103252,2024-03-24,CUST00345,38.0,Male,Corporate,Home & Kitchen,LED Table Lamp,2919.36,2,0.05,5546.78,2202.24,North,Delhi,Debit Card
ORD102405,2024-03-24,CUST01852,51.0,Female,Consumer,Clothing,Formal Shirt,719.9,2,0.05,1367.81,375.42,Central,Raipur,Credit Card
ORD104164,2024-03-25,CUST00983,26.0,Female,Small Business,Electronics,Wireless Earbuds,6336.22,1,0.15,5385.79,1654.65,East,Patna,UPI
ORD103125,2024-03-25,CUST00380,22.0,Male,Consumer,Beauty & Personal Care,Sunscreen SPF50,610.96,2,0.0,1221.92,383.43,North,Jaipur,Cash on Delivery
ORD101688,2024-03-25,CUST01772,33.0,Female,Consumer,Clothing,Kids Hoodie,2339.58,2,0.0,4679.16,1252.97,South,Bengaluru,Debit Card
ORD102264,2024-03-25,CUST00918,35.0,Female,Consumer,Clothing,Running Shoes,2175.66,1,0.0,2175.66,900.7,Central,Nagpur,Credit Card
ORD100803,2024-03-25,CUST00976,21.0,Other,Corporate,Clothing,Formal Shirt,406.09,1,0.05,385.79,113.9,East,Patna,Debit Card
ORD100204,2024-03-25,CUST00665,18.0,Male,Small Business,Home & Kitchen,Bedsheet Set,1413.41,1,0.0,1413.41,542.66,West,Surat,Cash on Delivery
ORD106245,2024-03-25,CUST00817,18.0,Other,Consumer,Electronics,USB-C Cable,6703.11,1,0.0,6703.11,2955.9,West,Ahmedabad,UPI
ORD103491,2024-03-25,CUST00400,46.0,Female,Small Business,Electronics,Smartwatch,6476.61,1,0.0,6476.61,2483.45,West,Surat,Debit Card
ORD101578,2024-03-25,CUST00258,43.0,Female,Small Business,Sports & Outdoors,Cricket Bat,4011.76,1,0.1,3610.58,767.26,North,Chandigarh,Net Banking
ORD100541,2024-03-25,CUST01530,20.0,Male,Consumer,Electronics,Wireless Earbuds,5280.39,1,0.25,3960.29,-37.82,North,Delhi,Debit Card
ORD100030,2024-03-26,CUST01945,23.0,Other,Consumer,Clothing,Sports Cap,2118.11,1,0.0,2118.11,491.26,South,Bengaluru,UPI
ORD101092,2024-03-26,CUST01104,37.0,Female,Consumer,Electronics,Smartphone Case,8340.71,1,0.1,7506.64,2913.04,South,Chennai,UPI
ORD103231,2024-03-26,CUST01313,39.0,Male,Consumer,Electronics,USB-C Cable,4361.86,1,0.0,4361.86,1702.68,North,Chandigarh,Cash on Delivery
ORD102664,2024-03-26,CUST00488,28.0,Male,Consumer,Home & Kitchen,Storage Rack,5407.42,1,0.1,4866.68,831.06,South,Kochi,Cash on Delivery
ORD101508,2024-03-26,CUST00565,18.0,Female,Consumer,Beauty & Personal Care,Sunscreen SPF50,1859.68,2,0.0,3719.36,1159.75,East,Patna,UPI
ORD105430,2024-03-26,CUST00483,34.0,Male,Corporate,Books & Stationery,Fiction Novel,469.72,1,0.05,446.23,108.57,North,Jaipur,Cash on Delivery
ORD102322,2024-03-26,CUST01337,40.0,Male,Corporate,Electronics,Bluetooth Speaker,1048.8,1,0.1,943.92,327.92,South,Kochi,UPI
ORD105215,2024-03-26,CUST00772,,Male,Corporate,Electronics,Webcam,2635.5,1,0.0,2635.5,906.17,North,Chandigarh,Debit Card
ORD103674,2024-03-26,CUST00583,54.0,Male,Corporate,Electronics,Wireless Earbuds,6946.44,1,0.2,5557.15,1226.86,West,Mumbai,Credit Card
ORD102034,2024-03-27,CUST01257,32.0,Female,Small Business,Electronics,Bluetooth Speaker,4630.96,1,0.1,4167.86,1234.54,South,Kochi,Debit Card
ORD104495,2024-03-28,CUST00087,,Female,Consumer,Clothing,Men's T-Shirt,2575.96,1,0.2,2060.77,430.9,North,Chandigarh,UPI
ORD101531,2024-03-28,CUST00249,42.0,Male,Consumer,Clothing,Sports Cap,2411.35,1,0.25,1808.51,-111.78,East,Kolkata,Cash on Delivery
ORD105488,2024-03-28,CUST00244,20.0,Female,Consumer,Clothing,Formal Shirt,1614.7,2,0.0,3229.4,1401.62,North,Chandigarh,Debit Card
ORD103071,2024-03-28,CUST00679,35.0,Other,Consumer,Electronics,Webcam,2151.75,3,0.1,5809.72,1571.67,East,Bhubaneswar,Cash on Delivery
ORD103209,2024-03-28,CUST00554,23.0,Male,Consumer,Beauty & Personal Care,Hair Dryer,1442.53,2,0.15,2452.3,401.99,East,Kolkata,Cash on Delivery
ORD103472,2024-03-28,CUST01308,35.0,Other,Corporate,Home & Kitchen,Air Fryer,4353.15,1,0.0,4353.15,1035.43,Central,Raipur,UPI
ORD100695,2024-03-28,CUST00822,18.0,Female,Consumer,Home & Kitchen,Ceramic Mug Set,3548.7,1,0.1,3193.83,762.99,South,Bengaluru,Credit Card
ORD104892,2024-03-28,CUST01984,23.0,Female,Small Business,Sports & Outdoors,Football,5310.33,1,0.1,4779.3,1518.05,South,Kochi,Credit Card
ORD101992,2024-03-28,CUST00596,,Male,Consumer,Books & Stationery,Notebook Pack,156.4,2,0.15,265.88,63.98,North,Chandigarh,Credit Card
ORD105125,2024-03-28,CUST01620,23.0,Male,Small Business,Electronics,Wireless Earbuds,1339.25,1,0.1,1205.32,443.32,West,Mumbai,UPI
ORD105553,2024-03-28,CUST01294,21.0,Male,Corporate,Electronics,Smartwatch,3701.97,1,0.0,3701.97,790.36,Central,Raipur,UPI
ORD100146,2024-03-28,CUST00410,22.0,Male,Corporate,Beauty & Personal Care,Sunscreen SPF50,440.93,1,0.15,374.79,43.34,East,Bhubaneswar,UPI
ORD105366,2024-03-29,CUST01419,29.0,Male,Consumer,Beauty & Personal Care,Hair Dryer,1285.67,2,0.05,2442.77,904.92,Central,Bhopal,Credit Card
ORD100327,2024-03-29,CUST00995,35.0,Male,Small Business,Sports & Outdoors,Football,6586.28,1,0.1,5927.65,1076.1,Central,Bhopal,Debit Card
ORD101556,2024-03-29,CUST00672,39.0,Male,Consumer,Beauty & Personal Care,Trimmer,1256.55,2,0.15,2136.13,593.13,South,Bengaluru,UPI
ORD102290,2024-03-29,CUST01850,37.0,Male,Corporate,Home & Kitchen,Water Bottle,5705.48,3,0.1,15404.8,3848.72,North,Chandigarh,UPI
ORD103861,2024-03-29,CUST01775,34.0,Female,Consumer,Books & Stationery,Sketch Pens,448.55,1,0.15,381.27,133.2,South,Bengaluru,Credit Card
ORD100020,2024-03-29,CUST01627,38.0,Female,Corporate,Books & Stationery,Planner Diary,513.6,1,0.05,487.92,102.73,West,Pune,UPI
ORD103700,2024-03-29,CUST00962,36.0,Male,Consumer,Books & Stationery,Sketch Pens,174.34,3,0.05,496.87,110.07,North,Lucknow,Cash on Delivery
ORD100793,2024-03-29,CUST01760,18.0,Female,Small Business,Home & Kitchen,Non-Stick Pan,3304.6,2,0.05,6278.74,1517.54,North,Delhi,Debit Card
ORD103852,2024-03-30,CUST00489,18.0,Male,Small Business,Clothing,Formal Shirt,741.46,2,0.0,1482.92,389.68,South,Kochi,UPI
ORD106003,2024-03-30,CUST00135,25.0,Male,Consumer,Clothing,Winter Jacket,683.85,1,0.2,547.08,27.4,North,Lucknow,Net Banking
ORD101843,2024-03-30,CUST01757,31.0,Female,Corporate,Beauty & Personal Care,Sunscreen SPF50,721.34,2,0.0,1442.68,604.34,North,Delhi,Net Banking
ORD102352,2024-03-30,CUST00651,30.0,Female,Corporate,Beauty & Personal Care,Perfume,874.61,2,0.0,1749.22,498.38,North,Jaipur,Cash on Delivery
ORD103109,2024-03-30,CUST02001,40.0,Male,Consumer,Clothing,Men's T-Shirt,1491.07,2,0.15,2534.82,180.42,South,Kochi,Credit Card
ORD102543,2024-03-31,CUST01315,32.0,Female,Consumer,Electronics,Power Bank,5904.12,2,0.05,11217.83,4412.47,South,Hyderabad,UPI
ORD104221,2024-03-31,CUST01877,31.0,Male,Consumer,Books & Stationery,Desk Organizer,888.78,1,0.0,888.78,381.18,West,Ahmedabad,Debit Card
ORD101787,2024-03-31,CUST00311,47.0,Female,Consumer,Clothing,Winter Jacket,2120.7,1,0.0,2120.7,492.05,Central,Bhopal,Debit Card
ORD103813,2024-03-31,CUST00067,27.0,Female,Corporate,Home & Kitchen,Non-Stick Pan,4635.28,1,0.0,4635.28,1460.97,West,Ahmedabad,UPI
ORD105928,2024-03-31,CUST01442,36.0,Female,Consumer,Clothing,Running Shoes,1769.75,1,0.0,1769.75,452.24,West,Mumbai,Debit Card
ORD100510,2024-03-31,CUST01556,41.0,Female,Consumer,Electronics,Smartphone Case,6647.82,2,0.0,13295.64,4846.01,Central,Nagpur,Credit Card
ORD101086,2024-03-31,CUST00107,31.0,Female,Consumer,Clothing,Women's Jeans,2642.93,1,0.05,2510.78,1018.85,Central,Bhopal,Credit Card
ORD105076,2024-03-31,CUST01552,26.0,Female,Consumer,Electronics,Smartwatch,8332.73,1,0.15,7082.82,956.53,North,Jaipur,Cash on Delivery
ORD106456,2024-04-01,CUST01597,18.0,Female,Consumer,Beauty & Personal Care,Hair Dryer,728.27,1,0.1,655.44,172.87,South,Kochi,Cash on Delivery
ORD100345,2024-04-01,CUST01928,35.0,Male,Consumer,Clothing,Men's T-Shirt,561.05,1,0.0,561.05,235.27,South,Hyderabad,Credit Card
ORD104537,2024-04-01,CUST01133,30.0,Male,Consumer,Sports & Outdoors,Yoga Mat,3068.87,4,0.0,12275.48,2870.26,South,Bengaluru,Debit Card
ORD101822,2024-04-01,CUST01757,31.0,Female,Corporate,Electronics,Webcam,4470.63,2,0.0,8941.26,2271.49,West,Pune,Debit Card
ORD103658,2024-04-01,CUST01003,18.0,Male,Corporate,Clothing,Women's Jeans,2734.23,1,0.15,2324.1,552.1,West,Mumbai,Credit Card
ORD101729,2024-04-01,CUST01482,25.0,Male,Consumer,Clothing,Kids Hoodie,528.09,1,0.0,528.09,209.71,Central,Raipur,UPI
ORD100260,2024-04-01,CUST00083,34.0,Male,Consumer,Beauty & Personal Care,Lipstick,550.88,2,0.15,936.5,76.38,South,Bengaluru,Debit Card
ORD105311,2024-04-01,CUST00960,30.0,Male,Corporate,Home & Kitchen,Water Bottle,5206.71,1,0.0,5206.71,1779.97,Central,Bhopal,Credit Card
ORD102117,2024-04-01,CUST01996,28.0,Male,Corporate,Electronics,Wireless Earbuds,8496.54,3,0.0,25489.62,6560.94,North,Delhi,Credit Card
ORD105160,2024-04-02,CUST01591,33.0,Female,Consumer,Furniture,Bean Bag,8850.7,3,0.25,19914.08,551.07,North,Chandigarh,UPI
ORD105953,2024-04-02,CUST00858,51.0,Female,Consumer,Beauty & Personal Care,Perfume,1610.85,2,0.1,2899.53,405.25,South,Hyderabad,UPI
ORD101045,2024-04-02,CUST01914,42.0,Female,Corporate,Home & Kitchen,Air Fryer,3876.47,1,0.1,3488.82,802.9,West,Surat,Debit Card
ORD101249,2024-04-02,CUST01605,24.0,Female,Consumer,Beauty & Personal Care,Trimmer,373.32,1,0.0,373.32,132.11,North,Lucknow,UPI
ORD103238,2024-04-02,CUST01217,32.0,Female,Corporate,Clothing,Winter Jacket,1571.87,1,0.0,1571.87,542.96,Central,Nagpur,Cash on Delivery
ORD101170,2024-04-02,CUST01375,20.0,Male,Corporate,Clothing,Sports Cap,1301.76,2,0.05,2473.34,1002.53,North,Delhi,Credit Card
ORD101896,2024-04-02,CUST00187,36.0,Female,Consumer,Home & Kitchen,Air Fryer,3214.51,4,0.15,10929.33,2672.31,West,Pune,UPI
ORD103135,2024-04-02,CUST01765,70.0,Male,Small Business,Electronics,Bluetooth Speaker,1311.93,1,0.05,1246.33,243.62,East,Bhubaneswar,Net Banking
ORD101451,2024-04-03,CUST00743,29.0,Female,Consumer,Beauty & Personal Care,Trimmer,1419.74,1,0.05,1348.75,346.15,West,Pune,UPI
ORD105036,2024-04-03,CUST00152,25.0,Male,Consumer,Electronics,Bluetooth Speaker,6373.17,1,0.05,6054.51,2034.64,West,Mumbai,UPI
ORD101398,2024-04-03,CUST02024,41.0,Female,Consumer,Sports & Outdoors,Camping Tent,6286.35,2,0.0,12572.7,5486.13,West,Mumbai,UPI
ORD104199,2024-04-03,CUST00197,36.0,Male,Corporate,Books & Stationery,Sketch Pens,659.52,1,0.1,593.57,198.35,Central,Bhopal,Debit Card
ORD102307,2024-04-03,CUST01974,31.0,Male,Consumer,Clothing,Women's Jeans,1412.64,1,0.1,1271.38,414.21,North,Lucknow,UPI
ORD101280,2024-04-04,CUST01892,48.0,Male,Small Business,Electronics,Webcam,5988.47,4,0.0,23953.88,10415.42,East,Patna,Cash on Delivery
ORD100432,2024-04-04,CUST00952,19.0,Male,Small Business,Clothing,Men's T-Shirt,1476.12,1,0.0,1476.12,568.41,East,Bhubaneswar,Debit Card
ORD106320,2024-04-04,CUST00790,42.0,Male,Corporate,Clothing,Running Shoes,469.49,1,0.2,375.59,34.63,South,Hyderabad,Credit Card
ORD101154,2024-04-04,CUST01122,18.0,Female,Consumer,Electronics,Laptop Stand,7601.72,1,0.1,6841.55,2396.57,South,Chennai,UPI
ORD105664,2024-04-04,CUST00226,35.0,Male,Corporate,Clothing,Women's Jeans,844.69,1,0.0,844.69,261.09,North,Chandigarh,UPI
ORD100624,2024-04-04,CUST00335,41.0,Male,Corporate,Electronics,Smartwatch,8553.43,4,0.25,25660.29,6777.22,West,Mumbai,Cash on Delivery
ORD100544,2024-04-04,CUST00326,52.0,Male,Consumer,Clothing,Winter Jacket,1562.69,1,0.2,1250.15,79.46,North,Delhi,Net Banking
ORD101496,2024-04-05,CUST01858,20.0,Female,Consumer,Beauty & Personal Care,Perfume,900.27,1,0.0,900.27,195.03,Central,Raipur,Credit Card
ORD100756,2024-04-05,CUST01573,24.0,Male,Consumer,Electronics,Wireless Earbuds,7618.69,1,0.15,6475.89,1650.75,South,Bengaluru,UPI
ORD101708,2024-04-05,CUST00682,63.0,Female,Corporate,Electronics,Bluetooth Speaker,4348.06,2,0.1,7826.51,2139.42,West,Pune,UPI
ORD104043,2024-04-05,CUST00824,35.0,Female,Consumer,Home & Kitchen,Non-Stick Pan,3794.66,1,0.1,3415.19,864.14,North,Chandigarh,UPI
ORD101922,2024-04-05,CUST00858,51.0,Female,Consumer,Clothing,Kids Hoodie,2063.04,1,0.05,1959.89,566.4,South,Chennai,Credit Card
ORD106256,2024-04-05,CUST02064,35.0,Male,Small Business,Electronics,Smartphone Case,3078.61,1,0.05,2924.68,470.95,Central,Bhopal,Credit Card
ORD100491,2024-04-05,CUST00547,65.0,Male,Consumer,Electronics,Bluetooth Speaker,3733.26,1,0.1,3359.93,880.78,North,Lucknow,Credit Card
ORD103425,2024-04-05,CUST00076,35.0,Male,Small Business,Electronics,Laptop Stand,6829.53,1,0.05,6488.05,1803.13,North,Lucknow,Cash on Delivery
ORD104194,2024-04-05,CUST01749,24.0,Female,Consumer,Books & Stationery,Sketch Pens,710.95,1,0.05,675.4,132.99,North,Chandigarh,Credit Card
ORD105447,2024-04-05,CUST01825,46.0,Female,Small Business,Clothing,Running Shoes,2809.76,1,0.05,2669.27,885.79,East,Patna,UPI
ORD100559,2024-04-06,CUST01323,37.0,Male,Consumer,Sports & Outdoors,Cycling Helmet,1343.83,1,0.05,1276.64,472.95,South,Chennai,UPI
ORD104739,2024-04-06,CUST02047,40.0,Male,Consumer,Sports & Outdoors,Yoga Mat,5763.96,1,0.0,5763.96,1553.48,East,Bhubaneswar,UPI
ORD103014,2024-04-06,CUST00427,41.0,Female,Consumer,Electronics,Power Bank,7576.71,1,0.05,7197.87,2239.14,North,Chandigarh,UPI
ORD102464,2024-04-06,CUST01695,54.0,Male,Consumer,Sports & Outdoors,Yoga Mat,5514.79,1,0.15,4687.57,999.25,South,Kochi,Credit Card
ORD101193,2024-04-06,CUST00881,18.0,Male,Consumer,Electronics,Bluetooth Speaker,5108.88,1,0.25,3831.66,9.53,North,Lucknow,Cash on Delivery
ORD102161,2024-04-06,CUST02095,18.0,Female,Consumer,Beauty & Personal Care,Perfume,543.8,1,0.1,489.42,86.69,South,Kochi,Cash on Delivery
ORD103330,2024-04-06,CUST01268,24.0,Female,Corporate,Beauty & Personal Care,Trimmer,995.24,1,0.15,845.95,173.59,South,Hyderabad,UPI
ORD102744,2024-04-07,CUST00816,34.0,Male,Consumer,Electronics,Power Bank,2538.68,3,0.0,7616.04,1697.58,East,Patna,Cash on Delivery
ORD105905,2024-04-07,CUST01991,29.0,Female,Corporate,Electronics,Wireless Earbuds,6749.62,1,0.05,6412.14,1561.97,West,Pune,Credit Card
ORD106482,2024-04-07,CUST00631,30.0,Female,Consumer,Clothing,Running Shoes,2507.94,1,0.05,2382.54,830.65,South,Kochi,Credit Card
ORD105955,2024-04-07,CUST01145,42.0,Female,Consumer,Home & Kitchen,Storage Rack,3669.53,1,0.0,3669.53,807.89,East,Kolkata,Debit Card
ORD103713,2024-04-07,CUST00164,51.0,Female,Corporate,Electronics,Webcam,2973.05,1,0.1,2675.75,1015.59,Central,Raipur,UPI
ORD103505,2024-04-07,CUST00057,38.0,Female,Consumer,Clothing,Kids Hoodie,915.27,1,0.15,777.98,73.7,West,Pune,UPI
ORD100298,2024-04-07,CUST00552,37.0,Male,Corporate,Furniture,Bookshelf,14119.27,1,0.1,12707.34,3795.54,North,Jaipur,Cash on Delivery
ORD101362,2024-04-07,CUST00784,39.0,Female,Corporate,Electronics,Smartphone Case,2769.85,1,0.0,2769.85,1224.92,South,Chennai,UPI
ORD103932,2024-04-07,CUST01089,18.0,Male,Corporate,Electronics,Bluetooth Speaker,8390.34,1,0.2,6712.27,1098.69,South,Bengaluru,Credit Card
ORD102797,2024-04-07,CUST01195,33.0,Female,Consumer,Beauty & Personal Care,Lipstick,1778.89,1,0.0,1778.89,371.35,North,Jaipur,UPI
ORD100573,2024-04-07,CUST00268,18.0,Female,Consumer,Clothing,Formal Shirt,2590.16,1,0.1,2331.14,873.42,East,Patna,Credit Card
ORD105044,2024-04-08,CUST00418,29.0,Male,Consumer,Clothing,Summer Dress,935.57,1,0.2,748.46,198.02,West,Ahmedabad,Debit Card
ORD104946,2024-04-08,CUST00430,34.0,Female,Small Business,Home & Kitchen,Ceramic Mug Set,1286.63,1,0.05,1222.3,410.09,West,Pune,Debit Card
ORD101568,2024-04-08,CUST00819,43.0,Male,Small Business,Electronics,Smartphone Case,6565.46,1,0.05,6237.19,1565.02,South,Kochi,UPI
ORD101643,2024-04-08,CUST01128,29.0,Female,Consumer,Furniture,Study Table,10737.79,2,0.0,21475.58,8409.89,West,Surat,Cash on Delivery
ORD103555,2024-04-08,CUST01071,28.0,Female,Corporate,Home & Kitchen,Mixer Grinder,2826.0,1,0.0,2826.0,631.98,South,Kochi,Debit Card
ORD101731,2024-04-08,CUST01041,32.0,Female,Small Business,Beauty & Personal Care,Trimmer,1424.22,1,0.0,1424.22,342.9,West,Surat,Credit Card
ORD105148,2024-04-08,CUST01839,39.0,Female,Consumer,Home & Kitchen,Storage Rack,1222.0,2,0.05,2321.8,682.56,South,Hyderabad,Cash on Delivery
ORD103421,2024-04-08,CUST01721,39.0,Male,Corporate,Home & Kitchen,LED Table Lamp,4738.72,1,0.0,4738.72,2071.37,South,Bengaluru,UPI
ORD102462,2024-04-08,CUST00386,41.0,Male,Small Business,Home & Kitchen,Ceramic Mug Set,2338.32,1,0.05,2221.4,489.59,North,Chandigarh,Credit Card
ORD103063,2024-04-08,CUST00051,18.0,Male,Consumer,Electronics,Webcam,8572.9,1,0.05,8144.25,3132.33,North,Delhi,
ORD100081,2024-04-08,CUST01488,42.0,Male,Consumer,Clothing,Sports Cap,640.13,1,0.05,608.12,143.71,Central,Bhopal,
ORD106030,2024-04-08,CUST00212,30.0,Female,Consumer,Clothing,Summer Dress,1183.82,1,0.0,1183.82,415.79,South,Bengaluru,Credit Card
ORD106148,2024-04-09,CUST00713,,Male,Consumer,Clothing,Winter Jacket,508.5,2,0.0,1017.0,255.8,East,Bhubaneswar,UPI
ORD103427,2024-04-09,CUST01482,25.0,Male,Consumer,Home & Kitchen,Storage Rack,1689.36,2,0.0,3378.72,1388.79,West,Surat,UPI
ORD100912,2024-04-09,CUST00825,34.0,Female,Corporate,Clothing,Men's T-Shirt,2368.87,1,0.15,2013.54,152.68,West,Pune,Cash on Delivery
ORD101818,2024-04-09,CUST01235,46.0,Female,Corporate,Electronics,Smartwatch,8185.06,1,0.1,7366.55,1275.65,South,Hyderabad,UPI
ORD102585,2024-04-09,CUST00615,23.0,Male,Corporate,Beauty & Personal Care,Perfume,358.25,1,0.2,286.6,8.18,South,Kochi,Debit Card
ORD103003,2024-04-09,CUST00293,21.0,Female,Small Business,Beauty & Personal Care,Hair Dryer,1265.74,1,0.05,1202.45,271.5,East,Bhubaneswar,Debit Card
ORD100749,2024-04-09,CUST00134,47.0,Male,Small Business,Sports & Outdoors,Football,3679.85,1,0.0,3679.85,1450.86,West,Mumbai,Net Banking
ORD101043,2024-04-10,CUST00117,41.0,Female,Consumer,Electronics,Wireless Earbuds,5516.57,1,0.0,5516.57,2229.19,South,Kochi,Credit Card
ORD100349,2024-04-10,CUST01925,38.0,Female,Consumer,Books & Stationery,Desk Organizer,894.7,1,0.1,805.23,132.39,West,Ahmedabad,Debit Card
ORD101245,2024-04-10,CUST00743,29.0,Female,Consumer,Electronics,Power Bank,5737.37,1,0.05,5450.5,1599.95,West,Ahmedabad,Cash on Delivery
ORD104357,2024-04-10,CUST00898,30.0,Female,Consumer,Clothing,Women's Jeans,1499.73,1,0.1,1349.76,496.95,North,Delhi,Net Banking
ORD105648,2024-04-10,CUST00658,32.0,Male,Consumer,Furniture,Bookshelf,13499.41,2,0.0,26998.82,8287.69,East,Patna,Credit Card
ORD104860,2024-04-10,CUST01021,29.0,Male,Consumer,Beauty & Personal Care,Lipstick,1476.09,1,0.0,1476.09,306.36,North,Chandigarh,UPI
ORD106171,2024-04-10,CUST00271,42.0,Female,Corporate,Clothing,Running Shoes,302.7,3,0.0,908.1,258.13,Central,Raipur,UPI
ORD104082,2024-04-10,CUST01808,,Female,Consumer,Sports & Outdoors,Cricket Bat,2688.78,1,0.0,2688.78,1101.79,North,Lucknow,Cash on Delivery
ORD104513,2024-04-10,CUST01702,32.0,Female,Small Business,Home & Kitchen,Storage Rack,491.02,1,0.15,417.37,30.35,West,Mumbai,Credit Card
ORD102457,2024-04-10,CUST01542,38.0,Female,Corporate,Clothing,Summer Dress,2010.72,1,0.0,2010.72,689.6,Central,Bhopal,Net Banking
ORD105544,2024-04-10,CUST00466,25.0,Male,Consumer,Home & Kitchen,Storage Rack,1490.22,1,0.15,1266.69,119.3,East,Bhubaneswar,Credit Card
ORD105881,2024-04-11,CUST00357,34.0,Female,Consumer,Books & Stationery,Notebook Pack,517.8,1,0.15,440.13,30.58,Central,Raipur,Credit Card
ORD105776,2024-04-11,CUST00684,46.0,Female,Consumer,Books & Stationery,Fiction Novel,610.9,1,0.05,580.35,225.35,East,Kolkata,UPI
ORD103629,2024-04-11,CUST00182,25.0,Female,Consumer,Beauty & Personal Care,Sunscreen SPF50,1078.99,2,0.1,1942.18,724.71,West,Pune,Debit Card
ORD106008,2024-04-11,CUST02041,32.0,Male,Consumer,Sports & Outdoors,Camping Tent,434.15,1,0.15,369.03,107.08,East,Patna,Cash on Delivery
ORD102514,2024-04-11,CUST01316,18.0,Female,Small Business,Electronics,Laptop Stand,4693.59,2,0.1,8448.46,1243.47,West,Mumbai,Cash on Delivery
ORD105872,2024-04-12,CUST01287,37.0,Female,Consumer,Clothing,Women's Jeans,602.21,1,0.0,602.21,138.68,West,Ahmedabad,Net Banking
ORD105659,2024-04-12,CUST01929,18.0,Female,Consumer,Furniture,Office Chair,2288.13,1,0.05,2173.72,503.96,North,Delhi,Debit Card
ORD101059,2024-04-12,CUST01035,43.0,Male,Consumer,Clothing,Formal Shirt,2582.93,2,0.15,4390.98,1236.6,East,Bhubaneswar,Credit Card
ORD100483,2024-04-12,CUST01451,22.0,Male,Small Business,Beauty & Personal Care,Perfume,1732.87,1,0.0,1732.87,570.3,South,Hyderabad,Debit Card
ORD106225,2024-04-12,CUST02026,24.0,Female,Corporate,Clothing,Sports Cap,2696.95,1,0.0,2696.95,1147.27,West,Ahmedabad,UPI
ORD103268,2024-04-12,CUST01075,21.0,Male,Consumer,Electronics,Laptop Stand,2914.68,1,0.1,2623.21,545.65,North,Jaipur,UPI
ORD104854,2024-04-12,CUST01219,34.0,Male,Consumer,Furniture,Study Table,6003.16,1,0.1,5402.84,1511.89,North,Lucknow,Debit Card
ORD100752,2024-04-12,CUST01558,34.0,Female,Consumer,Home & Kitchen,Water Bottle,473.62,1,0.0,473.62,114.48,South,Kochi,UPI
ORD100612,2024-04-12,CUST01323,37.0,Male,Consumer,Clothing,Men's T-Shirt,2353.63,2,0.2,3765.81,1137.02,South,Chennai,UPI
ORD103888,2024-04-13,CUST01754,36.0,Female,Consumer,Electronics,Webcam,2008.04,1,0.05,1907.64,477.74,East,Bhubaneswar,Net Banking
ORD100480,2024-04-13,CUST01753,18.0,Male,Small Business,Electronics,Webcam,3247.78,1,0.15,2760.61,372.04,Central,Nagpur,UPI
ORD106385,2024-04-13,CUST01081,35.0,Female,Consumer,Sports & Outdoors,Camping Tent,3650.55,1,0.1,3285.5,800.59,West,Ahmedabad,Net Banking
ORD105808,2024-04-13,CUST00137,38.0,Female,Consumer,Furniture,Bean Bag,11205.44,1,0.1,10084.9,3477.04,West,Ahmedabad,Debit Card
ORD105736,2024-04-13,CUST00002,35.0,Female,Consumer,Books & Stationery,Sketch Pens,629.2,1,0.05,597.74,97.69,Central,Raipur,
ORD102600,2024-04-13,CUST01127,37.0,Male,Corporate,Clothing,Summer Dress,2452.1,1,0.0,2452.1,913.35,South,Kochi,UPI
ORD100382,2024-04-13,CUST01289,26.0,Other,Consumer,Electronics,Laptop Stand,8233.96,1,0.2,6587.17,466.24,West,Mumbai,UPI
ORD100229,2024-04-14,CUST00677,54.0,Female,Corporate,Home & Kitchen,Bedsheet Set,399.06,1,0.25,299.3,-14.89,North,Chandigarh,Debit Card
ORD102762,2024-04-14,CUST01920,34.0,Male,Consumer,Electronics,Power Bank,5583.08,2,0.1,10049.54,3637.5,West,Surat,Net Banking
ORD104307,2024-04-14,CUST00157,40.0,Male,Consumer,Books & Stationery,Notebook Pack,521.34,1,0.0,521.34,110.42,West,Mumbai,Debit Card
ORD105839,2024-04-14,CUST01702,32.0,Female,Small Business,Beauty & Personal Care,Perfume,528.99,1,0.05,502.54,134.49,West,Ahmedabad,UPI
ORD103150,2024-04-14,CUST00061,36.0,Male,Corporate,Home & Kitchen,Air Fryer,1081.38,5,0.1,4866.21,1385.93,North,Delhi,Cash on Delivery
ORD105115,2024-04-14,CUST01638,18.0,Female,Consumer,Electronics,Wireless Earbuds,2456.51,1,0.1,2210.86,518.32,East,Kolkata,Net Banking
ORD105756,2024-04-14,CUST01609,39.0,Male,Consumer,Clothing,Summer Dress,1334.74,1,0.0,1334.74,291.74,East,Kolkata,Cash on Delivery
ORD105900,2024-04-15,CUST01684,38.0,Female,Consumer,Home & Kitchen,Non-Stick Pan,899.52,1,0.0,899.52,296.21,South,Bengaluru,Cash on Delivery
ORD104679,2024-04-15,CUST01067,44.0,Female,Small Business,Clothing,Formal Shirt,2964.48,1,0.15,2519.81,169.23,West,Mumbai,Debit Card
ORD104349,2024-04-15,CUST01812,29.0,Male,Corporate,Clothing,Sports Cap,431.84,1,0.1,388.66,91.64,North,Chandigarh,UPI
ORD105499,2024-04-15,CUST00361,38.0,Male,Corporate,Electronics,USB-C Cable,8956.49,1,0.05,8508.67,2924.12,East,Bhubaneswar,Debit Card
ORD103249,2024-04-15,CUST01923,21.0,Male,Consumer,Clothing,Men's T-Shirt,1184.83,1,0.0,1184.83,240.73,East,Kolkata,UPI
ORD104100,2024-04-15,CUST00827,42.0,Female,Corporate,Sports & Outdoors,Football,3368.03,1,0.1,3031.23,995.27,East,Kolkata,Cash on Delivery
ORD100161,2024-04-15,CUST00560,47.0,Female,Consumer,Clothing,Running Shoes,1600.98,1,0.2,1280.78,281.41,Central,Nagpur,Credit Card
ORD103029,2024-04-15,CUST01946,18.0,Male,Consumer,Books & Stationery,Sketch Pens,275.62,1,0.0,275.62,91.32,South,Bengaluru,Cash on Delivery
ORD100839,2024-04-15,CUST01574,47.0,Male,Consumer,Beauty & Personal Care,Perfume,540.74,3,0.0,1622.22,364.3,North,Chandigarh,UPI
ORD101172,2024-04-15,CUST01494,18.0,Other,Consumer,Clothing,Men's T-Shirt,1463.69,2,0.1,2634.64,450.19,North,Jaipur,Cash on Delivery
ORD101363,2024-04-15,CUST01913,25.0,Male,Consumer,Sports & Outdoors,Camping Tent,6718.02,2,0.0,13436.04,4949.53,East,Patna,UPI
ORD100414,2024-04-15,CUST01706,21.0,Female,Consumer,Furniture,Bean Bag,4887.13,1,0.0,4887.13,2197.05,North,Jaipur,Credit Card
ORD102265,2024-04-15,CUST01540,20.0,Female,Consumer,Electronics,Webcam,3954.39,2,0.0,7908.78,3198.99,South,Chennai,UPI
ORD100114,2024-04-16,CUST01787,46.0,Female,Corporate,Home & Kitchen,Non-Stick Pan,817.27,1,0.1,735.54,85.09,South,Bengaluru,UPI
ORD102630,2024-04-16,CUST01605,24.0,Female,Consumer,Books & Stationery,Fiction Novel,636.65,2,0.25,954.97,141.39,South,Hyderabad,Cash on Delivery
ORD105770,2024-04-16,CUST01085,35.0,Male,Consumer,Electronics,Laptop Stand,4540.66,2,0.1,8173.19,1723.89,West,Pune,Cash on Delivery
ORD101549,2024-04-16,CUST00911,18.0,Female,Corporate,Home & Kitchen,Mixer Grinder,4475.18,1,0.25,3356.38,-210.42,Central,Raipur,Debit Card
ORD103342,2024-04-16,CUST00704,31.0,Male,Consumer,Books & Stationery,Sketch Pens,961.51,2,0.05,1826.87,712.33,South,Bengaluru,Cash on Delivery
ORD101182,2024-04-16,CUST01344,34.0,Male,Corporate,Sports & Outdoors,Football,6526.25,1,0.0,6526.25,1935.35,East,Patna,Credit Card
ORD100584,2024-04-16,CUST00684,46.0,Female,Consumer,Electronics,Smartwatch,8198.38,1,0.25,6148.78,67.21,Central,Bhopal,UPI
ORD100193,2024-04-16,CUST01744,38.0,Male,Consumer,Sports & Outdoors,Camping Tent,2125.69,3,0.05,6058.22,1173.2,North,Delhi,Debit Card
ORD104185,2024-04-16,CUST00248,38.0,Female,Corporate,Furniture,Bookshelf,10640.29,1,0.15,9044.25,736.97,South,Bengaluru,UPI
ORD101174,2024-04-17,CUST01925,38.0,Female,Consumer,Clothing,Running Shoes,1478.85,1,0.1,1330.96,371.1,North,Chandigarh,UPI
ORD102822,2024-04-17,CUST00756,41.0,Male,Small Business,Electronics,Power Bank,4717.41,1,0.2,3773.93,660.35,South,Hyderabad,UPI
ORD104133,2024-04-17,CUST01482,25.0,Male,Consumer,Books & Stationery,Desk Organizer,970.14,1,0.05,921.63,323.12,East,Patna,Credit Card
ORD102166,2024-04-17,CUST01419,29.0,Male,Consumer,Furniture,Bean Bag,5300.26,1,0.05,5035.25,1891.53,South,Hyderabad,UPI
ORD102278,2024-04-17,CUST01440,50.0,Female,Corporate,Clothing,Men's T-Shirt,1854.13,1,0.2,1483.3,150.18,South,Hyderabad,Debit Card
ORD100162,2024-04-17,CUST00118,44.0,Female,Corporate,Clothing,Running Shoes,2193.32,1,0.05,2083.65,460.48,North,Jaipur,Cash on Delivery
ORD100928,2024-04-17,CUST01562,18.0,Male,Corporate,Home & Kitchen,Water Bottle,3724.84,1,0.0,3724.84,1122.1,Central,Nagpur,UPI
ORD105013,2024-04-18,CUST01794,36.0,Male,Small Business,Electronics,USB-C Cable,4845.97,1,0.1,4361.37,1635.35,East,Kolkata,Cash on Delivery
ORD103887,2024-04-18,CUST01903,37.0,Female,Consumer,Furniture,Bookshelf,4193.9,1,0.15,3564.81,302.77,North,Lucknow,Cash on Delivery
ORD100346,2024-04-18,CUST00222,18.0,Female,Corporate,Furniture,Bean Bag,7718.44,1,0.2,6174.75,878.33,Central,Bhopal,UPI
ORD102126,2024-04-18,CUST00096,31.0,Male,Consumer,Beauty & Personal Care,Hair Dryer,1173.23,1,0.0,1173.23,346.68,East,Kolkata,Debit Card
ORD104799,2024-04-18,CUST00711,49.0,Male,Consumer,Clothing,Men's T-Shirt,2591.5,1,0.2,2073.2,542.12,North,Delhi,Debit Card
ORD104957,2024-04-18,CUST02013,48.0,Male,Corporate,Beauty & Personal Care,Hair Dryer,475.08,2,0.1,855.14,127.11,South,Kochi,Debit Card
ORD102097,2024-04-18,CUST01235,46.0,Female,Corporate,Clothing,Sports Cap,2874.98,1,0.0,2874.98,1267.82,South,Kochi,UPI
ORD101298,2024-04-19,CUST01448,35.0,Female,Corporate,Sports & Outdoors,Football,5837.98,2,0.0,11675.96,2461.77,North,Delhi,Net Banking
ORD103365,2024-04-19,CUST01755,33.0,Male,Consumer,Books & Stationery,Desk Organizer,602.71,2,0.1,1084.88,274.56,South,Bengaluru,Credit Card
ORD101786,2024-04-19,CUST01642,52.0,Male,Consumer,Home & Kitchen,LED Table Lamp,2129.28,3,0.05,6068.45,1699.67,West,Surat,Credit Card
ORD101958,2024-04-19,CUST01251,34.0,Male,Small Business,Electronics,Smartphone Case,6590.11,1,0.05,6260.6,1299.87,Central,Nagpur,UPI
ORD102749,2024-04-19,CUST01624,43.0,Female,Consumer,Beauty & Personal Care,Perfume,393.93,1,0.15,334.84,113.86,West,Mumbai,UPI
ORD104865,2024-04-19,CUST00789,24.0,Female,Consumer,Clothing,Summer Dress,1518.94,1,0.05,1442.99,300.22,North,Jaipur,Credit Card
ORD102350,2024-04-19,CUST01335,20.0,Male,Corporate,Clothing,Formal Shirt,1632.33,1,0.2,1305.86,272.4,East,Patna,Debit Card
ORD101882,2024-04-19,CUST00854,23.0,Female,Consumer,Furniture,Bean Bag,11130.01,1,0.0,11130.01,4667.83,North,Lucknow,Cash on Delivery
ORD103462,2024-04-19,CUST00746,37.0,Male,Corporate,Electronics,Wireless Earbuds,5209.8,1,0.15,4428.33,588.59,South,Hyderabad,Cash on Delivery
ORD100101,2024-04-19,CUST01910,18.0,Male,Consumer,Home & Kitchen,Air Fryer,3035.3,2,0.1,5463.54,769.14,East,Kolkata,UPI
ORD102328,2024-04-19,CUST01139,35.0,Female,Small Business,Electronics,Smartphone Case,8124.4,1,0.1,7311.96,2153.41,West,Mumbai,UPI
ORD100087,2024-04-20,CUST00948,52.0,Other,Consumer,Books & Stationery,Notebook Pack,932.88,1,0.0,932.88,395.54,West,Pune,Cash on Delivery
ORD101783,2024-04-20,CUST00786,47.0,Female,Corporate,Books & Stationery,Desk Organizer,194.97,1,0.2,155.98,34.11,South,Kochi,Debit Card
ORD104214,2024-04-20,CUST01433,,Female,Consumer,Sports & Outdoors,Camping Tent,4699.35,1,0.15,3994.45,852.82,East,Patna,Cash on Delivery
ORD106138,2024-04-20,CUST01639,38.0,Male,Small Business,Beauty & Personal Care,Hair Dryer,1075.15,1,0.0,1075.15,450.19,North,Chandigarh,Net Banking
ORD105826,2024-04-20,CUST00100,29.0,Female,Corporate,Clothing,Women's Jeans,1101.38,3,0.15,2808.52,816.18,West,Mumbai,Cash on Delivery
ORD102399,2024-04-20,CUST01474,19.0,Male,Corporate,Electronics,USB-C Cable,4619.13,1,0.15,3926.26,764.88,West,Pune,Debit Card
ORD103110,2024-04-20,CUST02027,41.0,Female,Consumer,Electronics,Smartphone Case,3539.73,5,0.25,13273.99,-96.31,South,Bengaluru,Cash on Delivery
ORD100303,2024-04-20,CUST00434,22.0,Male,Consumer,Clothing,Summer Dress,464.01,1,0.05,440.81,131.13,South,Bengaluru,Credit Card
ORD106269,2024-04-21,CUST00172,41.0,Female,Consumer,Clothing,Running Shoes,1847.05,1,0.05,1754.7,357.72,East,Kolkata,Cash on Delivery
ORD105559,2024-04-21,CUST01385,43.0,Male,Corporate,Books & Stationery,Planner Diary,488.61,1,0.0,488.61,197.31,North,Lucknow,Net Banking
ORD101225,2024-04-21,CUST02073,18.0,Female,Consumer,Home & Kitchen,Bedsheet Set,5828.72,1,0.0,5828.72,2573.19,North,Delhi,UPI
ORD105526,2024-04-21,CUST00956,47.0,Male,Corporate,Books & Stationery,Desk Organizer,207.09,1,0.1,186.38,37.98,South,Chennai,Cash on Delivery
ORD101428,2024-04-21,CUST00803,38.0,Female,Consumer,Beauty & Personal Care,Face Wash,1192.83,1,0.1,1073.55,134.98,North,Lucknow,Net Banking
ORD106034,2024-04-21,CUST01338,20.0,Male,Consumer,Books & Stationery,Desk Organizer,312.64,1,0.0,312.64,79.77,East,Patna,Debit Card
ORD105672,2024-04-22,CUST00309,27.0,Female,Consumer,Furniture,Coffee Table,4798.63,1,0.2,3838.9,952.98,Central,Nagpur,Cash on Delivery
ORD102575,2024-04-22,CUST00348,32.0,Female,Small Business,Clothing,Women's Jeans,2147.18,2,0.1,3864.92,1135.6,South,Kochi,UPI
ORD105589,2024-04-23,CUST00641,33.0,Female,Consumer,Sports & Outdoors,Yoga Mat,428.62,1,0.0,428.62,141.53,West,Pune,Debit Card
ORD104014,2024-04-23,CUST00659,40.0,Female,Small Business,Clothing,Running Shoes,955.49,1,0.15,812.17,198.72,North,Lucknow,UPI
ORD100779,2024-04-23,CUST00485,53.0,Male,Consumer,Home & Kitchen,Mixer Grinder,2885.54,2,0.2,4616.86,491.54,West,Mumbai,Cash on Delivery
ORD100591,2024-04-23,CUST00082,22.0,Male,Consumer,Sports & Outdoors,Camping Tent,2802.9,1,0.15,2382.46,805.4,East,Patna,Debit Card
ORD101682,2024-04-23,CUST01026,25.0,Female,Consumer,Furniture,Office Chair,1693.44,3,0.0,5080.32,1234.44,Central,Bhopal,Credit Card
ORD102811,2024-04-23,CUST00549,34.0,Female,Small Business,Clothing,Women's Jeans,527.95,1,0.25,395.96,6.97,East,Bhubaneswar,Credit Card
ORD104227,2024-04-23,CUST01888,30.0,Female,Consumer,Clothing,Men's T-Shirt,567.62,1,0.15,482.48,156.18,South,Hyderabad,UPI
ORD101706,2024-04-23,CUST00370,32.0,Male,Consumer,Sports & Outdoors,Dumbbell Set,5117.66,1,0.05,4861.78,901.82,West,Pune,Debit Card
ORD101956,2024-04-24,CUST01007,34.0,Female,Consumer,Home & Kitchen,Ceramic Mug Set,5298.69,2,0.1,9537.64,3440.02,South,Bengaluru,Debit Card
ORD104413,2024-04-24,CUST00607,31.0,Male,Consumer,Clothing,Sports Cap,751.16,1,0.0,751.16,236.14,West,Ahmedabad,Net Banking
ORD101577,2024-04-24,CUST01064,45.0,Female,Consumer,Electronics,Wireless Earbuds,5827.7,1,0.0,5827.7,1542.67,South,Bengaluru,Credit Card
ORD100355,2024-04-24,CUST00239,18.0,Female,Corporate,Furniture,Office Chair,4511.05,1,0.0,4511.05,1504.08,South,Hyderabad,UPI
ORD100200,2024-04-24,CUST00314,27.0,Female,Consumer,Clothing,Summer Dress,1818.02,1,0.0,1818.02,690.32,East,Bhubaneswar,UPI
ORD101928,2024-04-24,CUST01907,23.0,Male,Corporate,Electronics,Webcam,8217.51,3,0.15,20954.65,6104.03,West,Mumbai,Cash on Delivery
ORD103027,2024-04-24,CUST00426,32.0,Male,Consumer,Electronics,Wireless Earbuds,6066.91,2,0.25,9100.36,-222.47,Central,Nagpur,UPI
ORD104875,2024-04-25,CUST00384,35.0,Male,Consumer,Clothing,Men's T-Shirt,2397.21,1,0.0,2397.21,647.06,East,Kolkata,UPI
ORD105202,2024-04-25,CUST00204,28.0,Female,Small Business,Clothing,Winter Jacket,1193.1,1,0.1,1073.79,304.02,North,Chandigarh,Net Banking
ORD106191,2024-04-25,CUST00895,38.0,Other,Consumer,Beauty & Personal Care,Trimmer,992.38,1,0.05,942.76,370.67,South,Hyderabad,UPI
ORD100361,2024-04-25,CUST02035,33.0,Female,Consumer,Home & Kitchen,Non-Stick Pan,1026.33,2,0.15,1744.76,248.64,Central,Bhopal,Credit Card
ORD102177,2024-04-25,CUST01834,46.0,Female,Corporate,Beauty & Personal Care,Face Wash,591.44,1,0.2,473.15,29.34,North,Delhi,Net Banking
ORD105725,2024-04-25,CUST00045,19.0,Female,Consumer,Beauty & Personal Care,Perfume,223.72,1,0.1,201.35,45.03,West,Pune,Net Banking
ORD101315,2024-04-25,CUST00952,19.0,Male,Small Business,Books & Stationery,Fiction Novel,161.73,1,0.05,153.64,45.53,East,Kolkata,Debit Card
ORD102670,2024-04-26,CUST00506,35.0,Female,Corporate,Furniture,Wardrobe,10083.22,1,0.0,10083.22,3874.38,West,Surat,Credit Card
ORD101824,2024-04-26,CUST00029,33.0,Female,Consumer,Electronics,Smartwatch,6420.91,1,0.2,5136.73,1259.21,East,Patna,Credit Card
ORD100872,2024-04-26,CUST00342,30.0,Female,Consumer,Clothing,Sports Cap,2498.18,2,0.15,4246.91,1372.6,West,Mumbai,Cash on Delivery
ORD102643,2024-04-26,CUST00157,40.0,Male,Consumer,Electronics,Laptop Stand,1442.14,1,0.0,1442.14,623.43,North,Jaipur,UPI
ORD106236,2024-04-26,CUST02003,48.0,Male,Consumer,Electronics,Power Bank,1140.14,1,0.0,1140.14,404.24,East,Patna,UPI
ORD103595,2024-04-26,CUST00871,20.0,Male,Small Business,Home & Kitchen,Non-Stick Pan,1167.8,1,0.0,1167.8,311.77,North,Chandigarh,UPI
ORD104333,2024-04-26,CUST00712,20.0,Male,Small Business,Sports & Outdoors,Dumbbell Set,1468.64,1,0.15,1248.34,279.1,North,Lucknow,UPI
ORD105519,2024-04-26,CUST00360,35.0,Female,Consumer,Sports & Outdoors,Yoga Mat,5577.36,1,0.15,4740.76,1529.73,West,Surat,Credit Card
ORD104579,2024-04-27,CUST00183,23.0,Other,Small Business,Home & Kitchen,Non-Stick Pan,4495.74,1,0.0,4495.74,1830.11,West,Ahmedabad,UPI
ORD100658,2024-04-27,CUST01478,33.0,Male,Corporate,Beauty & Personal Care,Hair Dryer,368.85,1,0.0,368.85,164.61,West,Pune,UPI
ORD104392,2024-04-27,CUST00035,18.0,Female,Corporate,Clothing,Formal Shirt,450.89,1,0.05,428.35,137.99,East,Patna,Credit Card
ORD105980,2024-04-27,CUST00196,45.0,Male,Consumer,Sports & Outdoors,Dumbbell Set,2383.55,1,0.25,1787.66,146.72,East,Patna,Debit Card
ORD102398,2024-04-27,CUST01748,19.0,Female,Small Business,Books & Stationery,Desk Organizer,764.04,1,0.0,764.04,190.38,South,Hyderabad,UPI
ORD105573,2024-04-27,CUST00666,37.0,Female,Corporate,Books & Stationery,Notebook Pack,280.34,1,0.05,266.32,101.1,North,Chandigarh,Debit Card
ORD106341,2024-04-27,CUST01821,43.0,Male,Corporate,Electronics,Webcam,4310.58,1,0.1,3879.52,1440.37,West,Ahmedabad,Credit Card
ORD104832,2024-04-27,CUST01562,18.0,Male,Corporate,Books & Stationery,Sketch Pens,542.46,1,0.1,488.21,174.01,West,Ahmedabad,Debit Card
ORD104595,2024-04-27,CUST01498,26.0,Female,Consumer,Furniture,Bookshelf,11637.32,1,0.15,9891.72,1540.68,North,Delhi,Cash on Delivery
ORD100174,2024-04-27,CUST01043,38.0,Female,Corporate,Books & Stationery,Notebook Pack,559.4,1,0.05,531.43,165.23,North,Jaipur,Net Banking
ORD104628,2024-04-27,CUST01496,38.0,Female,Consumer,Home & Kitchen,Water Bottle,4282.15,1,0.1,3853.94,438.68,South,Kochi,UPI
ORD101849,2024-04-27,CUST00707,43.0,Female,Small Business,Electronics,Wireless Earbuds,2150.95,1,0.1,1935.85,538.46,North,Chandigarh,Net Banking
ORD105689,2024-04-27,CUST01197,48.0,Female,Corporate,Electronics,USB-C Cable,6232.48,1,0.2,4985.98,1533.58,South,Hyderabad,UPI
ORD100238,2024-04-27,CUST00144,48.0,Female,Consumer,Electronics,Laptop Stand,3954.66,1,0.25,2966.0,-53.58,Central,Bhopal,Credit Card
ORD105574,2024-04-28,CUST01084,44.0,Female,Corporate,Electronics,Wireless Earbuds,7998.72,1,0.1,7198.85,2214.58,Central,Bhopal,UPI
ORD105522,2024-04-28,CUST01863,33.0,Female,Consumer,Home & Kitchen,Ceramic Mug Set,2250.41,1,0.0,2250.41,831.95,West,Mumbai,UPI
ORD101516,2024-04-28,CUST01680,23.0,Female,Corporate,Home & Kitchen,Ceramic Mug Set,519.32,1,0.0,519.32,186.43,North,Jaipur,UPI
ORD102716,2024-04-28,CUST00475,32.0,Male,Consumer,Electronics,Bluetooth Speaker,3104.79,5,0.0,15523.95,6940.28,South,Hyderabad,UPI
ORD106472,2024-04-28,CUST00083,34.0,Male,Consumer,Sports & Outdoors,Cricket Bat,1542.52,1,0.2,1234.02,373.1,West,Mumbai,Cash on Delivery
ORD104709,2024-04-29,CUST01031,23.0,Female,Corporate,Clothing,Summer Dress,2246.16,2,0.25,3369.24,514.33,North,Jaipur,UPI
ORD105384,2024-04-29,CUST01316,18.0,Female,Small Business,Home & Kitchen,Storage Rack,1308.23,1,0.0,1308.23,315.86,West,Mumbai,UPI
ORD103459,2024-04-29,CUST00697,47.0,Other,Consumer,Home & Kitchen,Storage Rack,3136.12,1,0.0,3136.12,1385.8,South,Bengaluru,Credit Card
ORD104270,2024-04-29,CUST01441,31.0,Female,Corporate,Electronics,Webcam,7027.2,2,0.0,14054.4,4872.75,North,Chandigarh,Debit Card
ORD104266,2024-04-29,CUST01410,23.0,Male,Consumer,Home & Kitchen,Mixer Grinder,3341.77,1,0.15,2840.5,373.6,South,Bengaluru,UPI
ORD105146,2024-04-29,CUST00418,29.0,Male,Consumer,Home & Kitchen,Ceramic Mug Set,4724.46,1,0.05,4488.24,1854.2,Central,Raipur,UPI
ORD103064,2024-04-29,CUST01004,37.0,Female,Consumer,Electronics,Wireless Earbuds,729.75,1,0.1,656.78,182.71,West,Mumbai,Debit Card
ORD106000,2024-04-29,CUST01807,33.0,Female,Consumer,Home & Kitchen,Storage Rack,5983.1,1,0.05,5683.94,1816.9,West,Mumbai,Cash on Delivery
ORD106318,2024-04-29,CUST00794,47.0,Female,Corporate,Clothing,Men's T-Shirt,402.36,1,0.0,402.36,115.49,South,Bengaluru,UPI
ORD105923,2024-04-29,CUST01432,41.0,Male,Corporate,Clothing,Winter Jacket,2044.77,1,0.05,1942.53,389.53,West,Pune,UPI
ORD104993,2024-04-29,CUST01523,36.0,Female,Small Business,Home & Kitchen,Water Bottle,5041.78,1,0.1,4537.6,1582.92,East,Patna,UPI
ORD102579,2024-04-29,CUST00299,41.0,Male,Corporate,Home & Kitchen,Air Fryer,1357.37,2,0.2,2171.79,378.79,South,Chennai,UPI
ORD103296,2024-04-29,CUST01133,30.0,Male,Consumer,Furniture,Office Chair,11406.27,4,0.15,38781.32,10287.62,East,Kolkata,Cash on Delivery
ORD105541,2024-04-30,CUST00986,,Male,Consumer,Electronics,Smartphone Case,8397.36,1,0.05,7977.49,1839.08,North,Jaipur,Cash on Delivery
ORD103445,2024-04-30,CUST00822,18.0,Female,Consumer,Sports & Outdoors,Camping Tent,2357.93,1,0.1,2122.14,765.29,North,Delhi,UPI
ORD100461,2024-04-30,CUST00638,35.0,Male,Consumer,Clothing,Formal Shirt,978.53,1,0.0,978.53,271.37,Central,Bhopal,Debit Card
ORD104547,2024-04-30,CUST01380,47.0,Female,Corporate,Electronics,USB-C Cable,3046.96,2,0.2,4875.14,409.76,South,Kochi,Cash on Delivery
ORD101091,2024-04-30,CUST01296,48.0,Female,Consumer,Books & Stationery,Desk Organizer,252.81,1,0.1,227.53,46.63,West,Pune,Cash on Delivery
ORD100218,2024-04-30,CUST00037,34.0,Male,Consumer,Electronics,Laptop Stand,727.04,2,0.15,1235.97,292.62,East,Patna,Debit Card
ORD103155,2024-04-30,CUST01699,27.0,Female,Consumer,Books & Stationery,Sketch Pens,210.47,3,0.05,599.84,237.8,East,Patna,Credit Card
ORD104145,2024-04-30,CUST00810,47.0,Female,Small Business,Books & Stationery,Planner Diary,533.88,1,0.0,533.88,153.49,East,Kolkata,Debit Card
ORD105576,2024-05-01,CUST02058,34.0,Female,Consumer,Clothing,Sports Cap,2441.99,1,0.25,1831.49,208.56,Central,Bhopal,UPI
ORD106342,2024-05-01,CUST01882,48.0,Female,Small Business,Sports & Outdoors,Football,407.94,4,0.0,1631.76,617.01,East,Bhubaneswar,Credit Card
ORD102058,2024-05-01,CUST00592,40.0,Female,Small Business,Home & Kitchen,Non-Stick Pan,2615.24,2,0.2,4184.38,103.53,West,Surat,UPI
ORD106237,2024-05-01,CUST01711,18.0,Female,Consumer,Clothing,Summer Dress,2968.47,1,0.15,2523.2,749.19,Central,Bhopal,Credit Card
ORD101611,2024-05-01,CUST00793,21.0,Male,Small Business,Electronics,USB-C Cable,4640.83,1,0.2,3712.66,789.0,North,Lucknow,Net Banking
ORD100277,2024-05-01,CUST00135,25.0,Male,Consumer,Electronics,Power Bank,8046.85,2,0.05,15289.02,5278.99,South,Chennai,UPI
ORD101335,2024-05-01,CUST01560,28.0,Other,Consumer,Home & Kitchen,LED Table Lamp,4840.97,1,0.1,4356.87,1185.04,Central,Bhopal,Net Banking
ORD106203,2024-05-01,CUST01053,43.0,Male,Small Business,Beauty & Personal Care,Lipstick,1360.34,1,0.15,1156.29,241.61,East,Bhubaneswar,UPI
ORD101709,2024-05-01,CUST01587,37.0,Female,Corporate,Furniture,Bean Bag,13376.05,2,0.2,21401.68,93.94,West,Mumbai,Credit Card
ORD100942,2024-05-02,CUST02052,29.0,Female,Consumer,Electronics,Power Bank,5807.46,1,0.0,5807.46,2296.76,South,Chennai,Debit Card
ORD102667,2024-05-02,CUST00290,29.0,Male,Consumer,Home & Kitchen,Bedsheet Set,1569.55,1,0.0,1569.55,627.95,North,Jaipur,Debit Card
ORD101461,2024-05-02,CUST00698,27.0,Male,Consumer,Beauty & Personal Care,Hair Dryer,1905.25,1,0.0,1905.25,508.79,North,Chandigarh,Debit Card
ORD102160,2024-05-02,CUST01855,48.0,Male,Consumer,Clothing,Kids Hoodie,1943.03,1,0.1,1748.73,554.1,South,Bengaluru,Cash on Delivery
ORD101234,2024-05-02,CUST01598,28.0,Female,Small Business,Sports & Outdoors,Football,3905.07,1,0.1,3514.56,593.32,West,Ahmedabad,UPI
ORD100212,2024-05-02,CUST00445,28.0,Male,Consumer,Furniture,Coffee Table,7984.36,4,0.0,31937.44,9196.23,South,Bengaluru,Debit Card
ORD102184,2024-05-03,CUST00658,32.0,Male,Consumer,Beauty & Personal Care,Perfume,1627.7,2,0.15,2767.09,611.97,South,Bengaluru,Credit Card
ORD102273,2024-05-03,CUST01786,26.0,Female,Consumer,Beauty & Personal Care,Sunscreen SPF50,887.11,1,0.0,887.11,336.1,South,Chennai,UPI
ORD102370,2024-05-03,CUST00874,21.0,Female,Corporate,Home & Kitchen,Storage Rack,4255.07,1,0.2,3404.06,1037.82,South,Hyderabad,Debit Card
ORD105780,2024-05-03,CUST01423,40.0,Female,Corporate,Clothing,Running Shoes,1146.44,1,0.1,1031.8,196.49,Central,Bhopal,UPI
ORD106275,2024-05-03,CUST01033,18.0,Female,Consumer,Electronics,Webcam,3663.67,1,0.1,3297.3,1180.14,East,Kolkata,Net Banking
ORD100886,2024-05-03,CUST00140,46.0,Female,Corporate,Home & Kitchen,Air Fryer,5243.1,1,0.15,4456.64,436.04,East,Patna,UPI
ORD102114,2024-05-04,CUST01276,29.0,Male,Consumer,Books & Stationery,Planner Diary,838.9,1,0.0,838.9,294.0,Central,Nagpur,UPI
ORD102893,2024-05-04,CUST00129,21.0,Male,Corporate,Clothing,Women's Jeans,2005.99,1,0.15,1705.09,435.3,Central,Nagpur,UPI
ORD103339,2024-05-04,CUST00609,30.0,Female,Small Business,Beauty & Personal Care,Perfume,429.05,1,0.15,364.69,94.03,North,Delhi,UPI
ORD102029,2024-05-04,CUST00985,20.0,Female,Small Business,Home & Kitchen,Water Bottle,1261.55,1,0.25,946.16,87.39,North,Jaipur,Debit Card
ORD103417,2024-05-04,CUST01698,42.0,Female,Corporate,Electronics,USB-C Cable,5882.96,1,0.0,5882.96,2426.19,West,Mumbai,Cash on Delivery
ORD101218,2024-05-04,CUST01473,53.0,Female,Corporate,Home & Kitchen,Ceramic Mug Set,2835.05,1,0.0,2835.05,1205.12,South,Kochi,Credit Card
ORD101861,2024-05-05,CUST01736,55.0,Female,Small Business,Electronics,Smartphone Case,5112.42,3,0.1,13803.53,5180.75,East,Kolkata,Credit Card
ORD101124,2024-05-05,CUST01976,35.0,Female,Consumer,Home & Kitchen,Air Fryer,5962.45,2,0.05,11328.66,2927.07,North,Chandigarh,Debit Card
ORD105603,2024-05-05,CUST01395,33.0,Male,Small Business,Beauty & Personal Care,Trimmer,313.93,1,0.0,313.93,120.84,Central,Bhopal,Credit Card
ORD105732,2024-05-05,CUST00905,29.0,Male,Consumer,Clothing,Sports Cap,1449.44,2,0.2,2319.1,620.09,West,Surat,UPI
ORD103170,2024-05-05,CUST00352,28.0,Male,Consumer,Clothing,Women's Jeans,845.74,1,0.15,718.88,204.1,North,Lucknow,UPI
ORD101835,2024-05-06,CUST00202,39.0,Female,Consumer,Home & Kitchen,Non-Stick Pan,355.95,2,0.15,605.12,204.11,East,Bhubaneswar,Debit Card
ORD105708,2024-05-06,CUST01800,34.0,Female,Consumer,Beauty & Personal Care,Face Wash,1619.01,1,0.0,1619.01,417.54,Central,Raipur,Credit Card
ORD101384,2024-05-06,CUST00398,24.0,Female,Consumer,Sports & Outdoors,Yoga Mat,4560.83,1,0.0,4560.83,1384.52,North,Delhi,Credit Card
ORD103778,2024-05-06,CUST00804,23.0,Female,Consumer,Home & Kitchen,LED Table Lamp,4414.22,3,0.25,9931.99,271.83,East,Kolkata,Debit Card
ORD101995,2024-05-06,CUST01776,38.0,Female,Consumer,Clothing,Winter Jacket,439.15,1,0.05,417.19,134.36,West,Surat,Debit Card
ORD103311,2024-05-06,CUST01044,24.0,Male,Consumer,Clothing,Men's T-Shirt,398.22,2,0.05,756.62,199.27,West,Mumbai,UPI
ORD102850,2024-05-06,CUST00541,41.0,Female,Small Business,Clothing,Running Shoes,1599.4,1,0.25,1199.55,293.02,North,Chandigarh,UPI
ORD102087,2024-05-06,CUST01971,33.0,Female,Consumer,Beauty & Personal Care,Perfume,1264.3,3,0.0,3792.9,1217.26,South,Chennai,Debit Card
ORD103845,2024-05-06,CUST00171,42.0,Female,Consumer,Home & Kitchen,Non-Stick Pan,398.39,1,0.0,398.39,82.45,East,Kolkata,Net Banking
ORD103054,2024-05-06,CUST01144,30.0,Male,Consumer,Beauty & Personal Care,Lipstick,1471.06,1,0.0,1471.06,305.41,South,Kochi,Credit Card
ORD102659,2024-05-06,CUST01540,20.0,Female,Consumer,Home & Kitchen,Non-Stick Pan,5079.71,3,0.2,12191.3,874.34,East,Patna,Net Banking
ORD106470,2024-05-07,CUST00382,31.0,Female,Corporate,Electronics,Smartwatch,3561.65,1,0.1,3205.48,421.55,North,Chandigarh,UPI
ORD101147,2024-05-07,CUST00018,43.0,Male,Corporate,Clothing,Men's T-Shirt,2054.96,2,0.15,3493.43,479.1,South,Kochi,Credit Card
ORD102540,2024-05-07,CUST00078,,Female,Small Business,Clothing,Kids Hoodie,1583.42,1,0.0,1583.42,640.14,North,Lucknow,UPI
ORD101463,2024-05-07,CUST00031,66.0,Female,Consumer,Home & Kitchen,Storage Rack,397.97,1,0.05,378.07,93.56,South,Chennai,Cash on Delivery
ORD103868,2024-05-07,CUST00514,42.0,Female,Consumer,Beauty & Personal Care,Face Wash,1927.73,1,0.05,1831.34,580.22,North,Chandigarh,UPI
ORD104255,2024-05-07,CUST01983,37.0,Female,Corporate,Electronics,Webcam,5301.68,1,0.0,5301.68,1829.37,West,Surat,UPI
ORD100220,2024-05-07,CUST00334,33.0,Male,Corporate,Sports & Outdoors,Cycling Helmet,1299.14,1,0.15,1104.27,386.3,West,Pune,UPI
ORD105055,2024-05-07,CUST01151,31.0,Female,Consumer,Home & Kitchen,Storage Rack,1453.53,1,0.0,1453.53,529.3,South,Kochi,UPI
ORD101005,2024-05-08,CUST01060,38.0,Female,Corporate,Home & Kitchen,Non-Stick Pan,1447.65,5,0.1,6514.42,1823.12,North,Lucknow,Cash on Delivery
ORD101784,2024-05-08,CUST00432,33.0,Male,Consumer,Electronics,Smartwatch,5781.91,1,0.05,5492.81,2301.68,East,Patna,UPI
ORD100352,2024-05-08,CUST00132,18.0,Female,Consumer,Beauty & Personal Care,Hair Dryer,1332.53,1,0.15,1132.65,190.74,North,Chandigarh,UPI
ORD104038,2024-05-08,CUST01478,33.0,Male,Corporate,Sports & Outdoors,Yoga Mat,445.07,1,0.1,400.56,130.07,South,Bengaluru,Net Banking
ORD103494,2024-05-08,CUST01429,18.0,Female,Consumer,Sports & Outdoors,Football,6408.14,1,0.05,6087.73,1411.49,East,Patna,Net Banking
ORD103774,2024-05-08,CUST00820,27.0,Male,Consumer,Home & Kitchen,Non-Stick Pan,4272.81,1,0.2,3418.25,475.36,South,Hyderabad,Net Banking
ORD103927,2024-05-08,CUST01296,48.0,Female,Consumer,Clothing,Winter Jacket,2321.53,2,0.0,4643.06,1152.18,East,Patna,Credit Card
ORD101459,2024-05-08,CUST01719,38.0,Male,Consumer,Electronics,USB-C Cable,2510.26,1,0.2,2008.21,427.32,North,Chandigarh,Debit Card
ORD106116,2024-05-08,CUST01212,35.0,Female,Consumer,Home & Kitchen,Mixer Grinder,5638.82,5,0.15,23964.98,5930.05,North,Lucknow,Debit Card
ORD103359,2024-05-08,CUST01254,56.0,Female,Consumer,Clothing,Winter Jacket,2223.79,1,0.0,2223.79,892.86,East,Bhubaneswar,Credit Card
ORD101328,2024-05-08,CUST01532,32.0,Male,Consumer,Books & Stationery,Planner Diary,329.35,1,0.1,296.42,76.45,South,Bengaluru,Cash on Delivery
ORD100877,2024-05-08,CUST01091,20.0,Female,Corporate,Home & Kitchen,Water Bottle,5432.31,1,0.0,5432.31,2391.22,East,Bhubaneswar,UPI
ORD104264,2024-05-08,CUST01063,48.0,Male,Consumer,Electronics,Webcam,8997.0,2,0.2,14395.2,4299.64,South,Bengaluru,Credit Card
ORD103795,2024-05-08,CUST01542,38.0,Female,Corporate,Home & Kitchen,Storage Rack,4209.17,2,0.0,8418.34,2718.41,West,Ahmedabad,Cash on Delivery
ORD101810,2024-05-09,CUST00512,30.0,Male,Consumer,Clothing,Running Shoes,2519.01,1,0.05,2393.06,825.63,South,Bengaluru,UPI
ORD100322,2024-05-09,CUST00427,41.0,Female,Consumer,Furniture,Wardrobe,9415.18,1,0.15,8002.9,519.64,West,Ahmedabad,UPI
ORD100185,2024-05-09,CUST00226,35.0,Male,Corporate,Electronics,Power Bank,2264.64,1,0.0,2264.64,753.84,West,Ahmedabad,Credit Card
ORD104132,2024-05-10,CUST01299,39.0,Female,Corporate,Home & Kitchen,Ceramic Mug Set,1016.48,1,0.15,864.01,210.27,South,Kochi,UPI
ORD103373,2024-05-10,CUST00693,31.0,Male,Consumer,Electronics,Smartwatch,3924.01,2,0.0,7848.02,2931.11,South,Chennai,UPI
ORD103736,2024-05-10,CUST00754,18.0,Male,Consumer,Home & Kitchen,Storage Rack,3126.55,1,0.15,2657.57,565.16,North,Chandigarh,Credit Card
ORD101806,2024-05-10,CUST00000,30.0,Male,Consumer,Home & Kitchen,Bedsheet Set,4284.6,1,0.0,4284.6,909.97,South,Chennai,Cash on Delivery
ORD101617,2024-05-10,CUST00147,41.0,Female,Consumer,Clothing,Running Shoes,1772.27,1,0.15,1506.43,512.68,North,Lucknow,UPI
ORD103599,2024-05-10,CUST00268,18.0,Female,Consumer,Home & Kitchen,Non-Stick Pan,1871.56,5,0.05,8889.91,3584.34,South,Bengaluru,Debit Card
ORD103315,2024-05-10,CUST00915,47.0,Female,Consumer,Clothing,Formal Shirt,2361.48,1,0.05,2243.41,762.59,West,Pune,Debit Card
ORD102931,2024-05-10,CUST01777,28.0,Male,Consumer,Electronics,Bluetooth Speaker,6073.84,4,0.25,18221.52,3877.16,West,Mumbai,Cash on Delivery
ORD103854,2024-05-10,CUST02029,18.0,Female,Consumer,Electronics,Wireless Earbuds,3061.5,1,0.0,3061.5,1119.06,North,Chandigarh,Credit Card
ORD105237,2024-05-10,CUST00900,45.0,Female,Corporate,Home & Kitchen,Ceramic Mug Set,2367.22,1,0.1,2130.5,624.05,South,Hyderabad,Cash on Delivery
ORD103946,2024-05-10,CUST01040,46.0,Male,Consumer,Home & Kitchen,Ceramic Mug Set,1996.21,4,0.15,6787.11,1486.0,West,Ahmedabad,Debit Card
ORD104556,2024-05-11,CUST01465,21.0,Male,Consumer,Home & Kitchen,Air Fryer,2590.53,1,0.15,2201.95,167.43,South,Chennai,UPI
ORD100045,2024-05-11,CUST00225,38.0,Male,Corporate,Books & Stationery,Fiction Novel,540.1,1,0.1,486.09,86.58,North,Delhi,Credit Card
ORD104637,2024-05-11,CUST00188,26.0,Female,Consumer,Sports & Outdoors,Cycling Helmet,2904.21,1,0.15,2468.58,685.95,Central,Nagpur,Debit Card
ORD105487,2024-05-11,CUST00259,34.0,Male,Consumer,Beauty & Personal Care,Sunscreen SPF50,335.38,1,0.1,301.84,100.93,West,Ahmedabad,UPI
ORD105598,2024-05-11,CUST01740,46.0,Female,Consumer,Home & Kitchen,Ceramic Mug Set,1201.29,1,0.15,1021.1,192.8,East,Patna,Cash on Delivery
ORD104702,2024-05-11,CUST00525,34.0,Male,Corporate,Books & Stationery,Planner Diary,302.48,3,0.1,816.7,262.65,Central,Nagpur,Net Banking
ORD102831,2024-05-11,CUST01529,53.0,Female,Consumer,Electronics,Bluetooth Speaker,6757.06,2,0.0,13514.12,4116.62,South,Kochi,Net Banking
ORD100207,2024-05-11,CUST00684,46.0,Female,Consumer,Clothing,Kids Hoodie,1577.8,4,0.0,6311.2,2541.46,West,Pune,Cash on Delivery
ORD102915,2024-05-11,CUST00118,44.0,Female,Corporate,Electronics,Power Bank,5391.04,1,0.1,4851.94,1592.39,North,Delhi,Credit Card
ORD105791,2024-05-11,CUST00704,31.0,Male,Consumer,Clothing,Summer Dress,669.86,1,0.0,669.86,212.64,Central,Raipur,Cash on Delivery
ORD106257,2024-05-11,CUST01907,23.0,Male,Corporate,Sports & Outdoors,Camping Tent,720.47,2,0.05,1368.89,454.29,West,Ahmedabad,UPI
ORD104982,2024-05-11,CUST01544,36.0,Female,Corporate,Beauty & Personal Care,Face Wash,1428.73,1,0.0,1428.73,540.25,West,Surat,Debit Card
ORD101404,2024-05-12,CUST01664,33.0,Male,Consumer,Home & Kitchen,Ceramic Mug Set,2580.98,1,0.0,2580.98,688.75,East,Patna,Net Banking
ORD105230,2024-05-12,CUST01909,47.0,Female,Consumer,Home & Kitchen,Storage Rack,2474.33,1,0.0,2474.33,817.93,South,Hyderabad,Cash on Delivery
ORD101632,2024-05-12,CUST00368,38.0,Female,Consumer,Home & Kitchen,Mixer Grinder,1680.94,1,0.2,1344.75,213.74,East,Patna,Cash on Delivery
ORD100970,2024-05-12,CUST01439,41.0,Male,Corporate,Clothing,Women's Jeans,2441.91,1,0.0,2441.91,1050.39,South,Chennai,UPI
ORD100841,2024-05-12,CUST00063,53.0,Female,Consumer,Books & Stationery,Sketch Pens,740.85,1,0.0,740.85,176.65,West,Ahmedabad,Credit Card
ORD103176,2024-05-12,CUST01053,43.0,Male,Small Business,Beauty & Personal Care,Perfume,1276.05,1,0.05,1212.25,204.07,West,Ahmedabad,Credit Card
ORD106370,2024-05-12,CUST01440,50.0,Female,Corporate,Clothing,Kids Hoodie,1739.42,1,0.0,1739.42,673.25,South,Bengaluru,Debit Card
ORD103746,2024-05-12,CUST01171,21.0,Male,Small Business,Books & Stationery,Planner Diary,339.36,1,0.0,339.36,70.22,West,Surat,UPI
ORD104105,2024-05-12,CUST01346,35.0,Male,Consumer,Sports & Outdoors,Cycling Helmet,3331.07,1,0.0,3331.07,1179.02,West,Ahmedabad,Debit Card
ORD102019,2024-05-12,CUST01277,39.0,Male,Corporate,Electronics,Smartphone Case,8031.76,1,0.0,8031.76,1634.78,North,Delhi,Net Banking
ORD105988,2024-05-13,CUST00414,52.0,Female,Corporate,Clothing,Women's Jeans,826.01,1,0.0,826.01,226.74,West,Ahmedabad,Net Banking
ORD100732,2024-05-13,CUST00167,23.0,Female,Consumer,Beauty & Personal Care,Lipstick,1488.82,1,0.0,1488.82,367.47,East,Patna,Debit Card
ORD104138,2024-05-13,CUST00241,30.0,Male,Consumer,Beauty & Personal Care,Perfume,952.36,5,0.1,4285.62,1083.59,South,Hyderabad,Credit Card
ORD102189,2024-05-13,CUST01560,28.0,Other,Consumer,Furniture,Office Chair,13037.62,2,0.2,20860.19,1640.78,Central,Nagpur,UPI
ORD100951,2024-05-13,CUST00362,26.0,Male,Consumer,Clothing,Summer Dress,1067.05,2,0.1,1920.69,373.04,South,Chennai,Credit Card
ORD102635,2024-05-14,CUST01809,39.0,Male,Small Business,Beauty & Personal Care,Face Wash,1459.92,1,0.0,1459.92,397.49,West,Surat,Cash on Delivery
ORD105917,2024-05-14,CUST01001,50.0,Male,Corporate,Home & Kitchen,Ceramic Mug Set,4225.88,1,0.25,3169.41,12.87,West,Surat,Cash on Delivery
ORD102812,2024-05-14,CUST01825,46.0,Female,Small Business,Home & Kitchen,Bedsheet Set,3265.42,1,0.2,2612.34,126.73,North,Delhi,Credit Card
ORD105020,2024-05-14,CUST00364,29.0,Female,Small Business,Home & Kitchen,Non-Stick Pan,3985.94,5,0.05,18933.22,3932.56,Central,Raipur,UPI
ORD103147,2024-05-14,CUST02046,32.0,Male,Consumer,Clothing,Women's Jeans,742.97,2,0.0,1485.94,306.37,South,Kochi,UPI
ORD101433,2024-05-14,CUST00718,41.0,Male,Consumer,Furniture,Office Chair,8778.58,1,0.1,7900.72,1662.32,Central,Raipur,Credit Card
ORD105043,2024-05-14,CUST00196,45.0,Male,Consumer,Electronics,USB-C Cable,4661.31,3,0.05,13284.73,3696.49,West,Surat,Credit Card
ORD103389,2024-05-14,CUST01173,27.0,Male,Corporate,Electronics,Wireless Earbuds,7142.68,1,0.0,7142.68,2647.03,East,Bhubaneswar,UPI
ORD103567,2024-05-14,CUST00898,30.0,Female,Consumer,Electronics,Wireless Earbuds,8683.37,1,0.1,7815.03,2256.75,West,Surat,Net Banking
ORD104365,2024-05-14,CUST01141,44.0,Other,Consumer,Furniture,Study Table,7107.35,1,0.25,5330.51,909.0,Central,Raipur,UPI
ORD100596,2024-05-15,CUST01679,32.0,Male,Consumer,Clothing,Running Shoes,2397.52,2,0.25,3596.28,821.29,East,Kolkata,UPI
ORD102125,2024-05-15,CUST00328,44.0,Female,Small Business,Home & Kitchen,Storage Rack,4187.71,1,0.15,3559.55,839.45,North,Lucknow,Net Banking
ORD100894,2024-05-15,CUST01620,23.0,Male,Small Business,Clothing,Men's T-Shirt,1143.19,1,0.15,971.71,342.24,West,Pune,Credit Card
ORD102234,2024-05-15,CUST01873,38.0,Male,Corporate,Home & Kitchen,LED Table Lamp,5087.08,1,0.0,5087.08,1229.85,West,Mumbai,Credit Card
ORD101566,2024-05-15,CUST01650,43.0,Other,Small Business,Books & Stationery,Desk Organizer,301.33,1,0.0,301.33,82.87,Central,Nagpur,UPI
ORD101475,2024-05-15,CUST01636,37.0,Female,Corporate,Books & Stationery,Notebook Pack,794.27,2,0.05,1509.11,606.08,West,Ahmedabad,Credit Card
ORD103467,2024-05-15,CUST01988,45.0,Male,Consumer,Electronics,Power Bank,3985.41,1,0.0,3985.41,1289.99,North,Chandigarh,UPI
ORD101495,2024-05-15,CUST00585,22.0,Female,Consumer,Books & Stationery,Sketch Pens,756.28,2,0.15,1285.68,442.02,North,Delhi,Cash on Delivery
ORD103697,2024-05-15,CUST01076,59.0,Female,Corporate,Furniture,Bookshelf,9059.94,1,0.0,9059.94,2800.03,South,Hyderabad,Cash on Delivery
ORD101615,2024-05-16,CUST00159,38.0,Male,Consumer,Electronics,Smartphone Case,6623.46,1,0.0,6623.46,2508.07,North,Jaipur,Cash on Delivery
ORD104474,2024-05-16,CUST00789,24.0,Female,Consumer,Home & Kitchen,Ceramic Mug Set,3287.53,4,0.15,11177.6,3132.87,South,Hyderabad,UPI
ORD102252,2024-05-16,CUST02010,26.0,Male,Corporate,Beauty & Personal Care,Lipstick,1731.4,1,0.05,1644.83,623.85,North,Jaipur,Debit Card
ORD104548,2024-05-16,CUST01994,29.0,Female,Corporate,Clothing,Summer Dress,1496.7,2,0.15,2544.39,647.57,East,Kolkata,Net Banking
ORD105877,2024-05-16,CUST00803,38.0,Female,Consumer,Home & Kitchen,Ceramic Mug Set,5389.79,2,0.0,10779.58,4240.89,West,Surat,Debit Card
ORD102055,2024-05-16,CUST00346,29.0,Female,Consumer,Clothing,Sports Cap,2096.92,1,0.0,2096.92,671.51,West,Surat,Credit Card
ORD102345,2024-05-16,CUST00498,52.0,Male,Corporate,Electronics,Wireless Earbuds,5730.02,2,0.2,9168.03,2807.64,Central,Bhopal,Credit Card
ORD100683,2024-05-16,CUST00110,18.0,Female,Consumer,Clothing,Formal Shirt,2329.52,1,0.0,2329.52,1007.0,South,Bengaluru,Cash on Delivery
ORD102192,2024-05-17,CUST00081,28.0,Male,Corporate,Electronics,Power Bank,4065.07,2,0.15,6910.62,969.03,South,Chennai,Cash on Delivery
ORD104412,2024-05-17,CUST00943,28.0,Female,Consumer,Home & Kitchen,Air Fryer,5913.89,1,0.05,5618.2,2141.81,West,Surat,Cash on Delivery
ORD106312,2024-05-17,CUST02000,34.0,Female,Consumer,Clothing,Running Shoes,1086.76,1,0.25,815.07,91.24,West,Ahmedabad,UPI
ORD103918,2024-05-18,CUST01936,26.0,Female,Small Business,Clothing,Men's T-Shirt,2467.26,1,0.15,2097.17,541.75,West,Ahmedabad,Cash on Delivery
ORD100881,2024-05-18,CUST01318,42.0,Female,Consumer,Electronics,Smartwatch,1393.24,1,0.1,1253.92,352.36,West,Pune,UPI
ORD100156,2024-05-18,CUST00314,27.0,Female,Consumer,Books & Stationery,Planner Diary,905.25,4,0.2,2896.8,380.17,South,Bengaluru,Cash on Delivery
ORD104030,2024-05-18,CUST00890,57.0,Female,Consumer,Electronics,Power Bank,6786.29,1,0.0,6786.29,2574.08,South,Kochi,Net Banking
ORD106119,2024-05-18,CUST01471,27.0,Female,Small Business,Electronics,Wireless Earbuds,2547.53,1,0.0,2547.53,935.13,North,Delhi,UPI
ORD104668,2024-05-18,CUST00097,23.0,Female,Consumer,Electronics,Power Bank,5924.52,2,0.0,11849.04,3601.37,North,Jaipur,Cash on Delivery
ORD103028,2024-05-18,CUST00177,40.0,Female,Corporate,Furniture,Office Chair,10213.28,2,0.25,15319.92,-863.86,Central,Nagpur,Cash on Delivery
ORD105611,2024-05-18,CUST01072,30.0,Female,Corporate,Clothing,Sports Cap,861.42,1,0.1,775.28,91.61,East,Kolkata,Cash on Delivery
ORD103329,2024-05-18,CUST00976,21.0,Other,Corporate,Home & Kitchen,Non-Stick Pan,5726.18,1,0.0,5726.18,1333.75,East,Kolkata,UPI
ORD100547,2024-05-18,CUST01802,33.0,Male,Consumer,Beauty & Personal Care,Hair Dryer,859.75,1,0.1,773.78,200.29,West,Ahmedabad,Cash on Delivery
ORD100543,2024-05-18,CUST02039,32.0,Female,Consumer,Beauty & Personal Care,Perfume,464.85,2,0.05,883.22,219.75,East,Bhubaneswar,Credit Card
ORD104588,2024-05-18,CUST00759,52.0,Female,Small Business,Beauty & Personal Care,Sunscreen SPF50,192.23,1,0.25,144.17,12.59,East,Patna,Net Banking
ORD103620,2024-05-19,CUST00449,18.0,Male,Consumer,Clothing,Women's Jeans,2786.48,1,0.0,2786.48,1069.12,North,Jaipur,Debit Card
ORD102374,2024-05-19,CUST01305,18.0,Female,Corporate,Sports & Outdoors,Cricket Bat,1586.91,1,0.1,1428.22,172.66,Central,Raipur,UPI
ORD103126,2024-05-19,CUST00027,28.0,Male,Consumer,Electronics,Smartwatch,7284.52,1,0.0,7284.52,2433.09,South,Hyderabad,UPI
ORD103095,2024-05-19,CUST00150,18.0,Female,Small Business,Electronics,Laptop Stand,1565.64,2,0.0,3131.28,1224.33,East,Patna,UPI
ORD101439,2024-05-19,CUST00284,28.0,Male,Corporate,Books & Stationery,Notebook Pack,635.35,1,0.1,571.82,182.63,North,Delhi,UPI
ORD104024,2024-05-19,CUST00818,39.0,Female,Consumer,Clothing,Women's Jeans,368.06,1,0.05,349.66,70.01,East,Kolkata,UPI
ORD103211,2024-05-19,CUST00283,46.0,Male,Consumer,Home & Kitchen,Bedsheet Set,5930.09,1,0.05,5633.59,1417.04,South,Kochi,Debit Card
ORD104181,2024-05-19,CUST01293,31.0,Female,Corporate,Sports & Outdoors,Cricket Bat,6393.94,3,0.15,16304.55,4689.84,North,Lucknow,UPI
ORD101442,2024-05-19,CUST00000,30.0,Male,Consumer,Clothing,Summer Dress,2789.48,1,0.1,2510.53,299.1,West,Pune,UPI
ORD100418,2024-05-19,CUST00658,,Male,Consumer,Home & Kitchen,Air Fryer,2324.8,1,0.0,2324.8,622.5,North,Delhi,Debit Card
ORD104322,2024-05-19,CUST00018,43.0,Male,Corporate,Clothing,Kids Hoodie,2508.78,2,0.15,4264.93,1484.74,West,Ahmedabad,UPI
ORD103000,2024-05-19,CUST00488,28.0,Male,Consumer,Sports & Outdoors,Cricket Bat,4665.73,1,0.2,3732.58,790.31,West,Surat,Cash on Delivery
ORD105927,2024-05-19,CUST01305,18.0,Female,Corporate,Sports & Outdoors,Yoga Mat,1013.46,1,0.05,962.79,255.85,North,Chandigarh,Debit Card
ORD104022,2024-05-19,CUST01600,25.0,Male,Consumer,Home & Kitchen,LED Table Lamp,2341.05,2,0.0,4682.1,2063.6,South,Hyderabad,UPI
ORD106359,2024-05-19,CUST01101,38.0,Male,Consumer,Electronics,Smartwatch,1840.74,1,0.25,1380.56,80.89,Central,Nagpur,UPI
ORD105746,2024-05-20,CUST01602,22.0,Male,Corporate,Home & Kitchen,Non-Stick Pan,4926.17,3,0.2,11822.81,3151.51,West,Ahmedabad,Credit Card
ORD103008,2024-05-20,CUST00724,36.0,Female,Consumer,Electronics,Webcam,2731.11,1,0.0,2731.11,1057.56,East,Bhubaneswar,UPI
ORD102751,2024-05-20,CUST00332,22.0,Male,Consumer,Beauty & Personal Care,Hair Dryer,1700.48,1,0.05,1615.46,505.06,South,Bengaluru,Cash on Delivery
ORD103538,2024-05-20,CUST01810,49.0,Female,Consumer,Electronics,Smartwatch,3444.57,1,0.05,3272.34,1339.65,South,Chennai,UPI
ORD104953,2024-05-20,CUST00346,29.0,Female,Consumer,Home & Kitchen,Bedsheet Set,5067.61,2,0.15,8614.94,1703.35,North,Delhi,UPI
ORD104068,2024-05-20,CUST01391,35.0,Male,Consumer,Clothing,Sports Cap,2924.78,1,0.05,2778.54,803.17,North,Chandigarh,UPI
ORD103451,2024-05-20,CUST00446,,Male,Consumer,Clothing,Running Shoes,1607.78,1,0.0,1607.78,475.07,North,Delhi,Cash on Delivery
ORD104464,2024-05-21,CUST01872,33.0,Male,Consumer,Beauty & Personal Care,Trimmer,1208.6,1,0.15,1027.31,242.65,North,Delhi,Credit Card
ORD104571,2024-05-21,CUST01722,61.0,Male,Consumer,Clothing,Kids Hoodie,1021.25,1,0.1,919.12,256.47,South,Hyderabad,UPI
ORD103867,2024-05-21,CUST00794,47.0,Female,Corporate,Clothing,Running Shoes,2925.86,1,0.15,2486.98,689.84,South,Bengaluru,Cash on Delivery
ORD104752,2024-05-21,CUST00765,41.0,Male,Consumer,Clothing,Running Shoes,802.0,1,0.15,681.7,127.51,West,Surat,UPI
ORD105651,2024-05-21,CUST00822,18.0,Female,Consumer,Electronics,Smartphone Case,6409.3,4,0.0,25637.2,6994.79,East,Patna,Net Banking
ORD104240,2024-05-21,CUST01555,36.0,Male,Corporate,Sports & Outdoors,Camping Tent,6291.6,1,0.1,5662.44,1835.15,West,Mumbai,Debit Card
ORD101934,2024-05-22,CUST01298,27.0,Female,Consumer,Home & Kitchen,Non-Stick Pan,5008.54,2,0.1,9015.37,1784.3,North,Delhi,Credit Card
ORD102168,2024-05-22,CUST00173,37.0,Male,Corporate,Electronics,Power Bank,6950.56,1,0.2,5560.45,1279.67,North,Delhi,UPI
ORD103069,2024-05-22,CUST00648,37.0,Male,Corporate,Beauty & Personal Care,Sunscreen SPF50,1812.49,2,0.05,3443.73,1095.16,West,Pune,Debit Card
ORD102530,2024-05-22,CUST01761,53.0,Male,Corporate,Electronics,Power Bank,4231.94,1,0.0,4231.94,1788.97,East,Bhubaneswar,Debit Card
ORD105734,2024-05-22,CUST00639,30.0,Male,Consumer,Clothing,Kids Hoodie,1893.57,1,0.15,1609.53,288.77,West,Surat,Debit Card
ORD102404,2024-05-22,CUST01837,30.0,Female,Consumer,Books & Stationery,Sketch Pens,246.81,1,0.15,209.79,35.96,North,Delhi,Debit Card
ORD105656,2024-05-22,CUST00478,38.0,Male,Consumer,Electronics,USB-C Cable,1008.26,1,0.15,857.02,168.69,North,Jaipur,UPI
ORD104071,2024-05-22,CUST01433,49.0,Female,Consumer,Sports & Outdoors,Camping Tent,6620.77,1,0.1,5958.69,792.89,East,Bhubaneswar,Net Banking
ORD105432,2024-05-22,CUST00377,18.0,Female,Small Business,Electronics,Webcam,1191.89,1,0.0,1191.89,425.0,North,Lucknow,Cash on Delivery
ORD103204,2024-05-22,CUST00708,36.0,Female,Consumer,Beauty & Personal Care,Lipstick,276.42,1,0.25,207.32,-4.91,North,Chandigarh,UPI
ORD101457,2024-05-22,CUST00549,34.0,Female,Small Business,Home & Kitchen,LED Table Lamp,5108.42,1,0.05,4853.0,793.56,South,Chennai,Debit Card
ORD105154,2024-05-22,CUST01385,43.0,Male,Corporate,Electronics,Bluetooth Speaker,6896.91,2,0.1,12414.44,3683.11,West,Ahmedabad,Credit Card
ORD105186,2024-05-22,CUST01326,21.0,Male,Corporate,Electronics,Webcam,3243.62,1,0.15,2757.08,827.32,East,Bhubaneswar,UPI
ORD104125,2024-05-22,CUST00352,28.0,Male,Consumer,Beauty & Personal Care,Face Wash,1321.06,1,0.1,1188.95,352.4,South,Chennai,Credit Card
ORD105714,2024-05-22,CUST01115,23.0,Male,Small Business,Clothing,Formal Shirt,2971.17,2,0.05,5645.22,2167.2,East,Bhubaneswar,Credit Card
ORD100170,2024-05-23,CUST01181,43.0,Female,Small Business,Home & Kitchen,Ceramic Mug Set,1692.89,1,0.1,1523.6,336.46,South,Hyderabad,UPI
ORD103452,2024-05-23,CUST01773,18.0,Male,Consumer,Home & Kitchen,Mixer Grinder,954.88,1,0.2,763.9,175.68,East,Kolkata,Cash on Delivery
ORD102663,2024-05-23,CUST01226,19.0,Female,Small Business,Clothing,Women's Jeans,1446.19,2,0.2,2313.9,517.09,West,Surat,Cash on Delivery
ORD102696,2024-05-23,CUST00320,19.0,Female,Corporate,Clothing,Running Shoes,2060.86,1,0.05,1957.82,327.74,West,Surat,UPI
ORD101142,2024-05-23,CUST00047,23.0,Male,Consumer,Clothing,Formal Shirt,1116.88,1,0.0,1116.88,451.08,North,Delhi,Credit Card
ORD103684,2024-05-23,CUST01778,29.0,Male,Consumer,Beauty & Personal Care,Face Wash,429.25,1,0.0,429.25,169.9,Central,Bhopal,Net Banking
ORD104430,2024-05-23,CUST01198,28.0,Male,Consumer,Electronics,Power Bank,5823.03,2,0.05,11063.76,3483.78,West,Ahmedabad,UPI
ORD103892,2024-05-23,CUST01836,39.0,Female,Consumer,Home & Kitchen,Storage Rack,1205.41,1,0.0,1205.41,276.99,East,Kolkata,Cash on Delivery
ORD104646,2024-05-23,CUST00319,31.0,Male,Consumer,Clothing,Summer Dress,2264.25,3,0.0,6792.75,2353.61,South,Hyderabad,Debit Card
ORD100647,2024-05-24,CUST00983,26.0,Female,Small Business,Electronics,Laptop Stand,1063.68,1,0.0,1063.68,452.24,South,Hyderabad,Credit Card
ORD104557,2024-05-24,CUST00921,50.0,Male,Corporate,Sports & Outdoors,Camping Tent,3650.85,3,0.05,10404.92,1845.17,South,Chennai,Net Banking
ORD103701,2024-05-24,CUST00053,34.0,Female,Consumer,Books & Stationery,Desk Organizer,192.07,1,0.15,163.26,43.94,West,Surat,Credit Card
ORD102346,2024-05-24,CUST00202,39.0,Female,Consumer,Clothing,Kids Hoodie,1572.83,1,0.05,1494.19,453.65,North,Lucknow,Credit Card
ORD104678,2024-05-24,CUST00324,29.0,Male,Corporate,Electronics,Bluetooth Speaker,7914.82,1,0.05,7519.08,1791.16,East,Kolkata,Cash on Delivery
ORD102769,2024-05-25,CUST00859,27.0,Male,Corporate,Sports & Outdoors,Cricket Bat,791.67,1,0.1,712.5,223.81,West,Ahmedabad,Credit Card
ORD103085,2024-05-25,CUST00329,49.0,Female,Corporate,Books & Stationery,Notebook Pack,181.44,1,0.15,154.22,17.26,South,Bengaluru,UPI
ORD104126,2024-05-25,CUST01636,37.0,Female,Corporate,Clothing,Men's T-Shirt,1827.18,1,0.1,1644.46,611.75,East,Kolkata,Net Banking
ORD101153,2024-05-25,CUST00018,43.0,Male,Corporate,Furniture,Study Table,6967.64,2,0.25,10451.46,2223.11,North,Chandigarh,UPI
ORD101217,2024-05-25,CUST00074,30.0,Male,Small Business,Furniture,Study Table,9113.32,3,0.0,27339.96,5900.73,West,Surat,Credit Card
ORD101793,2024-05-25,CUST01247,48.0,Male,Consumer,Home & Kitchen,Storage Rack,4722.01,3,0.0,14166.03,3434.22,South,Bengaluru,Cash on Delivery
ORD101077,2024-05-25,CUST00284,28.0,Male,Corporate,Books & Stationery,Desk Organizer,531.78,1,0.0,531.78,114.43,South,Kochi,UPI
ORD105948,2024-05-25,CUST00105,39.0,Male,Corporate,Sports & Outdoors,Cycling Helmet,1723.34,2,0.0,3446.68,1524.83,East,Bhubaneswar,Cash on Delivery
ORD101337,2024-05-25,CUST01728,34.0,Male,Consumer,Books & Stationery,Desk Organizer,536.07,1,0.05,509.27,176.1,South,Chennai,Credit Card
ORD104008,2024-05-25,CUST01892,48.0,Male,Small Business,Clothing,Sports Cap,789.98,1,0.0,789.98,214.06,South,Bengaluru,Cash on Delivery
ORD105428,2024-05-26,CUST01278,39.0,Female,Consumer,Furniture,Wardrobe,3770.33,1,0.1,3393.3,689.41,West,Ahmedabad,Cash on Delivery
ORD100709,2024-05-26,CUST00037,34.0,Male,Consumer,Furniture,Bookshelf,14142.69,1,0.05,13435.56,4827.13,West,Pune,Debit Card
ORD104182,2024-05-26,CUST01173,27.0,Male,Corporate,Sports & Outdoors,Yoga Mat,4735.15,1,0.15,4024.88,308.6,East,Patna,Debit Card
ORD101537,2024-05-26,CUST00809,38.0,Female,Corporate,Electronics,Webcam,1047.38,1,0.15,890.27,167.51,North,Jaipur,UPI
ORD104625,2024-05-27,CUST01694,55.0,Female,Small Business,Electronics,USB-C Cable,729.22,1,0.05,692.76,174.15,West,Ahmedabad,Credit Card
ORD101449,2024-05-27,CUST00206,36.0,Female,Consumer,Furniture,Coffee Table,13813.73,1,0.05,13123.04,3911.38,Central,Nagpur,Debit Card
ORD105692,2024-05-27,CUST00357,34.0,Female,Consumer,Home & Kitchen,Non-Stick Pan,5709.07,2,0.0,11418.14,4711.53,East,Bhubaneswar,Debit Card
ORD102587,2024-05-27,CUST01133,30.0,Male,Consumer,Electronics,Bluetooth Speaker,7200.29,1,0.25,5400.22,1429.55,East,Kolkata,Credit Card
ORD105735,2024-05-27,CUST01241,18.0,Female,Small Business,Electronics,Webcam,8467.86,1,0.2,6774.29,1622.53,Central,Raipur,UPI
ORD104074,2024-05-27,CUST01714,27.0,Female,Corporate,Clothing,Kids Hoodie,631.61,1,0.1,568.45,196.37,North,Jaipur,UPI
ORD105138,2024-05-27,CUST00839,35.0,Female,Small Business,Electronics,USB-C Cable,8886.74,1,0.0,8886.74,1903.36,South,Hyderabad,UPI
ORD101206,2024-05-27,CUST00765,41.0,Male,Consumer,Clothing,Running Shoes,1011.42,2,0.1,1820.56,207.43,Central,Bhopal,Debit Card
ORD105597,2024-05-27,CUST00040,28.0,Female,Consumer,Electronics,Bluetooth Speaker,2093.72,2,0.1,3768.7,682.85,North,Lucknow,Cash on Delivery
ORD100373,2024-05-27,CUST00239,18.0,Female,Corporate,Electronics,Power Bank,7294.7,1,0.15,6200.5,1072.32,North,Lucknow,Credit Card
ORD101134,2024-05-27,CUST00921,50.0,Male,Corporate,Furniture,Wardrobe,5124.78,1,0.1,4612.3,1495.27,East,Kolkata,Debit Card
ORD100038,2024-05-28,CUST01694,55.0,Female,Small Business,Books & Stationery,Notebook Pack,405.61,1,0.15,344.77,114.28,West,Ahmedabad,Credit Card
ORD104887,2024-05-28,CUST00516,18.0,Male,Consumer,Clothing,Running Shoes,2590.15,2,0.2,4144.24,142.36,West,Surat,Debit Card
ORD105995,2024-05-28,CUST00091,28.0,Female,Small Business,Electronics,USB-C Cable,5890.47,1,0.0,5890.47,1855.97,West,Pune,UPI
ORD104405,2024-05-28,CUST01280,33.0,Female,Consumer,Clothing,Formal Shirt,1541.58,2,0.05,2929.0,472.59,West,Ahmedabad,UPI
ORD103839,2024-05-28,CUST01659,29.0,Female,Consumer,Clothing,Kids Hoodie,720.03,1,0.05,684.03,138.15,West,Ahmedabad,UPI
ORD106400,2024-05-28,CUST01455,36.0,Female,Consumer,Home & Kitchen,Water Bottle,4675.17,1,0.05,4441.41,997.47,South,Chennai,UPI
ORD103179,2024-05-29,CUST02083,46.0,Female,Consumer,Beauty & Personal Care,Sunscreen SPF50,314.41,2,0.1,565.94,146.15,Central,Bhopal,UPI
ORD100504,2024-05-29,CUST01036,20.0,Female,Consumer,Clothing,Women's Jeans,2904.91,1,0.15,2469.17,399.3,East,Kolkata,Net Banking
ORD105936,2024-05-29,CUST00617,18.0,Male,Consumer,Electronics,Smartwatch,3339.28,2,0.05,6344.63,1568.29,North,Delhi,Debit Card
ORD101254,2024-05-29,CUST00402,32.0,Male,Small Business,Sports & Outdoors,Cricket Bat,2432.3,1,0.1,2189.07,359.87,South,Chennai,Cash on Delivery
ORD103022,2024-05-29,CUST00264,26.0,Female,Corporate,Books & Stationery,Notebook Pack,122.8,1,0.2,98.24,19.69,Central,Raipur,UPI
ORD105749,2024-05-30,CUST01492,18.0,Female,Consumer,Beauty & Personal Care,Trimmer,1907.67,2,0.2,3052.27,656.56,Central,Nagpur,Credit Card
ORD102333,2024-05-30,CUST00043,21.0,Female,Consumer,Sports & Outdoors,Dumbbell Set,2865.45,1,0.1,2578.9,582.66,West,Mumbai,UPI
ORD102170,2024-05-30,CUST00049,53.0,Male,Consumer,Books & Stationery,Fiction Novel,973.46,1,0.05,924.79,380.81,West,Surat,Credit Card
ORD106461,2024-05-30,CUST00484,41.0,Male,Corporate,Books & Stationery,Desk Organizer,466.21,1,0.15,396.28,135.69,Central,Raipur,Credit Card
ORD102627,2024-05-31,CUST01646,18.0,Male,Small Business,Home & Kitchen,Non-Stick Pan,1117.89,1,0.1,1006.1,378.27,South,Chennai,Credit Card
ORD101186,2024-05-31,CUST00430,34.0,Female,Small Business,Beauty & Personal Care,Perfume,381.91,1,0.25,286.43,6.67,West,Pune,Debit Card
ORD103928,2024-05-31,CUST01002,25.0,Male,Consumer,Beauty & Personal Care,Trimmer,986.35,1,0.1,887.72,137.68,East,Bhubaneswar,UPI
ORD102518,2024-05-31,CUST01487,58.0,Female,Corporate,Beauty & Personal Care,Sunscreen SPF50,1679.32,4,0.0,6717.28,1605.98,East,Kolkata,UPI
ORD105470,2024-05-31,CUST00541,41.0,Female,Small Business,Electronics,Laptop Stand,6631.14,1,0.1,5968.03,1225.1,South,Bengaluru,Debit Card
ORD101776,2024-05-31,CUST00746,37.0,Male,Corporate,Home & Kitchen,Air Fryer,1058.07,2,0.0,2116.14,788.12,West,Mumbai,Cash on Delivery
ORD105410,2024-05-31,CUST00269,42.0,Male,Consumer,Sports & Outdoors,Camping Tent,4079.76,1,0.2,3263.81,165.07,West,Surat,Net Banking
ORD104218,2024-06-01,CUST00606,45.0,Female,Small Business,Furniture,Coffee Table,13238.56,1,0.0,13238.56,5869.85,East,Kolkata,Debit Card
ORD102389,2024-06-01,CUST00441,41.0,Male,Consumer,Clothing,Formal Shirt,682.52,1,0.1,614.27,200.31,South,Hyderabad,Cash on Delivery
ORD100986,2024-06-01,CUST01701,33.0,Female,Corporate,Beauty & Personal Care,Trimmer,913.56,2,0.25,1370.34,-69.04,Central,Bhopal,Debit Card
ORD102410,2024-06-01,CUST00923,24.0,Male,Corporate,Home & Kitchen,Mixer Grinder,1419.51,1,0.1,1277.56,487.7,Central,Raipur,Debit Card
ORD101880,2024-06-01,CUST01653,32.0,Male,Corporate,Clothing,Running Shoes,1337.04,3,0.05,3810.56,1283.45,South,Chennai,UPI
ORD103269,2024-06-01,CUST01503,38.0,Female,Small Business,Beauty & Personal Care,Hair Dryer,1683.88,1,0.0,1683.88,492.72,South,Kochi,Cash on Delivery
ORD104051,2024-06-01,CUST02037,19.0,Male,Consumer,Clothing,Running Shoes,2878.39,1,0.25,2158.79,138.21,North,Jaipur,Cash on Delivery
ORD101293,2024-06-01,CUST01874,42.0,Female,Corporate,Electronics,USB-C Cable,3828.28,1,0.15,3254.04,253.79,West,Mumbai,Cash on Delivery
ORD104623,2024-06-02,CUST01702,32.0,Female,Small Business,Home & Kitchen,Mixer Grinder,2668.99,1,0.1,2402.09,777.9,South,Hyderabad,UPI
ORD100609,2024-06-02,CUST01486,20.0,Female,Corporate,Home & Kitchen,Water Bottle,2697.52,1,0.0,2697.52,716.7,West,Ahmedabad,Credit Card
ORD101625,2024-06-02,CUST01471,27.0,Female,Small Business,Sports & Outdoors,Football,6979.35,1,0.0,6979.35,2070.06,South,Chennai,UPI
ORD101456,2024-06-02,CUST01237,41.0,Female,Consumer,Beauty & Personal Care,Trimmer,343.02,1,0.0,343.02,128.84,East,Patna,UPI
ORD104889,2024-06-02,CUST00664,18.0,Male,Consumer,Beauty & Personal Care,Lipstick,230.44,1,0.15,195.87,36.94,North,Delhi,Debit Card
ORD103753,2024-06-03,CUST01746,19.0,Female,Small Business,Furniture,Study Table,10548.77,1,0.05,10021.33,3758.83,West,Pune,Credit Card
ORD106194,2024-06-03,CUST01361,18.0,Female,Corporate,Home & Kitchen,Ceramic Mug Set,4742.8,2,0.0,9485.6,2961.33,West,Pune,Debit Card
ORD104826,2024-06-03,CUST01070,18.0,Male,Consumer,Clothing,Winter Jacket,1589.82,1,0.0,1589.82,687.46,West,Surat,Cash on Delivery
ORD103457,2024-06-03,CUST00012,26.0,Female,Corporate,Electronics,Wireless Earbuds,3816.77,1,0.15,3244.25,842.82,North,Chandigarh,UPI
ORD105236,2024-06-03,CUST01020,34.0,Male,Consumer,Electronics,Power Bank,8471.14,1,0.05,8047.58,2142.86,North,Jaipur,Credit Card
ORD105745,2024-06-03,CUST00039,44.0,Female,Corporate,Sports & Outdoors,Dumbbell Set,826.26,4,0.15,2809.28,823.79,West,Surat,Debit Card
ORD100211,2024-06-03,CUST01073,30.0,Female,Consumer,Furniture,Study Table,14509.86,3,0.15,37000.14,3043.8,South,Chennai,UPI
ORD104584,2024-06-03,CUST00216,18.0,Female,Consumer,Furniture,Study Table,4997.67,1,0.05,4747.79,917.23,South,Bengaluru,Cash on Delivery
ORD100176,2024-06-03,CUST00782,52.0,Male,Consumer,Books & Stationery,Notebook Pack,241.55,1,0.15,205.32,31.92,West,Surat,Cash on Delivery
ORD105532,2024-06-03,CUST01485,44.0,Male,Corporate,Beauty & Personal Care,Hair Dryer,1819.07,1,0.0,1819.07,383.85,East,Bhubaneswar,UPI
ORD103256,2024-06-04,CUST01796,38.0,Male,Small Business,Electronics,Laptop Stand,5059.88,1,0.1,4553.89,1685.01,West,Mumbai,UPI
ORD105484,2024-06-04,CUST01325,44.0,Male,Consumer,Electronics,Webcam,8280.59,1,0.0,8280.59,2637.32,West,Surat,Credit Card
ORD104456,2024-06-04,CUST00699,18.0,Female,Corporate,Home & Kitchen,LED Table Lamp,1217.21,1,0.0,1217.21,387.01,West,Surat,Debit Card
ORD101724,2024-06-04,CUST02070,38.0,Male,Corporate,Home & Kitchen,Non-Stick Pan,1354.52,1,0.05,1286.79,277.65,West,Pune,Credit Card
ORD101590,2024-06-04,CUST00366,29.0,Male,Corporate,Beauty & Personal Care,Trimmer,1724.44,2,0.1,3103.99,474.03,South,Kochi,Net Banking
ORD101446,2024-06-04,CUST00771,45.0,Male,Consumer,Furniture,Bookshelf,10952.29,1,0.0,10952.29,4573.23,East,Patna,Debit Card
ORD101006,2024-06-04,CUST00287,43.0,Male,Consumer,Home & Kitchen,Bedsheet Set,1910.04,2,0.0,3820.08,1158.54,North,Chandigarh,UPI
ORD102372,2024-06-04,CUST01576,18.0,Male,Consumer,Clothing,Running Shoes,2162.62,1,0.0,2162.62,752.68,South,Kochi,Credit Card
ORD105349,2024-06-04,CUST00903,27.0,Female,Consumer,Home & Kitchen,Non-Stick Pan,4555.69,5,0.1,20500.6,6861.29,North,Delhi,UPI
ORD103362,2024-06-04,CUST00505,43.0,Female,Consumer,Home & Kitchen,Air Fryer,1595.41,1,0.0,1595.41,544.73,East,Patna,UPI
ORD104080,2024-06-04,CUST00278,24.0,Female,Small Business,Home & Kitchen,LED Table Lamp,4699.71,1,0.25,3524.78,397.03,West,Mumbai,Cash on Delivery
ORD102520,2024-06-04,CUST00957,35.0,Male,Consumer,Books & Stationery,Notebook Pack,515.23,1,0.0,515.23,225.28,West,Pune,UPI
ORD103810,2024-06-04,CUST00279,34.0,Male,Consumer,Clothing,Summer Dress,1083.31,1,0.25,812.48,-40.58,Central,Raipur,UPI
ORD102891,2024-06-05,CUST01511,19.0,Male,Consumer,Electronics,Bluetooth Speaker,2876.82,2,0.2,4602.91,344.72,South,Hyderabad,Debit Card
ORD100780,2024-06-05,CUST00701,34.0,Female,Small Business,Furniture,Bean Bag,6686.11,1,0.0,6686.11,2921.78,South,Chennai,Debit Card
ORD106393,2024-06-05,CUST00733,27.0,Female,Consumer,Home & Kitchen,Bedsheet Set,3340.75,1,0.05,3173.71,706.05,West,Mumbai,Net Banking
ORD104188,2024-06-05,CUST01021,29.0,Male,Consumer,Clothing,Women's Jeans,1981.22,2,0.15,3368.07,964.07,West,Ahmedabad,Credit Card
ORD103213,2024-06-05,CUST00522,49.0,Female,Consumer,Books & Stationery,Fiction Novel,257.85,2,0.0,515.7,168.39,South,Chennai,Net Banking
ORD101214,2024-06-05,CUST01251,34.0,Male,Small Business,Books & Stationery,Notebook Pack,405.79,1,0.1,365.21,52.68,East,Kolkata,UPI
ORD105477,2024-06-05,CUST02095,18.0,Female,Consumer,Home & Kitchen,Bedsheet Set,1508.19,1,0.1,1357.37,214.24,South,Hyderabad,UPI
ORD102178,2024-06-05,CUST00171,42.0,Female,Consumer,Clothing,Winter Jacket,2407.33,1,0.1,2166.6,833.02,West,Ahmedabad,UPI
ORD102955,2024-06-06,CUST01935,40.0,Female,Small Business,Home & Kitchen,Mixer Grinder,2009.5,3,0.15,5124.22,923.69,West,Mumbai,Debit Card
ORD105363,2024-06-06,CUST01710,44.0,Male,Consumer,Home & Kitchen,Bedsheet Set,4021.38,3,0.05,11460.93,3496.64,East,Bhubaneswar,UPI
ORD101717,2024-06-06,CUST00562,20.0,Male,Corporate,Beauty & Personal Care,Sunscreen SPF50,1660.26,1,0.0,1660.26,718.19,East,Kolkata,UPI
ORD100991,2024-06-06,CUST00603,33.0,Other,Consumer,Clothing,Formal Shirt,464.79,1,0.2,371.83,11.73,South,Kochi,UPI
ORD101270,2024-06-06,CUST00431,45.0,Female,Consumer,Furniture,Study Table,4927.83,1,0.0,4927.83,1450.26,North,Delhi,Debit Card
ORD104491,2024-06-06,CUST00141,27.0,Female,Consumer,Electronics,Webcam,6721.94,1,0.15,5713.65,882.18,East,Patna,Credit Card
ORD101679,2024-06-06,CUST00189,31.0,Female,Consumer,Home & Kitchen,Water Bottle,2824.17,2,0.1,5083.51,1244.76,East,Kolkata,UPI
ORD103369,2024-06-06,CUST02055,30.0,Male,Consumer,Sports & Outdoors,Cycling Helmet,5434.15,2,0.0,10868.3,4026.36,South,Kochi,Cash on Delivery
ORD101586,2024-06-06,CUST00236,34.0,Female,Small Business,Electronics,USB-C Cable,7832.12,2,0.1,14097.82,2811.71,West,Ahmedabad,Cash on Delivery
ORD101035,2024-06-07,CUST01687,18.0,Male,Corporate,Home & Kitchen,Mixer Grinder,5435.62,1,0.05,5163.84,1140.09,West,Mumbai,Cash on Delivery
ORD101487,2024-06-07,CUST01347,18.0,Male,Consumer,Electronics,Power Bank,4232.53,1,0.2,3386.02,885.14,Central,Bhopal,Debit Card
ORD104877,2024-06-07,CUST00085,22.0,Female,Consumer,Home & Kitchen,Air Fryer,3547.46,1,0.0,3547.46,789.68,West,Pune,UPI
ORD100315,2024-06-07,CUST00051,18.0,Male,Consumer,Home & Kitchen,Non-Stick Pan,4865.44,2,0.05,9244.34,3102.0,East,Bhubaneswar,Credit Card
ORD100481,2024-06-07,CUST01580,29.0,Male,Consumer,Electronics,Power Bank,5670.42,1,0.05,5386.9,1335.25,South,Chennai,Debit Card
ORD101920,2024-06-07,CUST01918,42.0,Male,Consumer,Books & Stationery,Sketch Pens,321.95,2,0.0,643.9,259.61,West,Ahmedabad,Credit Card
ORD101108,2024-06-07,CUST00715,20.0,Male,Corporate,Home & Kitchen,Bedsheet Set,2088.74,1,0.1,1879.87,224.08,West,Mumbai,Credit Card
ORD100257,2024-06-07,CUST00887,46.0,Male,Small Business,Home & Kitchen,LED Table Lamp,4244.63,1,0.2,3395.7,574.34,Central,Bhopal,Cash on Delivery
ORD102103,2024-06-07,CUST00900,45.0,Female,Corporate,Clothing,Winter Jacket,826.61,2,0.05,1570.56,316.14,South,Hyderabad,UPI
ORD103356,2024-06-07,CUST01714,27.0,Female,Corporate,Furniture,Bookshelf,4749.85,3,0.0,14249.55,4059.03,West,Ahmedabad,Net Banking
ORD101152,2024-06-08,CUST01091,20.0,Female,Corporate,Clothing,Summer Dress,1463.0,1,0.05,1389.85,568.22,South,Bengaluru,UPI
ORD104012,2024-06-08,CUST01275,25.0,Female,Consumer,Furniture,Bookshelf,3266.73,4,0.15,11106.88,1258.01,South,Hyderabad,Credit Card
ORD106190,2024-06-08,CUST00166,18.0,Male,Corporate,Clothing,Sports Cap,2538.4,1,0.15,2157.64,333.46,South,Kochi,Cash on Delivery
ORD105566,2024-06-08,CUST00473,39.0,Female,Corporate,Home & Kitchen,Bedsheet Set,586.54,2,0.0,1173.08,290.72,East,Patna,Cash on Delivery
ORD100266,2024-06-08,CUST01327,27.0,Female,Small Business,Home & Kitchen,Bedsheet Set,4158.32,1,0.05,3950.4,991.82,South,Hyderabad,Net Banking
ORD102951,2024-06-08,CUST00642,36.0,Female,Consumer,Home & Kitchen,Air Fryer,5956.26,2,0.0,11912.52,2680.2,Central,Bhopal,Debit Card
ORD105252,2024-06-08,CUST01729,52.0,Female,Small Business,Clothing,Sports Cap,590.42,1,0.25,442.81,-28.28,West,Mumbai,Cash on Delivery
ORD100798,2024-06-08,CUST00402,32.0,Male,Small Business,Sports & Outdoors,Cricket Bat,5399.58,1,0.0,5399.58,2020.84,East,Kolkata,UPI
ORD104669,2024-06-08,CUST01490,45.0,Male,Small Business,Home & Kitchen,LED Table Lamp,5310.9,1,0.0,5310.9,1980.96,South,Hyderabad,UPI
ORD101020,2024-06-08,CUST01164,31.0,Female,Corporate,Books & Stationery,Sketch Pens,508.4,1,0.0,508.4,225.4,West,Mumbai,Debit Card
ORD100381,2024-06-08,CUST01951,56.0,Male,Small Business,Furniture,Study Table,4285.98,1,0.0,4285.98,1799.37,East,Kolkata,UPI
ORD103458,2024-06-08,CUST00719,28.0,Male,Corporate,Beauty & Personal Care,Lipstick,1571.28,1,0.2,1257.02,83.6,East,Patna,Credit Card
ORD103243,2024-06-08,CUST01833,35.0,Male,Small Business,Books & Stationery,Desk Organizer,667.04,5,0.15,2834.92,954.48,North,Chandigarh,UPI
ORD104122,2024-06-09,CUST01305,18.0,Female,Corporate,Clothing,Summer Dress,1967.77,1,0.0,1967.77,675.08,West,Pune,Debit Card
ORD100500,2024-06-09,CUST00788,31.0,Male,Small Business,Electronics,Power Bank,2098.39,1,0.1,1888.55,251.38,North,Jaipur,Debit Card
ORD103379,2024-06-09,CUST01877,31.0,Male,Consumer,Sports & Outdoors,Cricket Bat,1111.52,3,0.0,3334.56,876.03,North,Lucknow,Credit Card
ORD103473,2024-06-10,CUST01374,47.0,Female,Corporate,Beauty & Personal Care,Lipstick,674.2,1,0.0,674.2,273.63,South,Bengaluru,Debit Card
ORD105232,2024-06-11,CUST01175,18.0,Female,Corporate,Clothing,Kids Hoodie,837.39,5,0.0,4186.95,1257.8,South,Hyderabad,Cash on Delivery
ORD105191,2024-06-11,CUST00393,18.0,Male,Consumer,Sports & Outdoors,Cricket Bat,3645.47,3,0.2,8749.13,49.06,South,Chennai,Debit Card
ORD105113,2024-06-11,CUST00297,32.0,Female,Corporate,Beauty & Personal Care,Lipstick,1008.87,1,0.05,958.43,351.45,South,Chennai,Net Banking
ORD103084,2024-06-11,CUST00191,31.0,Other,Small Business,Sports & Outdoors,Camping Tent,1802.9,1,0.05,1712.76,349.35,West,Ahmedabad,Cash on Delivery
ORD100435,2024-06-11,CUST00127,18.0,Female,Corporate,Clothing,Kids Hoodie,1061.49,1,0.1,955.34,165.29,East,Kolkata,Net Banking
ORD106044,2024-06-11,CUST00672,39.0,Male,Consumer,Electronics,USB-C Cable,4020.02,2,0.1,7236.04,1321.41,East,Kolkata,UPI
ORD104189,2024-06-11,CUST01629,18.0,Female,Consumer,Books & Stationery,Fiction Novel,947.65,1,0.15,805.5,268.04,East,Patna,Cash on Delivery
ORD102965,2024-06-11,CUST01479,18.0,Male,Consumer,Home & Kitchen,Mixer Grinder,3417.14,1,0.25,2562.86,-158.15,West,Mumbai,Debit Card
ORD104230,2024-06-12,CUST00585,22.0,Female,Consumer,Books & Stationery,Sketch Pens,962.79,2,0.15,1636.74,244.39,North,Delhi,Debit Card
ORD105473,2024-06-12,CUST01706,21.0,Female,Consumer,Electronics,Bluetooth Speaker,4143.68,2,0.05,7872.99,2673.01,West,Mumbai,Cash on Delivery
ORD102313,2024-06-12,CUST00632,28.0,Male,Consumer,Clothing,Women's Jeans,2898.09,1,0.15,2463.38,587.36,West,Surat,UPI
ORD100278,2024-06-12,CUST00860,25.0,Female,Small Business,Clothing,Summer Dress,1680.93,3,0.0,5042.79,1638.57,West,Mumbai,Net Banking
ORD103244,2024-06-12,CUST00471,30.0,Male,Consumer,Beauty & Personal Care,Trimmer,1638.6,1,0.0,1638.6,675.72,West,Pune,Net Banking
ORD105583,2024-06-12,CUST01524,36.0,Male,Corporate,Home & Kitchen,Non-Stick Pan,1977.11,1,0.0,1977.11,740.73,West,Ahmedabad,Net Banking
ORD106115,2024-06-12,CUST01353,37.0,Female,Small Business,Electronics,Smartphone Case,4956.32,1,0.1,4460.69,1643.48,West,Pune,Credit Card
ORD104238,2024-06-12,CUST01074,27.0,Male,Small Business,Home & Kitchen,Storage Rack,1491.26,1,0.05,1416.7,528.04,South,Hyderabad,Debit Card
ORD101281,2024-06-13,CUST00219,52.0,Female,Consumer,Clothing,Sports Cap,2269.03,1,0.0,2269.03,825.58,South,Kochi,UPI
ORD102267,2024-06-13,CUST01216,32.0,Male,Corporate,Electronics,Webcam,1659.19,1,0.0,1659.19,382.65,Central,Bhopal,Net Banking
ORD106200,2024-06-13,CUST01765,70.0,Male,Small Business,Electronics,Smartwatch,6958.83,2,0.05,13221.78,4092.2,South,Bengaluru,Cash on Delivery
ORD100137,2024-06-13,CUST01733,43.0,Male,Consumer,Books & Stationery,Fiction Novel,856.18,1,0.1,770.56,184.95,Central,Raipur,Cash on Delivery
ORD100267,2024-06-13,CUST00335,41.0,Male,Corporate,Clothing,Men's T-Shirt,2672.79,1,0.0,2672.79,577.93,West,Mumbai,UPI
ORD105666,2024-06-13,CUST00109,56.0,Female,Consumer,Home & Kitchen,Mixer Grinder,3367.96,3,0.25,7577.91,1153.25,North,Delhi,Net Banking
ORD102639,2024-06-13,CUST01350,45.0,Female,Corporate,Electronics,Webcam,1132.68,3,0.0,3398.04,731.28,South,Hyderabad,Net Banking
ORD102978,2024-06-14,CUST01389,26.0,Female,Small Business,Clothing,Women's Jeans,1702.75,1,0.15,1447.34,204.18,West,Mumbai,Cash on Delivery
ORD100560,2024-06-14,CUST00381,18.0,Male,Consumer,Beauty & Personal Care,Trimmer,491.51,1,0.1,442.36,114.43,East,Kolkata,UPI
ORD105454,2024-06-14,CUST00187,36.0,Female,Consumer,Beauty & Personal Care,Perfume,569.71,1,0.05,541.22,101.22,North,Chandigarh,Credit Card
ORD102220,2024-06-14,CUST01371,47.0,Female,Consumer,Clothing,Women's Jeans,2983.36,1,0.1,2685.02,381.61,East,Bhubaneswar,UPI
ORD103045,2024-06-14,CUST00511,22.0,Female,Corporate,Home & Kitchen,Air Fryer,3929.82,2,0.05,7466.66,2629.87,South,Bengaluru,UPI
ORD102631,2024-06-14,CUST01973,18.0,Male,Corporate,Beauty & Personal Care,Lipstick,1733.94,1,0.05,1647.24,687.9,North,Jaipur,Credit Card
ORD100337,2024-06-14,CUST01797,26.0,Female,Consumer,Home & Kitchen,Storage Rack,4344.39,1,0.1,3909.95,1227.9,East,Patna,Cash on Delivery
ORD103465,2024-06-15,CUST01526,25.0,Male,Corporate,Electronics,Smartphone Case,8217.23,1,0.0,8217.23,2471.15,East,Patna,Debit Card
ORD104644,2024-06-15,CUST00353,46.0,Female,Consumer,Clothing,Women's Jeans,555.6,1,0.0,555.6,229.91,North,Jaipur,UPI
ORD101437,2024-06-15,CUST00922,19.0,Male,Consumer,Electronics,Wireless Earbuds,2759.54,3,0.0,8278.62,2179.43,North,Delhi,Debit Card
ORD103152,2024-06-15,CUST00092,28.0,Female,Small Business,Home & Kitchen,Air Fryer,1663.44,1,0.0,1663.44,729.35,West,Ahmedabad,Debit Card
ORD102982,2024-06-15,CUST00436,27.0,Female,Consumer,Electronics,Bluetooth Speaker,8686.14,3,0.15,22149.66,7446.23,South,Kochi,Debit Card
ORD102388,2024-06-15,CUST00521,51.0,Female,Consumer,Electronics,USB-C Cable,5603.84,1,0.1,5043.46,1291.31,West,Pune,UPI
ORD101014,2024-06-15,CUST01396,29.0,Male,Consumer,Clothing,Men's T-Shirt,2105.56,1,0.05,2000.28,720.54,Central,Nagpur,Net Banking
ORD104768,2024-06-16,CUST01514,21.0,Female,Consumer,Clothing,Running Shoes,1147.9,2,0.0,2295.8,546.46,East,Kolkata,UPI
ORD102608,2024-06-16,CUST01634,43.0,Female,Small Business,Beauty & Personal Care,Trimmer,590.82,1,0.0,590.82,259.13,North,Jaipur,UPI
ORD105011,2024-06-16,CUST00874,21.0,Female,Corporate,Electronics,Laptop Stand,3814.72,1,0.15,3242.51,667.82,North,Chandigarh,UPI
ORD100074,2024-06-16,CUST01648,21.0,Male,Consumer,Home & Kitchen,Storage Rack,777.03,1,0.15,660.48,60.58,South,Kochi,Credit Card
ORD104973,2024-06-16,CUST01433,49.0,Female,Consumer,Furniture,Study Table,10178.88,1,0.05,9669.94,3820.82,South,Bengaluru,Credit Card
ORD103712,2024-06-16,CUST00621,36.0,Male,Small Business,Furniture,Office Chair,10979.46,1,0.0,10979.46,2683.46,South,Kochi,UPI
ORD101299,2024-06-16,CUST00026,39.0,Male,Consumer,Sports & Outdoors,Dumbbell Set,1255.22,1,0.0,1255.22,468.3,South,Kochi,Cash on Delivery
ORD103070,2024-06-16,CUST00587,38.0,Male,Corporate,Home & Kitchen,Bedsheet Set,5602.56,2,0.15,9524.35,1743.4,West,Pune,UPI
ORD100438,2024-06-16,CUST00619,38.0,Male,Corporate,Clothing,Kids Hoodie,318.74,1,0.0,318.74,142.32,West,Ahmedabad,Debit Card
ORD101399,2024-06-16,CUST00878,31.0,Female,Consumer,Clothing,Running Shoes,752.3,1,0.1,677.07,209.89,South,Hyderabad,Cash on Delivery
ORD106221,2024-06-16,CUST01124,27.0,Male,Consumer,Sports & Outdoors,Yoga Mat,2510.45,3,0.0,7531.35,1944.99,West,Surat,Debit Card
ORD100800,2024-06-16,CUST01133,30.0,Male,Consumer,Home & Kitchen,Ceramic Mug Set,4914.83,2,0.15,8355.21,1819.16,North,Delhi,Credit Card
ORD102561,2024-06-16,CUST01859,27.0,Male,Consumer,Electronics,Smartphone Case,5630.04,2,0.0,11260.08,3977.32,West,Pune,UPI
ORD105513,2024-06-17,CUST01409,43.0,Male,Corporate,Clothing,Summer Dress,2207.13,1,0.05,2096.77,742.33,East,Bhubaneswar,Debit Card
ORD101189,2024-06-17,CUST01856,30.0,Female,Consumer,Clothing,Men's T-Shirt,2471.99,1,0.2,1977.59,28.99,North,Jaipur,Cash on Delivery
ORD102758,2024-06-17,CUST00471,30.0,Male,Consumer,Clothing,Formal Shirt,545.51,1,0.25,409.13,52.45,Central,Nagpur,
ORD101150,2024-06-17,CUST00271,,Female,Corporate,Home & Kitchen,Air Fryer,3138.22,2,0.0,6276.44,1339.28,South,Bengaluru,UPI
ORD100009,2024-06-17,CUST01836,39.0,Female,Consumer,Clothing,Women's Jeans,1096.17,2,0.05,2082.72,477.1,North,Delhi,Net Banking
ORD101943,2024-06-17,CUST01382,20.0,Male,Corporate,Electronics,Smartphone Case,8746.47,1,0.0,8746.47,2294.88,North,Delhi,Net Banking
ORD102047,2024-06-17,CUST01814,29.0,Female,Small Business,Furniture,Bookshelf,10448.62,2,0.1,18807.52,2145.02,West,Ahmedabad,UPI
ORD103434,2024-06-17,CUST00610,40.0,Female,Corporate,Furniture,Coffee Table,10873.87,1,0.0,10873.87,3477.57,West,Mumbai,Debit Card
ORD104665,2024-06-18,CUST01639,38.0,Male,Small Business,Electronics,Smartwatch,5180.5,1,0.1,4662.45,627.21,Central,Raipur,Debit Card
ORD103312,2024-06-18,CUST00699,18.0,Female,Corporate,Home & Kitchen,LED Table Lamp,3577.25,1,0.15,3040.66,606.73,West,Surat,Debit Card
ORD106088,2024-06-18,CUST00775,18.0,Female,Consumer,Clothing,Women's Jeans,1926.47,1,0.0,1926.47,427.95,Central,Bhopal,UPI
ORD101649,2024-06-18,CUST01843,43.0,Female,Consumer,Home & Kitchen,Air Fryer,2567.72,2,0.0,5135.44,1067.2,East,Bhubaneswar,Cash on Delivery
ORD102934,2024-06-18,CUST00934,34.0,Female,Consumer,Electronics,Smartphone Case,8749.43,1,0.05,8311.96,2325.56,West,Surat,Credit Card
ORD101540,2024-06-18,CUST01133,30.0,Male,Consumer,Electronics,USB-C Cable,6737.79,1,0.2,5390.23,641.59,West,Pune,Cash on Delivery
ORD103973,2024-06-18,CUST00513,36.0,Male,Consumer,Electronics,Power Bank,7179.77,1,0.15,6102.8,1960.18,West,Ahmedabad,Debit Card
ORD105822,2024-06-18,CUST00102,40.0,Male,Consumer,Home & Kitchen,Bedsheet Set,843.49,2,0.15,1433.93,126.01,West,Pune,Cash on Delivery
ORD101304,2024-06-18,CUST00817,18.0,Other,Consumer,Home & Kitchen,Water Bottle,4559.94,1,0.1,4103.95,1262.72,South,Hyderabad,Credit Card
ORD102142,2024-06-19,CUST00618,18.0,Male,Consumer,Clothing,Men's T-Shirt,2846.35,2,0.2,4554.16,1.98,South,Hyderabad,Debit Card
ORD105555,2024-06-19,CUST01033,18.0,Female,Consumer,Electronics,USB-C Cable,6133.31,1,0.1,5519.98,1131.72,North,Jaipur,UPI
ORD105285,2024-06-19,CUST01530,20.0,Male,Consumer,Beauty & Personal Care,Lipstick,1244.68,2,0.0,2489.36,789.51,South,Chennai,UPI
ORD106349,2024-06-19,CUST02025,42.0,Male,Small Business,Electronics,USB-C Cable,3601.78,1,0.2,2881.42,588.09,East,Bhubaneswar,UPI
ORD105912,2024-06-19,CUST00173,37.0,Male,Corporate,Clothing,Running Shoes,1261.07,1,0.1,1134.96,353.04,South,Kochi,Credit Card
ORD102790,2024-06-20,CUST01286,18.0,Female,Consumer,Home & Kitchen,Storage Rack,5978.22,1,0.05,5679.31,2361.58,South,Bengaluru,Credit Card
ORD102152,2024-06-21,CUST00709,29.0,Female,Consumer,Home & Kitchen,Mixer Grinder,5837.48,1,0.25,4378.11,438.86,South,Kochi,Debit Card
ORD100214,2024-06-21,CUST01000,46.0,Female,Corporate,Electronics,Laptop Stand,5708.9,3,0.15,14557.69,4848.25,Central,Raipur,UPI
ORD102921,2024-06-21,CUST00125,28.0,Male,Consumer,Clothing,Summer Dress,527.44,2,0.05,1002.14,217.91,North,Delhi,UPI
ORD105678,2024-06-21,CUST00531,33.0,Male,Small Business,Home & Kitchen,LED Table Lamp,5624.61,2,0.15,9561.84,1922.87,North,Chandigarh,UPI
ORD104152,2024-06-21,CUST02000,34.0,Female,Consumer,Furniture,Study Table,4918.31,1,0.2,3934.65,742.01,East,Kolkata,UPI
ORD101306,2024-06-22,CUST01989,29.0,Female,Corporate,Clothing,Summer Dress,656.95,1,0.1,591.26,70.3,North,Lucknow,Cash on Delivery
ORD106036,2024-06-22,CUST00489,18.0,Male,Small Business,Electronics,Power Bank,4198.46,1,0.0,4198.46,1640.48,East,Kolkata,Cash on Delivery
ORD102589,2024-06-22,CUST02074,35.0,Male,Consumer,Books & Stationery,Desk Organizer,185.51,2,0.15,315.37,42.54,East,Patna,Cash on Delivery
ORD103112,2024-06-22,CUST01551,24.0,Female,Corporate,Clothing,Summer Dress,1484.14,2,0.1,2671.45,771.31,West,Surat,UPI
ORD100091,2024-06-22,CUST00614,37.0,Other,Corporate,Clothing,Winter Jacket,928.19,3,0.15,2366.88,822.69,North,Lucknow,Credit Card
ORD102321,2024-06-22,CUST01322,18.0,Male,Consumer,Beauty & Personal Care,Sunscreen SPF50,1527.75,1,0.2,1222.2,161.14,East,Patna,Debit Card
ORD102634,2024-06-22,CUST00592,40.0,Female,Small Business,Home & Kitchen,Storage Rack,860.55,1,0.15,731.47,181.69,West,Pune,Net Banking
ORD106283,2024-06-22,CUST01898,46.0,Female,Consumer,Electronics,USB-C Cable,7010.56,1,0.1,6309.5,1931.84,South,Bengaluru,UPI
ORD106474,2024-06-22,CUST00826,26.0,Male,Corporate,Clothing,Sports Cap,1623.87,1,0.1,1461.48,262.7,West,Surat,Credit Card
ORD100630,2024-06-22,CUST00920,34.0,Other,Corporate,Clothing,Winter Jacket,1237.88,4,0.05,4703.94,1694.44,North,Jaipur,Credit Card
ORD102672,2024-06-22,CUST01984,23.0,Female,Small Business,Books & Stationery,Desk Organizer,666.56,1,0.25,499.92,34.46,North,Jaipur,UPI
ORD104119,2024-06-23,CUST01507,25.0,Male,Corporate,Clothing,Women's Jeans,1794.93,1,0.2,1435.94,46.73,East,Kolkata,Credit Card
ORD105599,2024-06-23,CUST01287,37.0,Female,Consumer,Electronics,Power Bank,1041.5,1,0.15,885.28,280.78,West,Pune,Debit Card
ORD102943,2024-06-23,CUST00635,39.0,Male,Consumer,Clothing,Running Shoes,2710.5,1,0.15,2303.92,780.24,West,Surat,Cash on Delivery
ORD103848,2024-06-23,CUST00172,41.0,Female,Consumer,Clothing,Sports Cap,2428.89,1,0.0,2428.89,747.86,North,Chandigarh,Cash on Delivery
ORD106489,2024-06-23,CUST00228,28.0,Female,Corporate,Books & Stationery,Desk Organizer,469.01,1,0.0,469.01,103.5,West,Pune,UPI
ORD100321,2024-06-23,CUST00311,47.0,Female,Consumer,Home & Kitchen,LED Table Lamp,3847.13,2,0.0,7694.26,3054.7,East,Bhubaneswar,Debit Card
ORD103447,2024-06-23,CUST00955,37.0,Male,Consumer,Beauty & Personal Care,Sunscreen SPF50,289.93,1,0.0,289.93,86.92,South,Bengaluru,Credit Card
ORD104967,2024-06-23,CUST00994,32.0,Female,Consumer,Home & Kitchen,Ceramic Mug Set,2970.86,1,0.0,2970.86,1142.02,South,Hyderabad,Credit Card
ORD102952,2024-06-23,CUST00528,24.0,Male,Corporate,Clothing,Formal Shirt,1810.24,4,0.05,6878.91,2695.6,North,Lucknow,UPI
ORD103711,2024-06-24,CUST00352,28.0,Male,Consumer,Home & Kitchen,Non-Stick Pan,284.04,2,0.15,482.87,103.59,North,Chandigarh,Debit Card
ORD105429,2024-06-24,CUST01976,35.0,Female,Consumer,Electronics,Smartwatch,1211.78,1,0.1,1090.6,204.1,West,Pune,Debit Card
ORD101532,2024-06-24,CUST00649,19.0,Female,Consumer,Sports & Outdoors,Yoga Mat,511.53,1,0.0,511.53,170.76,North,Chandigarh,Debit Card
ORD101796,2024-06-24,CUST00138,47.0,Female,Corporate,Home & Kitchen,Ceramic Mug Set,1916.74,2,0.1,3450.13,936.16,East,Bhubaneswar,Credit Card
ORD103345,2024-06-24,CUST00352,28.0,Male,Consumer,Beauty & Personal Care,Lipstick,247.99,1,0.2,198.39,31.69,West,Mumbai,Cash on Delivery
ORD100876,2024-06-24,CUST01285,32.0,Male,Consumer,Electronics,USB-C Cable,6393.43,1,0.0,6393.43,2025.63,North,Delhi,UPI
ORD101366,2024-06-24,CUST00349,52.0,Female,Corporate,Electronics,USB-C Cable,8383.89,2,0.15,14252.61,3737.58,West,Pune,Net Banking
ORD101589,2024-06-25,CUST00719,28.0,Male,Corporate,Home & Kitchen,Mixer Grinder,2064.58,1,0.0,2064.58,918.91,South,Bengaluru,UPI
ORD106331,2024-06-25,CUST01116,48.0,Male,Consumer,Electronics,Power Bank,1916.82,1,0.05,1820.98,294.6,East,Bhubaneswar,UPI
ORD104651,2024-06-25,CUST00763,30.0,Male,Small Business,Beauty & Personal Care,Sunscreen SPF50,1795.42,1,0.05,1705.65,358.54,South,Kochi,UPI
ORD105203,2024-06-25,CUST00512,30.0,Male,Consumer,Sports & Outdoors,Football,5302.37,1,0.0,5302.37,1643.12,South,Kochi,Debit Card
ORD105244,2024-06-25,CUST00073,44.0,Female,Consumer,Furniture,Bean Bag,9132.39,1,0.05,8675.77,2217.59,South,Kochi,UPI
ORD105925,2024-06-25,CUST02078,18.0,Male,Consumer,Beauty & Personal Care,Trimmer,817.59,3,0.0,2452.77,1097.4,Central,Nagpur,Credit Card
ORD101511,2024-06-26,CUST00934,34.0,Female,Consumer,Electronics,Bluetooth Speaker,2981.21,1,0.2,2384.97,262.77,East,Kolkata,UPI
ORD102809,2024-06-26,CUST00559,18.0,Male,Consumer,Clothing,Winter Jacket,314.04,1,0.05,298.34,96.04,South,Bengaluru,UPI
ORD105394,2024-06-26,CUST00562,20.0,Male,Corporate,Home & Kitchen,Mixer Grinder,3370.12,3,0.1,9099.32,3241.44,Central,Raipur,Debit Card
ORD105890,2024-06-26,CUST02097,68.0,Female,Consumer,Home & Kitchen,Mixer Grinder,2586.9,1,0.15,2198.87,763.38,East,Bhubaneswar,Credit Card
ORD103218,2024-06-26,CUST00087,38.0,Female,Consumer,Home & Kitchen,LED Table Lamp,4022.06,5,0.0,20110.3,6717.46,Central,Bhopal,UPI
ORD105864,2024-06-26,CUST00917,30.0,Female,Small Business,Electronics,Webcam,1115.97,2,0.15,1897.15,404.64,South,Chennai,Cash on Delivery
ORD104740,2024-06-26,CUST01606,35.0,Male,Consumer,Clothing,Men's T-Shirt,1003.93,3,0.0,3011.79,913.31,West,Surat,UPI
ORD102988,2024-06-26,CUST01606,35.0,Male,Consumer,Electronics,Wireless Earbuds,7877.95,1,0.0,7877.95,3329.01,North,Lucknow,Credit Card
ORD105773,2024-06-27,CUST01098,39.0,Male,Consumer,Clothing,Summer Dress,2498.01,1,0.15,2123.31,167.41,West,Mumbai,UPI
ORD101331,2024-06-27,CUST00629,22.0,Female,Consumer,Clothing,Sports Cap,1995.56,1,0.1,1796.0,466.92,West,Ahmedabad,Net Banking
ORD100966,2024-06-27,CUST00764,31.0,Male,Consumer,Books & Stationery,Notebook Pack,582.83,1,0.0,582.83,255.57,South,Chennai,Debit Card
ORD102134,2024-06-27,CUST00155,41.0,Male,Consumer,Clothing,Kids Hoodie,2912.46,1,0.1,2621.21,747.72,East,Bhubaneswar,UPI
ORD105023,2024-06-27,CUST01004,37.0,Female,Consumer,Sports & Outdoors,Cycling Helmet,2292.54,1,0.05,2177.91,772.49,South,Chennai,Net Banking
ORD105771,2024-06-28,CUST01640,57.0,Male,Consumer,Electronics,Smartwatch,5316.88,1,0.05,5051.04,1969.31,South,Chennai,UPI
ORD104659,2024-06-28,CUST00435,33.0,Female,Corporate,Sports & Outdoors,Cricket Bat,3452.79,1,0.0,3452.79,817.15,East,Patna,Debit Card
ORD106028,2024-06-28,CUST01552,26.0,Female,Consumer,Clothing,Men's T-Shirt,2089.67,5,0.15,8881.1,755.51,South,Kochi,Credit Card
ORD105289,2024-06-28,CUST00247,33.0,Male,Small Business,Clothing,Formal Shirt,868.93,1,0.15,738.59,55.9,South,Chennai,UPI
ORD100778,2024-06-28,CUST00016,45.0,Male,Consumer,Sports & Outdoors,Cycling Helmet,642.22,1,0.2,513.78,21.79,West,Ahmedabad,Debit Card
ORD106248,2024-06-28,CUST01568,39.0,Female,Consumer,Electronics,Laptop Stand,5275.86,5,0.05,25060.34,7742.35,North,Jaipur,Debit Card
ORD104560,2024-06-28,CUST00978,24.0,Female,Consumer,Electronics,Bluetooth Speaker,1355.34,1,0.25,1016.5,61.73,North,Jaipur,UPI
ORD104316,2024-06-29,CUST01299,39.0,Female,Corporate,Clothing,Running Shoes,1127.58,2,0.0,2255.16,682.7,South,Hyderabad,Cash on Delivery
ORD100777,2024-06-29,CUST00786,47.0,Female,Corporate,Clothing,Sports Cap,2390.06,2,0.0,4780.12,1838.38,South,Kochi,Credit Card
ORD101915,2024-06-29,CUST01520,40.0,Male,Consumer,Clothing,Formal Shirt,2430.85,2,0.2,3889.36,542.46,South,Chennai,Cash on Delivery
ORD106430,2024-06-29,CUST01258,38.0,Male,Consumer,Clothing,Running Shoes,425.04,2,0.0,850.08,216.72,West,Pune,Debit Card
ORD102473,2024-06-29,CUST01388,35.0,Female,Corporate,Books & Stationery,Notebook Pack,382.88,1,0.0,382.88,122.73,East,Kolkata,UPI
ORD100890,2024-06-29,CUST01885,34.0,Female,Consumer,Home & Kitchen,Water Bottle,1631.97,1,0.15,1387.17,402.72,West,Surat,UPI
ORD106316,2024-06-30,CUST01429,18.0,Female,Consumer,Sports & Outdoors,Cricket Bat,2024.8,1,0.0,2024.8,582.92,Central,Raipur,Credit Card
ORD100235,2024-06-30,CUST00684,46.0,Female,Consumer,Electronics,USB-C Cable,8080.91,1,0.0,8080.91,2445.79,Central,Bhopal,Cash on Delivery
ORD102045,2024-06-30,CUST01684,38.0,Female,Consumer,Beauty & Personal Care,Lipstick,1011.21,2,0.05,1921.3,436.53,Central,Bhopal,Cash on Delivery
ORD101130,2024-06-30,CUST00127,18.0,Female,Corporate,Home & Kitchen,LED Table Lamp,3660.94,1,0.0,3660.94,884.13,West,Mumbai,UPI
ORD103272,2024-06-30,CUST00790,42.0,Male,Corporate,Home & Kitchen,Water Bottle,4979.15,1,0.25,3734.36,334.57,Central,Bhopal,UPI
ORD106157,2024-06-30,CUST00460,26.0,Other,Consumer,Books & Stationery,Planner Diary,845.07,2,0.05,1605.63,392.05,East,Patna,UPI
ORD102519,2024-06-30,CUST01026,25.0,Female,Consumer,Books & Stationery,Planner Diary,600.49,2,0.15,1020.83,288.54,East,Kolkata,Net Banking
ORD103106,2024-06-30,CUST00422,28.0,Female,Consumer,Clothing,Men's T-Shirt,1372.31,5,0.0,6861.55,2239.0,East,Kolkata,Debit Card
ORD106101,2024-06-30,CUST00193,39.0,Female,Consumer,Sports & Outdoors,Camping Tent,1011.91,1,0.1,910.72,278.32,East,Patna,Net Banking
ORD103310,2024-06-30,CUST01179,44.0,Female,Corporate,Beauty & Personal Care,Face Wash,345.89,1,0.2,276.71,63.12,North,Delhi,Debit Card
ORD106442,2024-06-30,CUST00112,35.0,Male,Consumer,Home & Kitchen,Mixer Grinder,3576.95,1,0.2,2861.56,324.91,West,Pune,Credit Card
ORD101594,2024-07-01,CUST01599,47.0,Female,Consumer,Electronics,Bluetooth Speaker,6607.36,1,0.05,6276.99,1528.1,West,Mumbai,Credit Card
ORD106298,2024-07-01,CUST01949,,Male,Corporate,Electronics,Laptop Stand,7895.54,1,0.05,7500.76,3121.16,South,Chennai,UPI
ORD104732,2024-07-01,CUST00153,34.0,Female,Corporate,Books & Stationery,Planner Diary,881.29,1,0.1,793.16,130.46,South,Chennai,Cash on Delivery
ORD102354,2024-07-01,CUST00995,35.0,Male,Small Business,Clothing,Summer Dress,2983.17,1,0.1,2684.85,880.01,West,Surat,Credit Card
ORD101037,2024-07-01,CUST01691,18.0,Female,Consumer,Sports & Outdoors,Camping Tent,5984.43,3,0.05,17055.63,7140.64,West,Pune,UPI
ORD103672,2024-07-01,CUST01711,18.0,Female,Consumer,Sports & Outdoors,Cricket Bat,1474.95,1,0.0,1474.95,625.66,West,Mumbai,UPI
ORD101353,2024-07-02,CUST01057,55.0,Male,Corporate,Clothing,Women's Jeans,2844.04,2,0.0,5688.08,1843.05,South,Chennai,
ORD104672,2024-07-02,CUST02045,31.0,Female,Consumer,Home & Kitchen,Non-Stick Pan,2496.63,1,0.05,2371.8,492.99,South,Kochi,Credit Card
ORD103565,2024-07-02,CUST02062,30.0,Male,Consumer,Electronics,Laptop Stand,5736.97,1,0.15,4876.42,555.6,South,Bengaluru,Cash on Delivery
ORD105567,2024-07-02,CUST00686,36.0,Female,Consumer,Clothing,Sports Cap,592.1,1,0.2,473.68,8.12,South,Bengaluru,UPI
ORD100509,2024-07-02,CUST01546,38.0,Male,Corporate,Furniture,Office Chair,11324.65,1,0.15,9625.95,1342.84,West,Pune,Debit Card
ORD105028,2024-07-03,CUST00993,30.0,Female,Consumer,Beauty & Personal Care,Hair Dryer,324.93,1,0.15,276.19,83.43,North,Lucknow,UPI
ORD100196,2024-07-03,CUST00363,29.0,Female,Consumer,Electronics,Smartwatch,4170.52,1,0.25,3127.89,93.69,West,Pune,Credit Card
ORD100304,2024-07-03,CUST01432,41.0,Male,Corporate,Clothing,Running Shoes,2486.42,1,0.2,1989.14,480.72,West,Surat,Cash on Delivery
ORD101869,2024-07-03,CUST00085,22.0,Female,Consumer,Electronics,Laptop Stand,5340.64,2,0.1,9613.15,2349.02,West,Pune,Cash on Delivery
ORD102214,2024-07-03,CUST01437,50.0,Female,Corporate,Electronics,Power Bank,4619.39,3,0.05,13165.26,3762.2,West,Pune,Credit Card
ORD101888,2024-07-03,CUST00347,,Female,Small Business,Furniture,Office Chair,12689.88,1,0.0,12689.88,2818.25,North,Lucknow,Cash on Delivery
ORD101343,2024-07-04,CUST01854,19.0,Female,Small Business,Furniture,Bookshelf,4341.88,1,0.0,4341.88,1836.21,South,Hyderabad,Cash on Delivery
ORD105483,2024-07-04,CUST00249,42.0,Male,Consumer,Home & Kitchen,Mixer Grinder,4924.96,2,0.1,8864.93,3157.96,South,Hyderabad,Net Banking
ORD105038,2024-07-04,CUST00556,22.0,Male,Small Business,Furniture,Bean Bag,9288.84,1,0.15,7895.51,1402.23,South,Chennai,Credit Card
ORD102966,2024-07-04,CUST01933,41.0,Female,Small Business,Clothing,Men's T-Shirt,926.07,1,0.15,787.16,72.74,West,Ahmedabad,Net Banking
ORD101859,2024-07-05,CUST02009,39.0,Female,Corporate,Clothing,Summer Dress,2739.9,1,0.25,2054.93,309.93,West,Surat,UPI
ORD100984,2024-07-05,CUST00839,35.0,Female,Small Business,Books & Stationery,Notebook Pack,985.59,1,0.1,887.03,237.78,West,Ahmedabad,UPI
ORD101986,2024-07-05,CUST01499,18.0,Female,Consumer,Clothing,Women's Jeans,2664.26,1,0.0,2664.26,662.64,South,Chennai,Debit Card
ORD100159,2024-07-05,CUST00480,20.0,Male,Consumer,Clothing,Formal Shirt,652.8,1,0.1,587.52,212.48,North,Chandigarh,UPI
ORD103916,2024-07-05,CUST01344,34.0,Male,Corporate,Electronics,Webcam,7834.06,1,0.15,6658.95,2250.56,North,Lucknow,Cash on Delivery
ORD104986,2024-07-05,CUST01487,58.0,Female,Corporate,Electronics,Bluetooth Speaker,8619.5,2,0.1,15515.1,2044.93,North,Lucknow,Credit Card
ORD104423,2024-07-05,CUST01072,30.0,Female,Corporate,Clothing,Men's T-Shirt,607.03,2,0.1,1092.65,161.59,East,Kolkata,UPI
ORD102369,2024-07-06,CUST01705,25.0,Female,Small Business,Home & Kitchen,LED Table Lamp,5356.42,1,0.15,4552.96,918.58,South,Kochi,Cash on Delivery
ORD104136,2024-07-06,CUST01542,38.0,Female,Corporate,Beauty & Personal Care,Trimmer,1005.85,1,0.1,905.26,299.37,East,Kolkata,Credit Card
ORD102956,2024-07-06,CUST00785,33.0,Female,Consumer,Books & Stationery,Planner Diary,653.04,1,0.0,653.04,175.66,West,Mumbai,UPI
ORD104148,2024-07-06,CUST00771,45.0,Male,Consumer,Beauty & Personal Care,Perfume,1556.06,1,0.05,1478.26,445.11,Central,Raipur,UPI
ORD101989,2024-07-06,CUST01850,37.0,Male,Corporate,Sports & Outdoors,Yoga Mat,5443.45,2,0.0,10886.9,2394.6,South,Kochi,Credit Card
ORD104589,2024-07-06,CUST00891,36.0,Female,Corporate,Beauty & Personal Care,Hair Dryer,1241.24,2,0.0,2482.48,605.01,West,Surat,Credit Card
ORD102912,2024-07-06,CUST00831,40.0,Female,Consumer,Home & Kitchen,Ceramic Mug Set,1569.56,2,0.05,2982.16,583.39,South,Hyderabad,UPI
ORD100075,2024-07-06,CUST01325,44.0,Male,Consumer,Home & Kitchen,Water Bottle,2804.58,1,0.1,2524.12,397.39,West,Ahmedabad,UPI
ORD100086,2024-07-06,CUST01061,46.0,Female,Consumer,Furniture,Bean Bag,13470.43,2,0.1,24246.77,7917.74,East,Bhubaneswar,Debit Card
ORD102826,2024-07-06,CUST01256,28.0,Female,Consumer,Home & Kitchen,Storage Rack,1692.52,1,0.05,1607.89,641.71,North,Delhi,Cash on Delivery
ORD104225,2024-07-07,CUST01576,18.0,Male,Consumer,Clothing,Kids Hoodie,1774.47,1,0.2,1419.58,309.74,North,Jaipur,Credit Card
ORD100719,2024-07-07,CUST01955,47.0,Female,Small Business,Electronics,Smartphone Case,2143.62,1,0.1,1929.26,542.81,North,Lucknow,UPI
ORD101619,2024-07-07,CUST01801,21.0,Female,Corporate,Furniture,Office Chair,4590.85,1,0.0,4590.85,1316.14,North,Jaipur,UPI
ORD104193,2024-07-07,CUST01464,31.0,Male,Corporate,Home & Kitchen,Ceramic Mug Set,5225.14,1,0.1,4702.63,611.56,South,Chennai,Debit Card
ORD102026,2024-07-07,CUST00430,34.0,Female,Small Business,Beauty & Personal Care,Trimmer,439.2,2,0.05,834.48,286.72,North,Delhi,Debit Card
ORD104449,2024-07-07,CUST02021,18.0,Female,Consumer,Beauty & Personal Care,Perfume,498.08,1,0.05,473.18,111.74,West,Ahmedabad,Cash on Delivery
ORD104988,2024-07-08,CUST01337,40.0,Male,Corporate,Clothing,Sports Cap,1668.04,2,0.0,3336.08,762.91,North,Chandigarh,UPI
ORD102137,2024-07-08,CUST00268,18.0,Female,Consumer,Electronics,Smartphone Case,5323.8,1,0.1,4791.42,1420.1,South,Bengaluru,Debit Card
ORD101317,2024-07-08,CUST00626,49.0,Male,Consumer,Clothing,Running Shoes,2823.9,1,0.15,2400.32,578.84,West,Surat,UPI
ORD105823,2024-07-08,CUST01620,23.0,Male,Small Business,Clothing,Men's T-Shirt,2443.42,3,0.0,7330.26,2037.18,West,Ahmedabad,Cash on Delivery
ORD100002,2024-07-08,CUST00513,36.0,Male,Consumer,Electronics,Bluetooth Speaker,7812.91,1,0.15,6640.97,1993.63,West,Ahmedabad,Net Banking
ORD103881,2024-07-08,CUST01059,,Female,Consumer,Sports & Outdoors,Cricket Bat,1813.32,1,0.25,1359.99,-72.56,West,Surat,Debit Card
ORD103894,2024-07-08,CUST00601,31.0,Male,Consumer,Electronics,Laptop Stand,5914.15,1,0.15,5027.03,1505.97,North,Jaipur,Credit Card
ORD101874,2024-07-09,CUST01096,33.0,Female,Corporate,Clothing,Men's T-Shirt,2363.24,3,0.0,7089.72,2954.32,West,Surat,Cash on Delivery
ORD101003,2024-07-09,CUST01467,27.0,Male,Consumer,Beauty & Personal Care,Lipstick,1622.16,3,0.1,4379.83,1350.26,West,Pune,Debit Card
ORD103773,2024-07-09,CUST00529,25.0,Female,Corporate,Electronics,Webcam,3507.86,1,0.2,2806.29,530.82,East,Kolkata,Credit Card
ORD101895,2024-07-09,CUST00431,,Female,Consumer,Beauty & Personal Care,Hair Dryer,377.2,3,0.0,1131.6,445.77,West,Ahmedabad,Cash on Delivery
ORD103016,2024-07-09,CUST01205,19.0,Female,Consumer,Clothing,Men's T-Shirt,707.32,1,0.0,707.32,291.84,East,Kolkata,Credit Card
ORD105866,2024-07-09,CUST01015,33.0,Male,Consumer,Home & Kitchen,Water Bottle,770.02,1,0.0,770.02,332.47,Central,Bhopal,UPI
ORD103219,2024-07-09,CUST00851,40.0,Female,Small Business,Home & Kitchen,Air Fryer,5235.45,1,0.0,5235.45,2082.22,West,Mumbai,Credit Card
ORD105935,2024-07-09,CUST00234,33.0,Male,Corporate,Beauty & Personal Care,Face Wash,1916.22,2,0.0,3832.44,1548.55,West,Mumbai,Net Banking
ORD103124,2024-07-09,CUST00598,29.0,Female,Small Business,Books & Stationery,Sketch Pens,164.26,1,0.1,147.83,20.16,South,Bengaluru,Credit Card
ORD100972,2024-07-09,CUST00537,18.0,Male,Consumer,Furniture,Coffee Table,7204.21,1,0.25,5403.16,584.11,West,Surat,UPI
ORD101741,2024-07-10,CUST01632,56.0,Male,Consumer,Home & Kitchen,Ceramic Mug Set,1520.17,2,0.0,3040.34,1092.63,North,Delhi,UPI
ORD105350,2024-07-10,CUST00868,43.0,Female,Corporate,Furniture,Coffee Table,2708.73,1,0.0,2708.73,1196.81,West,Ahmedabad,UPI
ORD101364,2024-07-10,CUST00743,29.0,Female,Consumer,Electronics,Webcam,6675.46,1,0.0,6675.46,2253.64,East,Patna,Cash on Delivery
ORD104506,2024-07-11,CUST00012,26.0,Female,Corporate,Clothing,Winter Jacket,981.52,1,0.05,932.44,340.24,Central,Nagpur,UPI
ORD102973,2024-07-11,CUST00216,18.0,Female,Consumer,Clothing,Women's Jeans,356.49,2,0.0,712.98,197.96,West,Surat,Debit Card
ORD104281,2024-07-11,CUST01177,46.0,Female,Consumer,Home & Kitchen,LED Table Lamp,2114.21,1,0.05,2008.5,825.83,South,Bengaluru,UPI
ORD103761,2024-07-11,CUST01172,,Male,Consumer,Electronics,Smartwatch,6772.27,1,0.1,6095.04,2175.03,West,Ahmedabad,Net Banking
ORD104494,2024-07-11,CUST01005,27.0,Female,Corporate,Clothing,Winter Jacket,363.51,1,0.0,363.51,106.56,East,Patna,Net Banking
ORD104090,2024-07-11,CUST01429,18.0,Female,Consumer,Home & Kitchen,Air Fryer,4637.02,2,0.15,7882.93,1076.56,Central,Raipur,Cash on Delivery
ORD105557,2024-07-12,CUST01844,22.0,Male,Consumer,Sports & Outdoors,Football,6080.26,1,0.1,5472.23,1402.02,South,Chennai,Credit Card
ORD105647,2024-07-12,CUST01905,28.0,Female,Consumer,Home & Kitchen,Water Bottle,988.8,1,0.25,741.6,86.48,West,Mumbai,Cash on Delivery
ORD100384,2024-07-12,CUST00908,18.0,Female,Consumer,Beauty & Personal Care,Lipstick,1129.91,3,0.0,3389.73,1140.38,West,Mumbai,Debit Card
ORD101953,2024-07-12,CUST02083,46.0,Female,Consumer,Books & Stationery,Fiction Novel,996.68,1,0.15,847.18,200.12,Central,Bhopal,UPI
ORD101403,2024-07-13,CUST00206,36.0,Female,Consumer,Electronics,Wireless Earbuds,5534.05,3,0.15,14111.83,2497.01,North,Chandigarh,Net Banking
ORD103080,2024-07-13,CUST00022,42.0,Male,Consumer,Beauty & Personal Care,Sunscreen SPF50,1746.28,2,0.0,3492.56,1398.97,Central,Bhopal,Credit Card
ORD105412,2024-07-13,CUST00049,53.0,Male,Consumer,Beauty & Personal Care,Trimmer,308.51,1,0.1,277.66,105.42,North,Chandigarh,Credit Card
ORD100805,2024-07-13,CUST02043,34.0,Male,Corporate,Clothing,Running Shoes,1827.8,3,0.0,5483.4,2255.22,South,Hyderabad,Credit Card
ORD105064,2024-07-13,CUST01008,25.0,Male,Corporate,Home & Kitchen,Mixer Grinder,1442.26,1,0.05,1370.15,308.34,North,Jaipur,Credit Card
ORD105847,2024-07-13,CUST00872,39.0,Female,Consumer,Furniture,Wardrobe,12576.12,1,0.05,11947.31,2054.26,North,Delhi,UPI
ORD101572,2024-07-13,CUST01112,25.0,Male,Small Business,Electronics,Smartwatch,4843.12,2,0.2,7748.99,406.03,South,Chennai,Cash on Delivery
ORD100325,2024-07-14,CUST00568,52.0,Female,Consumer,Home & Kitchen,Storage Rack,5105.74,1,0.05,4850.45,1212.43,South,Chennai,Net Banking
ORD103044,2024-07-14,CUST01060,38.0,Female,Corporate,Beauty & Personal Care,Hair Dryer,1721.01,1,0.05,1634.96,369.9,East,Patna,Net Banking
ORD101065,2024-07-14,CUST00764,31.0,Male,Consumer,Clothing,Summer Dress,1380.72,3,0.1,3727.94,1199.87,East,Bhubaneswar,UPI
ORD101471,2024-07-14,CUST01495,36.0,Female,Consumer,Electronics,USB-C Cable,8761.94,1,0.05,8323.84,1990.43,West,Surat,UPI
ORD102534,2024-07-14,CUST00834,25.0,Male,Corporate,Electronics,Power Bank,2158.41,1,0.1,1942.57,315.44,South,Hyderabad,Credit Card
ORD100959,2024-07-14,CUST02045,31.0,Female,Consumer,Home & Kitchen,Air Fryer,5991.92,1,0.2,4793.54,1106.43,South,Chennai,Debit Card
ORD104028,2024-07-14,CUST00411,30.0,Male,Consumer,Furniture,Coffee Table,8881.42,2,0.2,14210.27,2056.45,North,Lucknow,Net Banking
ORD103499,2024-07-14,CUST01383,49.0,Male,Corporate,Beauty & Personal Care,Lipstick,634.56,1,0.1,571.1,197.66,South,Hyderabad,Net Banking
ORD101766,2024-07-14,CUST00523,44.0,Male,Consumer,Clothing,Sports Cap,695.98,4,0.0,2783.92,602.0,North,Lucknow,Credit Card
ORD101801,2024-07-14,CUST00013,26.0,Male,Consumer,Home & Kitchen,Ceramic Mug Set,5593.15,1,0.0,5593.15,2088.27,South,Kochi,Cash on Delivery
ORD103137,2024-07-14,CUST00292,27.0,Other,Consumer,Beauty & Personal Care,Hair Dryer,1207.63,1,0.0,1207.63,261.86,South,Bengaluru,Cash on Delivery
ORD105765,2024-07-14,CUST00220,30.0,Male,Corporate,Sports & Outdoors,Yoga Mat,5452.88,2,0.15,9269.9,665.07,South,Hyderabad,Net Banking
ORD101791,2024-07-14,CUST00654,20.0,Other,Consumer,Home & Kitchen,Air Fryer,1412.79,2,0.0,2825.58,632.37,North,Lucknow,Credit Card
ORD100828,2024-07-14,CUST02047,40.0,Male,Consumer,Beauty & Personal Care,Lipstick,1600.58,1,0.05,1520.55,595.37,West,Ahmedabad,Credit Card
ORD104921,2024-07-14,CUST00287,43.0,Male,Consumer,Clothing,Running Shoes,2473.48,1,0.2,1978.78,103.69,East,Bhubaneswar,Cash on Delivery
ORD103706,2024-07-15,CUST00751,38.0,Male,Small Business,Beauty & Personal Care,Trimmer,1350.54,1,0.0,1350.54,464.89,North,Delhi,Cash on Delivery
ORD102668,2024-07-15,CUST00082,22.0,Male,Consumer,Home & Kitchen,Bedsheet Set,2807.2,5,0.0,14036.0,4981.67,North,Jaipur,Credit Card
ORD103116,2024-07-15,CUST00712,20.0,Male,Small Business,Sports & Outdoors,Football,6840.01,1,0.0,6840.01,1761.67,North,Lucknow,Net Banking
ORD103793,2024-07-15,CUST01432,41.0,Male,Corporate,Sports & Outdoors,Dumbbell Set,2729.79,1,0.0,2729.79,1151.11,Central,Nagpur,UPI
ORD105196,2024-07-15,CUST02076,42.0,Female,Consumer,Home & Kitchen,Mixer Grinder,5383.09,2,0.0,10766.18,4024.19,South,Chennai,Cash on Delivery
ORD104831,2024-07-16,CUST00947,38.0,Female,Corporate,Electronics,Webcam,8574.39,1,0.0,8574.39,3812.09,Central,Raipur,UPI
ORD105435,2024-07-16,CUST01954,37.0,Male,Consumer,Clothing,Formal Shirt,1837.01,3,0.1,4959.93,1261.47,South,Hyderabad,UPI
ORD102204,2024-07-16,CUST01687,18.0,Male,Corporate,Books & Stationery,Desk Organizer,143.54,1,0.0,143.54,46.51,Central,Raipur,UPI
ORD105071,2024-07-17,CUST00074,30.0,Male,Small Business,Electronics,Smartphone Case,7017.43,1,0.1,6315.69,1934.52,West,Ahmedabad,Debit Card
ORD100723,2024-07-17,CUST00082,22.0,Male,Consumer,Furniture,Study Table,9676.92,1,0.25,7257.69,65.69,West,Surat,Cash on Delivery
ORD106376,2024-07-17,CUST01864,40.0,Male,Small Business,Clothing,Winter Jacket,2977.53,1,0.2,2382.02,643.83,North,Delhi,Cash on Delivery
ORD102536,2024-07-17,CUST00787,38.0,Male,Consumer,Clothing,Winter Jacket,2598.3,1,0.1,2338.47,509.83,West,Ahmedabad,Net Banking
ORD102613,2024-07-17,CUST00041,32.0,Male,Consumer,Beauty & Personal Care,Lipstick,310.82,1,0.05,295.28,62.75,South,Kochi,UPI
ORD106243,2024-07-17,CUST01179,44.0,Female,Corporate,Furniture,Study Table,14761.0,1,0.0,14761.0,4904.99,West,Surat,UPI
ORD100265,2024-07-17,CUST00822,18.0,Female,Consumer,Beauty & Personal Care,Hair Dryer,567.95,2,0.25,851.92,43.26,Central,Raipur,UPI
ORD104728,2024-07-18,CUST00728,18.0,Male,Consumer,Clothing,Winter Jacket,2839.19,1,0.15,2413.31,800.08,West,Pune,UPI
ORD104947,2024-07-18,CUST00671,31.0,Female,Small Business,Home & Kitchen,Mixer Grinder,2917.73,2,0.0,5835.46,1976.93,North,Lucknow,UPI
ORD106095,2024-07-18,CUST01447,28.0,Male,Consumer,Clothing,Kids Hoodie,2282.63,1,0.05,2168.5,390.7,North,Delhi,Debit Card
ORD103578,2024-07-18,CUST01602,22.0,Male,Corporate,Electronics,Wireless Earbuds,7071.74,2,0.05,13436.31,5641.48,Central,Bhopal,UPI
ORD103331,2024-07-18,CUST01729,52.0,Female,Small Business,Electronics,Power Bank,6036.63,1,0.05,5734.8,1491.2,North,Jaipur,UPI
ORD104908,2024-07-18,CUST00527,46.0,Male,Corporate,Books & Stationery,Planner Diary,430.28,2,0.05,817.53,324.99,West,Pune,Cash on Delivery
ORD102916,2024-07-18,CUST01666,43.0,Female,Small Business,Beauty & Personal Care,Hair Dryer,728.74,1,0.0,728.74,306.93,West,Pune,Debit Card
ORD104485,2024-07-18,CUST02073,18.0,Female,Consumer,Clothing,Summer Dress,1169.06,4,0.1,4208.62,1560.46,South,Hyderabad,Debit Card
ORD105650,2024-07-18,CUST00896,61.0,Female,Consumer,Beauty & Personal Care,Face Wash,1981.72,2,0.0,3963.44,1731.62,East,Kolkata,UPI
ORD104645,2024-07-18,CUST00657,57.0,Female,Corporate,Electronics,Smartphone Case,3333.13,1,0.0,3333.13,699.33,West,Pune,UPI
ORD106387,2024-07-19,CUST01760,18.0,Female,Small Business,Clothing,Winter Jacket,2959.3,2,0.15,5030.81,1155.21,Central,Raipur,UPI
ORD102230,2024-07-19,CUST00009,34.0,Male,Consumer,Home & Kitchen,LED Table Lamp,4702.36,1,0.05,4467.24,1702.69,South,Bengaluru,Debit Card
ORD105217,2024-07-19,CUST00253,27.0,Female,Consumer,Beauty & Personal Care,Perfume,1625.12,2,0.1,2925.22,683.39,North,Chandigarh,Cash on Delivery
ORD103136,2024-07-19,CUST01785,48.0,Male,Corporate,Books & Stationery,Desk Organizer,625.95,1,0.05,594.65,206.82,East,Patna,UPI
ORD101344,2024-07-19,CUST01249,46.0,Male,Corporate,Books & Stationery,Sketch Pens,980.72,1,0.15,833.61,157.35,South,Bengaluru,UPI
ORD100763,2024-07-20,CUST01627,38.0,Female,Corporate,Books & Stationery,Desk Organizer,420.09,2,0.15,714.15,193.75,South,Chennai,Debit Card
ORD102276,2024-07-20,CUST01979,29.0,Female,Consumer,Books & Stationery,Fiction Novel,739.86,3,0.1,1997.62,265.96,South,Bengaluru,Debit Card
ORD104928,2024-07-20,CUST00651,30.0,Female,Corporate,Home & Kitchen,Bedsheet Set,472.2,1,0.0,472.2,192.34,West,Surat,UPI
ORD101163,2024-07-20,CUST00193,,Female,Consumer,Clothing,Women's Jeans,2541.3,1,0.0,2541.3,901.99,West,Pune,UPI
ORD106156,2024-07-20,CUST01500,38.0,Male,Corporate,Home & Kitchen,LED Table Lamp,2807.05,2,0.05,5333.4,1782.24,North,Chandigarh,UPI
ORD101904,2024-07-21,CUST01578,31.0,Female,Consumer,Beauty & Personal Care,Perfume,769.78,1,0.0,769.78,245.66,West,Mumbai,Cash on Delivery
ORD104596,2024-07-21,CUST01206,29.0,Female,Consumer,Clothing,Summer Dress,1021.12,2,0.0,2042.24,639.19,South,Kochi,Debit Card
ORD100653,2024-07-21,CUST00613,35.0,Female,Consumer,Books & Stationery,Desk Organizer,149.05,2,0.1,268.29,94.75,South,Bengaluru,UPI
ORD106335,2024-07-21,CUST01118,27.0,Other,Consumer,Electronics,Webcam,5431.7,1,0.1,4888.53,1683.94,Central,Nagpur,Net Banking
ORD100217,2024-07-22,CUST02000,34.0,Female,Consumer,Electronics,USB-C Cable,6502.3,1,0.15,5526.96,1896.83,South,Hyderabad,Credit Card
ORD100462,2024-07-22,CUST02025,42.0,Male,Small Business,Home & Kitchen,Bedsheet Set,3350.55,1,0.2,2680.44,803.57,West,Mumbai,Net Banking
ORD104083,2024-07-23,CUST00073,44.0,Female,Consumer,Electronics,Bluetooth Speaker,779.03,1,0.05,740.08,138.5,North,Delhi,UPI
ORD100627,2024-07-23,CUST00398,24.0,Female,Consumer,Electronics,Webcam,4261.13,1,0.2,3408.9,950.37,North,Chandigarh,Debit Card
ORD105669,2024-07-23,CUST01614,18.0,Female,Corporate,Beauty & Personal Care,Face Wash,788.03,4,0.05,2994.51,1078.02,West,Ahmedabad,UPI
ORD102730,2024-07-23,CUST01611,37.0,Female,Corporate,Clothing,Women's Jeans,696.9,1,0.0,696.9,245.92,West,Pune,UPI
ORD100742,2024-07-23,CUST00775,18.0,Female,Consumer,Clothing,Running Shoes,1404.71,3,0.0,4214.13,957.05,South,Hyderabad,Debit Card
ORD103404,2024-07-24,CUST01459,35.0,Male,Corporate,Beauty & Personal Care,Lipstick,1681.6,1,0.05,1597.52,270.48,Central,Raipur,Debit Card
ORD102602,2024-07-24,CUST00383,32.0,Female,Corporate,Electronics,Bluetooth Speaker,1039.05,1,0.1,935.14,219.2,West,Mumbai,Debit Card
ORD103207,2024-07-24,CUST01270,35.0,Female,Consumer,Clothing,Men's T-Shirt,1861.54,2,0.0,3723.08,1199.79,South,Chennai,Cash on Delivery
ORD101833,2024-07-24,CUST01725,25.0,Female,Corporate,Books & Stationery,Notebook Pack,399.1,1,0.0,399.1,91.2,West,Mumbai,UPI
ORD103101,2024-07-24,CUST00529,25.0,Female,Corporate,Home & Kitchen,Bedsheet Set,637.76,1,0.05,605.87,131.03,South,Kochi,UPI
ORD100619,2024-07-24,CUST00476,31.0,Male,Corporate,Beauty & Personal Care,Trimmer,864.38,2,0.05,1642.32,603.05,North,Delhi,Cash on Delivery
ORD104963,2024-07-24,CUST00377,18.0,Female,Small Business,Clothing,Sports Cap,1098.76,1,0.2,879.01,255.66,West,Surat,UPI
ORD102159,2024-07-25,CUST01595,45.0,Male,Consumer,Home & Kitchen,Air Fryer,5764.06,1,0.1,5187.65,1561.01,North,Lucknow,Net Banking
ORD104959,2024-07-25,CUST01316,18.0,Female,Small Business,Sports & Outdoors,Camping Tent,5394.81,1,0.0,5394.81,2297.88,North,Lucknow,Debit Card
ORD104955,2024-07-25,CUST00098,66.0,Male,Consumer,Sports & Outdoors,Yoga Mat,6200.54,2,0.0,12401.08,3520.32,West,Ahmedabad,Debit Card
ORD101198,2024-07-25,CUST01149,34.0,Other,Consumer,Clothing,Formal Shirt,2258.41,1,0.2,1806.73,332.79,South,Kochi,Net Banking
ORD103335,2024-07-26,CUST00139,24.0,Female,Corporate,Books & Stationery,Notebook Pack,849.58,1,0.05,807.1,128.58,Central,Nagpur,
ORD104526,2024-07-26,CUST00100,29.0,Female,Corporate,Electronics,Webcam,6682.6,1,0.0,6682.6,2701.06,South,Bengaluru,Debit Card
ORD106392,2024-07-26,CUST01709,,Female,Consumer,Beauty & Personal Care,Hair Dryer,1297.35,1,0.05,1232.48,379.32,West,Pune,Cash on Delivery
ORD100388,2024-07-26,CUST00614,37.0,Other,Corporate,Beauty & Personal Care,Perfume,1210.47,2,0.0,2420.94,917.78,West,Pune,UPI
ORD100851,2024-07-26,CUST01951,56.0,Male,Small Business,Furniture,Wardrobe,14984.71,1,0.0,14984.71,5680.83,East,Bhubaneswar,Debit Card
ORD103630,2024-07-26,CUST00036,32.0,Female,Corporate,Books & Stationery,Planner Diary,970.92,1,0.1,873.83,321.61,North,Jaipur,Credit Card
ORD100398,2024-07-27,CUST01970,63.0,Male,Consumer,Clothing,Sports Cap,590.93,1,0.05,561.38,230.47,West,Ahmedabad,Cash on Delivery
ORD105491,2024-07-27,CUST01206,29.0,Female,Consumer,Home & Kitchen,Water Bottle,4839.54,1,0.15,4113.61,326.01,East,Kolkata,Credit Card
ORD104638,2024-07-27,CUST00807,18.0,Female,Corporate,Electronics,Bluetooth Speaker,6093.83,1,0.0,6093.83,1782.43,North,Delhi,UPI
ORD104604,2024-07-27,CUST00860,25.0,Female,Small Business,Electronics,Power Bank,6054.22,1,0.1,5448.8,1175.74,North,Jaipur,Cash on Delivery
ORD105184,2024-07-27,CUST00722,23.0,Male,Consumer,Beauty & Personal Care,Lipstick,1048.57,1,0.0,1048.57,361.47,North,Lucknow,UPI
ORD101994,2024-07-27,CUST00217,27.0,Male,Consumer,Clothing,Formal Shirt,982.5,1,0.25,736.88,107.58,North,Lucknow,Credit Card
ORD102340,2024-07-27,CUST01984,23.0,Female,Small Business,Beauty & Personal Care,Hair Dryer,1270.64,1,0.0,1270.64,486.51,East,Bhubaneswar,UPI
ORD103032,2024-07-27,CUST02016,34.0,Female,Consumer,Sports & Outdoors,Camping Tent,2064.0,1,0.0,2064.0,749.35,South,Kochi,Cash on Delivery
ORD103680,2024-07-27,CUST01422,38.0,Other,Consumer,Clothing,Kids Hoodie,1246.03,1,0.15,1059.13,123.44,West,Mumbai,UPI
ORD103737,2024-07-27,CUST00392,20.0,Male,Consumer,Furniture,Coffee Table,13302.12,1,0.1,11971.91,2984.55,West,Ahmedabad,Debit Card
ORD103325,2024-07-27,CUST00665,18.0,Male,Small Business,Beauty & Personal Care,Hair Dryer,1804.07,1,0.2,1443.26,88.87,South,Kochi,UPI
ORD103992,2024-07-28,CUST00331,30.0,Female,Corporate,Furniture,Bookshelf,2981.64,1,0.0,2981.64,1059.88,South,Bengaluru,UPI
ORD100419,2024-07-28,CUST00649,19.0,Female,Consumer,Home & Kitchen,Ceramic Mug Set,3837.3,1,0.0,3837.3,1180.13,South,Bengaluru,UPI
ORD101155,2024-07-28,CUST00593,18.0,Male,Corporate,Books & Stationery,Planner Diary,166.87,1,0.0,166.87,47.0,West,Mumbai,Debit Card
ORD103890,2024-07-28,CUST00061,36.0,Male,Corporate,Beauty & Personal Care,Sunscreen SPF50,1336.2,1,0.1,1202.58,322.09,East,Patna,Cash on Delivery
ORD104713,2024-07-28,CUST02014,18.0,Female,Small Business,Electronics,Bluetooth Speaker,3309.09,1,0.1,2978.18,358.61,North,Delhi,Net Banking
ORD100447,2024-07-29,CUST02021,18.0,Female,Consumer,Clothing,Formal Shirt,1370.2,1,0.1,1233.18,163.78,North,Lucknow,Cash on Delivery
ORD103738,2024-07-29,CUST01822,29.0,Female,Corporate,Furniture,Bookshelf,14312.8,4,0.15,48663.52,7217.76,West,Pune,UPI
ORD106015,2024-07-29,CUST00979,45.0,Male,Consumer,Clothing,Kids Hoodie,1401.45,1,0.05,1331.38,307.4,North,Delhi,UPI
ORD102210,2024-07-29,CUST01371,47.0,Female,Consumer,Books & Stationery,Desk Organizer,593.66,1,0.0,593.66,138.74,North,Lucknow,Cash on Delivery
ORD104190,2024-07-29,CUST01703,29.0,Male,Small Business,Electronics,Laptop Stand,2531.95,2,0.05,4810.7,2000.09,Central,Bhopal,Cash on Delivery
ORD102538,2024-07-29,CUST00798,18.0,Male,Corporate,Electronics,Webcam,3588.31,1,0.0,3588.31,862.8,North,Chandigarh,Credit Card
ORD105694,2024-07-30,CUST01354,41.0,Female,Small Business,Beauty & Personal Care,Face Wash,1535.4,1,0.05,1458.63,381.95,North,Lucknow,Net Banking
ORD102928,2024-07-30,CUST00734,47.0,Male,Corporate,Clothing,Men's T-Shirt,435.03,1,0.0,435.03,157.02,North,Lucknow,UPI
ORD102841,2024-07-30,CUST02003,48.0,Male,Consumer,Books & Stationery,Fiction Novel,438.44,3,0.25,986.49,132.97,West,Mumbai,Credit Card
ORD104762,2024-07-30,CUST00720,66.0,Female,Consumer,Furniture,Study Table,6772.26,1,0.0,6772.26,1974.92,South,Kochi,Cash on Delivery
ORD101856,2024-07-30,CUST02080,,Male,Consumer,Books & Stationery,Fiction Novel,892.55,2,0.0,1785.1,735.7,East,Patna,UPI
ORD100399,2024-07-30,CUST01674,23.0,Female,Corporate,Furniture,Office Chair,4154.89,1,0.0,4154.89,1220.48,West,Pune,UPI
ORD101645,2024-07-31,CUST01059,25.0,Female,Consumer,Furniture,Wardrobe,4853.27,1,0.1,4367.94,516.98,South,Chennai,Credit Card
ORD100558,2024-07-31,CUST01518,23.0,Male,Consumer,Electronics,USB-C Cable,1402.47,1,0.15,1192.1,326.0,West,Mumbai,Cash on Delivery
ORD104302,2024-07-31,CUST00601,31.0,Male,Consumer,Books & Stationery,Fiction Novel,736.68,1,0.05,699.85,141.59,West,Surat,Debit Card
ORD100107,2024-07-31,CUST00858,51.0,Female,Consumer,Furniture,Bean Bag,3039.55,1,0.0,3039.55,637.11,East,Kolkata,UPI
ORD105213,2024-08-01,CUST01116,48.0,Male,Consumer,Clothing,Formal Shirt,2629.41,1,0.0,2629.41,861.75,North,Chandigarh,UPI
ORD106244,2024-08-01,CUST01121,41.0,Female,Corporate,Electronics,Smartphone Case,2724.11,1,0.15,2315.49,285.23,West,Mumbai,Debit Card
ORD103432,2024-08-01,CUST01350,45.0,Female,Corporate,Electronics,Power Bank,2782.79,1,0.0,2782.79,668.92,South,Hyderabad,UPI
ORD102070,2024-08-01,CUST01609,39.0,Male,Consumer,Beauty & Personal Care,Trimmer,851.97,1,0.15,724.17,233.84,West,Ahmedabad,UPI
ORD104242,2024-08-01,CUST01345,30.0,Male,Corporate,Clothing,Formal Shirt,2492.4,1,0.25,1869.3,385.71,North,Chandigarh,Cash on Delivery
ORD106131,2024-08-01,CUST02001,40.0,Male,Consumer,Beauty & Personal Care,Lipstick,859.16,1,0.15,730.29,120.81,North,Lucknow,UPI
ORD105630,2024-08-01,CUST01559,35.0,Female,Consumer,Home & Kitchen,Non-Stick Pan,2961.77,3,0.0,8885.31,3264.31,West,Ahmedabad,Net Banking
ORD105157,2024-08-01,CUST00853,39.0,Female,Consumer,Books & Stationery,Fiction Novel,398.08,2,0.0,796.16,254.01,Central,Raipur,Credit Card
ORD103742,2024-08-01,CUST01953,32.0,Female,Small Business,Furniture,Wardrobe,6627.77,1,0.1,5964.99,2130.95,Central,Bhopal,UPI
ORD101630,2024-08-01,CUST00529,25.0,Female,Corporate,Electronics,USB-C Cable,1270.08,5,0.1,5715.36,751.6,South,Hyderabad,Credit Card
ORD102422,2024-08-01,CUST00744,27.0,Female,Small Business,Electronics,Laptop Stand,1051.21,2,0.0,2102.42,853.28,South,Chennai,UPI
ORD100331,2024-08-02,CUST00688,18.0,Male,Consumer,Clothing,Kids Hoodie,2854.23,1,0.2,2283.38,432.61,North,Delhi,Debit Card
ORD102806,2024-08-02,CUST00813,58.0,Male,Small Business,Electronics,Power Bank,3272.21,1,0.05,3108.6,708.29,South,Bengaluru,Net Banking
ORD105118,2024-08-02,CUST00511,22.0,Female,Corporate,Electronics,Bluetooth Speaker,3837.95,1,0.1,3454.16,1330.5,East,Kolkata,Credit Card
ORD103940,2024-08-02,CUST00714,37.0,Female,Consumer,Electronics,Laptop Stand,7059.11,2,0.0,14118.22,5108.68,North,Jaipur,Debit Card
ORD104573,2024-08-02,CUST00435,33.0,Female,Corporate,Home & Kitchen,Storage Rack,1188.2,2,0.0,2376.4,1016.53,West,Ahmedabad,Net Banking
ORD102867,2024-08-03,CUST00645,32.0,Female,Consumer,Home & Kitchen,Air Fryer,3067.72,2,0.05,5828.67,2446.18,West,Ahmedabad,Cash on Delivery
ORD106045,2024-08-03,CUST00640,40.0,Female,Consumer,Clothing,Winter Jacket,457.83,1,0.05,434.94,125.21,South,Hyderabad,UPI
ORD105685,2024-08-03,CUST01846,55.0,Female,Consumer,Books & Stationery,Planner Diary,743.21,1,0.0,743.21,173.65,Central,Bhopal,Credit Card
ORD103527,2024-08-03,CUST00419,18.0,Male,Small Business,Home & Kitchen,Air Fryer,4792.5,1,0.2,3834.0,687.85,West,Mumbai,UPI
ORD101107,2024-08-03,CUST00231,24.0,Female,Consumer,Home & Kitchen,Water Bottle,4273.37,2,0.1,7692.07,861.74,West,Pune,Credit Card
ORD102944,2024-08-03,CUST01582,50.0,Female,Small Business,Electronics,Bluetooth Speaker,1416.78,2,0.1,2550.2,581.15,Central,Raipur,UPI
ORD101200,2024-08-03,CUST00034,37.0,Female,Consumer,Books & Stationery,Notebook Pack,605.91,1,0.05,575.61,149.93,Central,Bhopal,Net Banking
ORD103337,2024-08-03,CUST01367,41.0,Female,Small Business,Electronics,Webcam,5017.76,2,0.05,9533.74,3792.05,West,Ahmedabad,Cash on Delivery
ORD104574,2024-08-04,CUST01589,39.0,Female,Consumer,Electronics,Smartwatch,5286.52,2,0.0,10573.04,3076.0,Central,Raipur,Credit Card
ORD102005,2024-08-04,CUST00008,18.0,Female,Corporate,Home & Kitchen,Ceramic Mug Set,1957.65,1,0.0,1957.65,503.59,West,Mumbai,Debit Card
ORD104002,2024-08-04,CUST00646,41.0,Female,Consumer,Clothing,Summer Dress,2101.92,1,0.1,1891.73,465.43,North,Lucknow,Credit Card
ORD101748,2024-08-04,CUST01061,46.0,Female,Consumer,Books & Stationery,Planner Diary,730.25,2,0.0,1460.5,570.05,North,Jaipur,UPI
ORD104918,2024-08-04,CUST01218,34.0,Female,Consumer,Home & Kitchen,LED Table Lamp,628.33,1,0.1,565.5,167.4,North,Delhi,Cash on Delivery
ORD105153,2024-08-04,CUST00527,46.0,Male,Corporate,Clothing,Men's T-Shirt,608.52,1,0.15,517.24,123.81,South,Bengaluru,Cash on Delivery
ORD100710,2024-08-04,CUST01060,38.0,Female,Corporate,Clothing,Sports Cap,1678.39,1,0.0,1678.39,382.44,Central,Nagpur,Credit Card
ORD103644,2024-08-04,CUST01452,36.0,Female,Consumer,Home & Kitchen,Air Fryer,4404.04,4,0.0,17616.16,6688.46,East,Patna,Credit Card
ORD106086,2024-08-04,CUST00777,45.0,Male,Consumer,Clothing,Summer Dress,911.62,1,0.0,911.62,295.41,West,Ahmedabad,Debit Card
ORD105623,2024-08-04,CUST00063,53.0,Female,Consumer,Electronics,Smartphone Case,3805.05,1,0.0,3805.05,973.02,Central,Bhopal,Net Banking
ORD101244,2024-08-05,CUST01849,34.0,Male,Corporate,Home & Kitchen,Water Bottle,4660.65,1,0.1,4194.58,756.58,South,Chennai,Cash on Delivery
ORD101178,2024-08-05,CUST00670,68.0,Female,Consumer,Electronics,Wireless Earbuds,963.94,1,0.2,771.15,142.16,South,Kochi,UPI
ORD102838,2024-08-05,CUST00435,33.0,Female,Corporate,Home & Kitchen,Bedsheet Set,5745.89,1,0.0,5745.89,1589.95,North,Jaipur,UPI
ORD103376,2024-08-05,CUST00109,56.0,Female,Consumer,Beauty & Personal Care,Perfume,402.85,1,0.25,302.14,21.26,West,Ahmedabad,Cash on Delivery
ORD100092,2024-08-05,CUST01194,47.0,Female,Corporate,Furniture,Bookshelf,2438.49,1,0.15,2072.72,290.19,East,Patna,UPI
ORD101883,2024-08-05,CUST02053,26.0,Male,Small Business,Clothing,Running Shoes,2321.0,1,0.05,2204.95,735.16,Central,Bhopal,UPI
ORD100157,2024-08-05,CUST01161,41.0,Female,Consumer,Home & Kitchen,LED Table Lamp,5570.27,1,0.05,5291.76,1351.4,West,Ahmedabad,Debit Card
ORD102637,2024-08-05,CUST01367,41.0,Female,Small Business,Beauty & Personal Care,Face Wash,1863.81,1,0.15,1584.24,104.2,West,Surat,UPI
ORD100431,2024-08-05,CUST00115,24.0,Male,Small Business,Books & Stationery,Desk Organizer,857.65,1,0.05,814.77,325.86,South,Kochi,Net Banking
ORD101902,2024-08-05,CUST00155,41.0,Male,Consumer,Furniture,Bean Bag,1879.33,1,0.0,1879.33,560.68,Central,Raipur,Cash on Delivery
ORD102492,2024-08-06,CUST01027,24.0,Male,Small Business,Books & Stationery,Planner Diary,794.15,1,0.1,714.74,176.62,North,Lucknow,UPI
ORD105760,2024-08-06,CUST01901,21.0,Male,Consumer,Electronics,Webcam,3484.89,1,0.05,3310.65,1386.61,West,Pune,UPI
ORD105302,2024-08-06,CUST01294,21.0,Male,Corporate,Beauty & Personal Care,Sunscreen SPF50,618.14,1,0.2,494.51,13.67,East,Kolkata,Credit Card
ORD103422,2024-08-06,CUST01444,32.0,Male,Small Business,Beauty & Personal Care,Hair Dryer,1811.84,1,0.1,1630.66,298.9,North,Jaipur,UPI
ORD104938,2024-08-06,CUST00228,28.0,Female,Corporate,Furniture,Wardrobe,7533.5,2,0.05,14313.65,4845.71,North,Jaipur,Credit Card
ORD100766,2024-08-06,CUST00800,41.0,Male,Corporate,Books & Stationery,Fiction Novel,923.27,3,0.0,2769.81,744.97,North,Lucknow,Credit Card
ORD106282,2024-08-06,CUST01710,44.0,Male,Consumer,Furniture,Study Table,7852.26,1,0.15,6674.42,1720.87,North,Jaipur,Debit Card
ORD103587,2024-08-06,CUST01309,30.0,Female,Small Business,Electronics,Smartphone Case,5253.59,1,0.2,4202.87,502.86,West,Ahmedabad,UPI
ORD106418,2024-08-06,CUST01517,26.0,Male,Corporate,Clothing,Winter Jacket,2778.8,1,0.1,2500.92,584.41,West,Pune,Cash on Delivery
ORD102442,2024-08-06,CUST00194,36.0,Female,Consumer,Clothing,Summer Dress,2023.39,1,0.0,2023.39,821.31,Central,Bhopal,Net Banking
ORD105040,2024-08-06,CUST01760,18.0,Female,Small Business,Home & Kitchen,Mixer Grinder,5218.21,2,0.05,9914.6,1674.12,Central,Nagpur,Cash on Delivery
ORD101477,2024-08-06,CUST00561,28.0,Female,Consumer,Home & Kitchen,Air Fryer,3973.67,1,0.1,3576.3,1244.5,South,Bengaluru,Credit Card
ORD105855,2024-08-06,CUST01643,27.0,Male,Small Business,Home & Kitchen,LED Table Lamp,4966.7,2,0.05,9436.73,2675.89,South,Bengaluru,Debit Card
ORD104848,2024-08-07,CUST00969,42.0,Female,Consumer,Home & Kitchen,Non-Stick Pan,485.0,1,0.1,436.5,93.42,Central,Nagpur,Credit Card
ORD104362,2024-08-07,CUST01688,18.0,Female,Consumer,Clothing,Kids Hoodie,1654.35,1,0.1,1488.92,416.81,East,Patna,Debit Card
ORD100918,2024-08-07,CUST00514,42.0,Female,Consumer,Home & Kitchen,Air Fryer,5632.59,1,0.1,5069.33,1324.6,West,Mumbai,Credit Card
ORD101689,2024-08-08,CUST00632,28.0,Male,Consumer,Furniture,Wardrobe,14635.15,3,0.0,43905.45,18879.02,West,Surat,Credit Card
ORD104621,2024-08-08,CUST00952,19.0,Male,Small Business,Home & Kitchen,Ceramic Mug Set,5379.19,4,0.1,19365.08,2311.44,South,Hyderabad,Net Banking
ORD103168,2024-08-08,CUST00553,28.0,Male,Consumer,Clothing,Formal Shirt,2581.3,1,0.25,1935.98,438.6,North,Chandigarh,Net Banking
ORD101811,2024-08-08,CUST01543,41.0,Male,Consumer,Sports & Outdoors,Cycling Helmet,1990.91,1,0.0,1990.91,465.76,West,Ahmedabad,Debit Card
ORD102501,2024-08-08,CUST01983,37.0,Female,Corporate,Clothing,Sports Cap,1086.09,1,0.1,977.48,125.07,West,Pune,UPI
ORD103420,2024-08-08,CUST00304,26.0,Female,Consumer,Clothing,Winter Jacket,689.82,1,0.05,655.33,234.72,South,Hyderabad,UPI
ORD104583,2024-08-09,CUST00013,26.0,Male,Consumer,Clothing,Winter Jacket,2689.39,1,0.2,2151.51,387.25,North,Lucknow,UPI
ORD102901,2024-08-09,CUST00430,34.0,Female,Small Business,Electronics,USB-C Cable,2448.17,1,0.05,2325.76,750.17,South,Kochi,Debit Card
ORD101990,2024-08-09,CUST01875,18.0,Male,Consumer,Beauty & Personal Care,Perfume,1551.32,1,0.0,1551.32,619.4,South,Bengaluru,Cash on Delivery
ORD101509,2024-08-09,CUST00140,46.0,Female,Corporate,Books & Stationery,Sketch Pens,385.83,1,0.15,327.96,26.53,East,Kolkata,Debit Card
ORD104062,2024-08-09,CUST01786,26.0,Female,Consumer,Clothing,Sports Cap,926.42,2,0.0,1852.84,399.0,South,Kochi,Net Banking
ORD105192,2024-08-09,CUST01667,27.0,Male,Consumer,Beauty & Personal Care,Perfume,1649.56,3,0.1,4453.81,812.01,East,Patna,Cash on Delivery
ORD105997,2024-08-09,CUST00315,27.0,Male,Corporate,Home & Kitchen,Air Fryer,211.21,2,0.1,380.18,147.59,South,Chennai,UPI
ORD103322,2024-08-10,CUST00735,,Male,Small Business,Sports & Outdoors,Camping Tent,6503.34,1,0.0,6503.34,2290.37,East,Kolkata,UPI
ORD105478,2024-08-10,CUST00601,31.0,Male,Consumer,Beauty & Personal Care,Trimmer,732.88,1,0.1,659.59,126.08,North,Jaipur,UPI
ORD106427,2024-08-10,CUST00246,21.0,Female,Consumer,Home & Kitchen,Mixer Grinder,1929.39,1,0.2,1543.51,269.63,East,Bhubaneswar,UPI
ORD106469,2024-08-10,CUST01266,18.0,Male,Consumer,Clothing,Men's T-Shirt,2641.51,1,0.05,2509.43,919.38,South,Chennai,UPI
ORD104237,2024-08-10,CUST01750,,Female,Consumer,Furniture,Bookshelf,4148.93,1,0.2,3319.14,291.62,South,Kochi,Net Banking
ORD105108,2024-08-10,CUST01845,33.0,Female,Consumer,Clothing,Men's T-Shirt,1550.62,1,0.0,1550.62,425.02,North,Chandigarh,UPI
ORD105143,2024-08-10,CUST00008,18.0,Female,Corporate,Electronics,Bluetooth Speaker,2421.34,5,0.05,11501.36,4060.88,Central,Nagpur,Credit Card
ORD102187,2024-08-10,CUST01938,36.0,Male,Consumer,Clothing,Men's T-Shirt,1812.6,1,0.25,1359.45,345.6,North,Delhi,Cash on Delivery
ORD102541,2024-08-10,CUST01553,27.0,Female,Consumer,Clothing,Formal Shirt,1111.78,1,0.0,1111.78,262.32,East,Kolkata,Debit Card
ORD101056,2024-08-11,CUST01633,35.0,Male,Consumer,Beauty & Personal Care,Trimmer,1662.78,1,0.1,1496.5,547.21,East,Patna,Debit Card
ORD101062,2024-08-11,CUST02061,57.0,Male,Consumer,Electronics,Smartphone Case,2997.94,1,0.05,2848.04,626.98,West,Surat,Cash on Delivery
ORD105517,2024-08-11,CUST01598,28.0,Female,Small Business,Beauty & Personal Care,Lipstick,632.54,1,0.15,537.66,39.54,Central,Bhopal,Debit Card
ORD102654,2024-08-11,CUST00756,41.0,Male,Small Business,Clothing,Men's T-Shirt,1488.94,1,0.05,1414.49,535.67,South,Chennai,UPI
ORD104814,2024-08-12,CUST00328,44.0,Female,Small Business,Beauty & Personal Care,Trimmer,1903.12,1,0.0,1903.12,526.65,North,Jaipur,Credit Card
ORD100688,2024-08-12,CUST00806,35.0,Female,Small Business,Sports & Outdoors,Cricket Bat,3203.82,1,0.05,3043.63,1060.65,Central,Raipur,UPI
ORD100534,2024-08-12,CUST00869,,Male,Small Business,Electronics,Smartphone Case,6271.07,2,0.15,10660.82,3222.81,East,Bhubaneswar,Credit Card
ORD103650,2024-08-12,CUST00409,61.0,Female,Corporate,Clothing,Summer Dress,1425.05,1,0.0,1425.05,309.02,West,Ahmedabad,Cash on Delivery
ORD101817,2024-08-12,CUST00480,20.0,Male,Consumer,Home & Kitchen,Air Fryer,2174.84,3,0.05,6198.29,1850.64,West,Pune,Debit Card
ORD104078,2024-08-12,CUST01142,44.0,Female,Corporate,Home & Kitchen,Bedsheet Set,5982.72,4,0.0,23930.88,6849.5,Central,Nagpur,UPI
ORD102539,2024-08-12,CUST00000,30.0,Male,Consumer,Home & Kitchen,Water Bottle,3293.92,1,0.05,3129.22,583.3,East,Patna,UPI
ORD101742,2024-08-12,CUST01546,38.0,Male,Corporate,Clothing,Men's T-Shirt,2460.08,1,0.05,2337.08,906.62,East,Bhubaneswar,UPI
ORD105169,2024-08-12,CUST00869,35.0,Male,Small Business,Electronics,Bluetooth Speaker,2345.96,2,0.0,4691.92,1336.93,East,Kolkata,Credit Card
ORD105086,2024-08-12,CUST01827,26.0,Female,Consumer,Home & Kitchen,Water Bottle,615.12,1,0.05,584.36,155.05,North,Chandigarh,Debit Card
ORD100296,2024-08-13,CUST00522,49.0,Female,Consumer,Home & Kitchen,Storage Rack,5975.01,2,0.0,11950.02,2686.99,North,Delhi,Net Banking
ORD105958,2024-08-13,CUST00568,52.0,Female,Consumer,Electronics,Webcam,6857.29,1,0.05,6514.43,2634.39,West,Mumbai,Credit Card
ORD101205,2024-08-13,CUST01061,46.0,Female,Consumer,Sports & Outdoors,Camping Tent,6881.36,1,0.1,6193.22,1940.14,West,Surat,Debit Card
ORD104989,2024-08-13,CUST01941,31.0,Male,Small Business,Home & Kitchen,Storage Rack,3802.39,1,0.0,3802.39,1633.19,West,Ahmedabad,Credit Card
ORD102704,2024-08-13,CUST01411,41.0,Female,Consumer,Sports & Outdoors,Cycling Helmet,3603.47,2,0.1,6486.25,2333.77,Central,Bhopal,UPI
ORD102892,2024-08-14,CUST00723,27.0,Male,Small Business,Books & Stationery,Notebook Pack,599.47,4,0.0,2397.88,754.82,North,Chandigarh,UPI
ORD100076,2024-08-14,CUST01043,38.0,Female,Corporate,Home & Kitchen,Water Bottle,310.93,1,0.05,295.38,72.08,East,Patna,UPI
ORD100981,2024-08-14,CUST01890,33.0,Male,Consumer,Clothing,Kids Hoodie,2522.53,2,0.15,4288.3,602.65,West,Mumbai,Credit Card
ORD101242,2024-08-14,CUST01151,31.0,Female,Consumer,Home & Kitchen,Ceramic Mug Set,2200.19,2,0.2,3520.3,895.24,Central,Nagpur,UPI
ORD100094,2024-08-14,CUST00874,21.0,Female,Corporate,Electronics,Wireless Earbuds,7947.97,1,0.0,7947.97,3416.75,North,Delhi,Cash on Delivery
ORD105963,2024-08-15,CUST01231,18.0,Male,Consumer,Electronics,Wireless Earbuds,2979.15,3,0.1,8043.71,1793.64,West,Pune,UPI
ORD100549,2024-08-15,CUST01708,38.0,Male,Corporate,Home & Kitchen,LED Table Lamp,3839.99,1,0.05,3647.99,1386.48,North,Delhi,Debit Card
ORD100070,2024-08-15,CUST00984,45.0,Female,Consumer,Furniture,Coffee Table,10405.33,1,0.0,10405.33,4158.43,South,Bengaluru,Cash on Delivery
ORD105368,2024-08-15,CUST00165,39.0,Female,Consumer,Sports & Outdoors,Cycling Helmet,4015.95,1,0.05,3815.15,1267.36,South,Kochi,Credit Card
ORD102079,2024-08-15,CUST01865,44.0,Female,Consumer,Electronics,Wireless Earbuds,3724.67,1,0.0,3724.67,790.32,West,Pune,Credit Card
ORD102815,2024-08-15,CUST00325,35.0,Male,Corporate,Clothing,Running Shoes,317.89,2,0.05,603.99,204.25,West,Pune,Credit Card
ORD101386,2024-08-16,CUST01039,27.0,Female,Consumer,Electronics,Power Bank,8982.26,1,0.2,7185.81,479.99,West,Surat,UPI
ORD102710,2024-08-16,CUST00966,32.0,Male,Consumer,Home & Kitchen,LED Table Lamp,2704.32,3,0.0,8112.96,2660.24,West,Mumbai,Debit Card
ORD106214,2024-08-16,CUST00709,29.0,Female,Consumer,Home & Kitchen,Water Bottle,2849.34,4,0.05,10827.49,2827.57,West,Surat,Cash on Delivery
ORD102699,2024-08-16,CUST01772,33.0,Female,Consumer,Electronics,Wireless Earbuds,1072.93,1,0.05,1019.28,250.34,East,Patna,Debit Card
ORD103319,2024-08-16,CUST00836,34.0,Male,Consumer,Sports & Outdoors,Dumbbell Set,4638.63,1,0.15,3942.84,1285.91,East,Patna,UPI
ORD103682,2024-08-16,CUST00880,30.0,Female,Consumer,Furniture,Bean Bag,11891.38,1,0.1,10702.24,2617.82,South,Chennai,UPI
ORD101823,2024-08-17,CUST00039,44.0,Female,Corporate,Beauty & Personal Care,Perfume,470.98,1,0.05,447.43,102.89,Central,Raipur,Credit Card
ORD102698,2024-08-17,CUST00442,37.0,Female,Consumer,Electronics,Bluetooth Speaker,4353.7,1,0.0,4353.7,1520.93,Central,Nagpur,Cash on Delivery
ORD106434,2024-08-17,CUST00884,33.0,Female,Consumer,Home & Kitchen,Bedsheet Set,3984.4,3,0.0,11953.2,2579.22,East,Kolkata,Cash on Delivery
ORD105294,2024-08-17,CUST00227,46.0,Male,Consumer,Sports & Outdoors,Camping Tent,5431.73,1,0.0,5431.73,2316.71,South,Hyderabad,Debit Card
ORD101805,2024-08-17,CUST01617,18.0,Female,Small Business,Home & Kitchen,Air Fryer,1508.45,1,0.05,1433.03,588.33,West,Ahmedabad,Cash on Delivery
ORD102260,2024-08-17,CUST00490,32.0,Male,Corporate,Electronics,Power Bank,1043.7,1,0.0,1043.7,212.44,West,Pune,UPI
ORD104684,2024-08-18,CUST00393,,Male,Consumer,Electronics,Bluetooth Speaker,2051.25,2,0.0,4102.5,1570.42,West,Ahmedabad,Cash on Delivery
ORD100860,2024-08-18,CUST01300,25.0,Female,Corporate,Beauty & Personal Care,Lipstick,1761.73,2,0.1,3171.11,1156.74,North,Chandigarh,UPI
ORD102595,2024-08-18,CUST01479,18.0,Male,Consumer,Beauty & Personal Care,Sunscreen SPF50,537.52,1,0.15,456.89,42.29,West,Pune,Credit Card
ORD102090,2024-08-18,CUST00613,35.0,Female,Consumer,Sports & Outdoors,Yoga Mat,3397.31,1,0.1,3057.58,855.9,West,Ahmedabad,UPI
ORD106091,2024-08-18,CUST01278,39.0,Female,Consumer,Clothing,Men's T-Shirt,1065.41,1,0.0,1065.41,337.88,South,Chennai,Debit Card
ORD105515,2024-08-18,CUST01823,41.0,Female,Corporate,Home & Kitchen,Mixer Grinder,455.38,2,0.05,865.22,218.32,West,Ahmedabad,UPI
ORD100051,2024-08-18,CUST01539,23.0,Male,Small Business,Home & Kitchen,Water Bottle,5713.88,2,0.05,10856.37,2747.07,Central,Bhopal,Debit Card
ORD104852,2024-08-18,CUST01980,18.0,Female,Corporate,Beauty & Personal Care,Trimmer,1364.91,1,0.2,1091.93,170.54,East,Patna,Debit Card
ORD103692,2024-08-18,CUST01647,21.0,Female,Consumer,Books & Stationery,Notebook Pack,437.3,1,0.05,415.44,159.04,East,Patna,UPI
ORD100393,2024-08-19,CUST01259,47.0,Male,Consumer,Furniture,Office Chair,5108.06,1,0.15,4341.85,738.42,South,Kochi,Net Banking
ORD101860,2024-08-19,CUST01238,49.0,Female,Consumer,Furniture,Wardrobe,4848.46,1,0.15,4121.19,857.25,West,Surat,Credit Card
ORD103568,2024-08-19,CUST01489,33.0,Female,Consumer,Electronics,Bluetooth Speaker,8476.11,1,0.0,8476.11,2350.27,East,Bhubaneswar,Debit Card
ORD100450,2024-08-19,CUST01744,38.0,Male,Consumer,Furniture,Office Chair,7972.74,1,0.0,7972.74,2031.4,West,Ahmedabad,UPI
ORD102007,2024-08-19,CUST01928,35.0,Male,Consumer,Home & Kitchen,Air Fryer,1393.54,1,0.0,1393.54,416.77,Central,Nagpur,UPI
ORD101241,2024-08-19,CUST01525,30.0,Male,Consumer,Electronics,Wireless Earbuds,2235.76,1,0.15,1900.4,182.99,North,Delhi,UPI
ORD105006,2024-08-19,CUST00284,28.0,Male,Corporate,Electronics,Bluetooth Speaker,7773.93,2,0.2,12438.29,404.52,West,Pune,UPI
ORD105926,2024-08-19,CUST00785,33.0,Female,Consumer,Clothing,Sports Cap,387.42,2,0.2,619.87,179.33,North,Chandigarh,UPI
ORD105907,2024-08-20,CUST01890,33.0,Male,Consumer,Beauty & Personal Care,Lipstick,1552.63,1,0.2,1242.1,279.08,East,Bhubaneswar,Net Banking
ORD103375,2024-08-20,CUST00774,33.0,Female,Consumer,Clothing,Men's T-Shirt,2437.26,1,0.1,2193.53,616.04,North,Delhi,Cash on Delivery
ORD104757,2024-08-20,CUST01036,20.0,Female,Consumer,Electronics,Smartphone Case,4566.52,1,0.0,4566.52,1726.99,South,Chennai,Debit Card
ORD105466,2024-08-20,CUST02057,23.0,Female,Consumer,Clothing,Sports Cap,456.54,1,0.05,433.71,113.66,South,Kochi,Credit Card
ORD106303,2024-08-20,CUST01171,21.0,Male,Small Business,Electronics,Laptop Stand,7343.51,1,0.05,6976.33,2763.67,West,Mumbai,UPI
ORD103471,2024-08-21,CUST00887,46.0,Male,Small Business,Clothing,Winter Jacket,1815.91,1,0.05,1725.11,563.27,South,Kochi,UPI
ORD105273,2024-08-22,CUST00281,46.0,Male,Small Business,Electronics,Smartphone Case,8813.76,1,0.1,7932.38,1466.17,East,Bhubaneswar,UPI
ORD101098,2024-08-22,CUST01440,50.0,Female,Corporate,Clothing,Running Shoes,491.3,1,0.25,368.48,19.44,North,Delhi,UPI
ORD101176,2024-08-22,CUST00596,25.0,Male,Consumer,Books & Stationery,Desk Organizer,353.07,1,0.1,317.76,69.76,Central,Nagpur,UPI
ORD104054,2024-08-22,CUST00866,23.0,Male,Consumer,Sports & Outdoors,Football,1895.66,3,0.1,5118.28,917.07,East,Patna,UPI
ORD104488,2024-08-22,CUST01951,56.0,Male,Small Business,Clothing,Sports Cap,1113.51,2,0.1,2004.32,502.21,North,Jaipur,Credit Card
ORD102722,2024-08-22,CUST00608,27.0,Other,Corporate,Home & Kitchen,Non-Stick Pan,248.99,1,0.15,211.64,46.9,South,Hyderabad,Credit Card
ORD104149,2024-08-22,CUST00723,27.0,Male,Small Business,Books & Stationery,Fiction Novel,513.87,2,0.0,1027.74,333.04,South,Hyderabad,Debit Card
ORD101272,2024-08-22,CUST00460,26.0,Other,Consumer,Clothing,Men's T-Shirt,1807.52,1,0.1,1626.77,290.99,South,Chennai,Credit Card
ORD102874,2024-08-22,CUST00194,36.0,Female,Consumer,Home & Kitchen,Storage Rack,5143.1,1,0.15,4371.64,1394.4,North,Jaipur,Debit Card
ORD100199,2024-08-22,CUST00594,29.0,Male,Consumer,Home & Kitchen,Ceramic Mug Set,2228.07,5,0.05,10583.33,2213.53,West,Pune,Debit Card
ORD101562,2024-08-23,CUST00787,38.0,Male,Consumer,Sports & Outdoors,Football,1416.87,4,0.15,4817.36,1310.45,South,Chennai,Credit Card
ORD105753,2024-08-23,CUST00783,24.0,Female,Small Business,Electronics,Power Bank,4742.63,1,0.2,3794.1,542.88,South,Hyderabad,Debit Card
ORD101712,2024-08-23,CUST00912,43.0,Female,Small Business,Home & Kitchen,Storage Rack,5768.71,1,0.1,5191.84,1753.62,West,Ahmedabad,UPI
ORD106228,2024-08-23,CUST01963,43.0,Female,Corporate,Home & Kitchen,Bedsheet Set,5557.89,1,0.25,4168.42,356.92,North,Lucknow,UPI
ORD106499,2024-08-23,CUST00393,18.0,Male,Consumer,Sports & Outdoors,Football,3118.14,4,0.2,9978.05,939.51,South,Kochi,UPI
ORD102936,2024-08-23,CUST01500,38.0,Male,Corporate,Books & Stationery,Sketch Pens,448.62,1,0.1,403.76,49.82,West,Mumbai,Cash on Delivery
ORD102745,2024-08-23,CUST01720,35.0,Female,Small Business,Electronics,Wireless Earbuds,2493.03,2,0.0,4986.06,1799.6,Central,Nagpur,UPI
ORD105665,2024-08-24,CUST01234,43.0,Female,Consumer,Sports & Outdoors,Yoga Mat,1012.33,2,0.05,1923.43,394.75,South,Hyderabad,UPI
ORD103324,2024-08-24,CUST00695,36.0,Female,Corporate,Books & Stationery,Fiction Novel,616.86,1,0.0,616.86,144.97,East,Patna,UPI
ORD102642,2024-08-24,CUST01942,51.0,Female,Small Business,Clothing,Sports Cap,326.19,3,0.05,929.64,305.92,West,Mumbai,Credit Card
ORD104582,2024-08-24,CUST01963,43.0,Female,Corporate,Beauty & Personal Care,Perfume,1209.65,1,0.05,1149.17,393.67,West,Mumbai,UPI
ORD105373,2024-08-24,CUST01156,44.0,Other,Corporate,Books & Stationery,Fiction Novel,102.39,3,0.0,307.17,106.23,East,Kolkata,Cash on Delivery
ORD101648,2024-08-24,CUST00499,32.0,Male,Consumer,Clothing,Kids Hoodie,1375.48,1,0.2,1100.38,338.27,South,Kochi,Net Banking
ORD104437,2024-08-24,CUST00761,24.0,Female,Corporate,Electronics,Power Bank,8237.0,1,0.0,8237.0,2827.95,South,Chennai,Credit Card
ORD101469,2024-08-24,CUST00681,30.0,Male,Consumer,Home & Kitchen,Non-Stick Pan,1495.46,1,0.15,1271.14,214.71,South,Kochi,Net Banking
ORD103414,2024-08-25,CUST00926,30.0,Female,Consumer,Electronics,Smartwatch,1568.39,2,0.1,2823.1,523.91,Central,Nagpur,UPI
ORD104797,2024-08-25,CUST00713,27.0,Male,Consumer,Books & Stationery,Fiction Novel,541.34,1,0.0,541.34,185.52,West,Surat,Credit Card
ORD105300,2024-08-25,CUST01685,18.0,Male,Consumer,Clothing,Running Shoes,1049.75,1,0.0,1049.75,294.12,South,Chennai,Credit Card
ORD102721,2024-08-25,CUST00658,32.0,Male,Consumer,Clothing,Sports Cap,2164.97,2,0.05,4113.44,1386.75,East,Patna,UPI
ORD101899,2024-08-25,CUST01877,31.0,Male,Consumer,Furniture,Bean Bag,12473.59,2,0.0,24947.18,10905.37,West,Pune,UPI
ORD100571,2024-08-25,CUST00087,38.0,Female,Consumer,Sports & Outdoors,Cricket Bat,1169.96,1,0.0,1169.96,268.74,West,Surat,Credit Card
ORD106144,2024-08-25,CUST00591,31.0,Female,Consumer,Home & Kitchen,Non-Stick Pan,386.7,1,0.1,348.03,60.7,East,Kolkata,UPI
ORD106300,2024-08-25,CUST00934,34.0,Female,Consumer,Sports & Outdoors,Cycling Helmet,3541.3,1,0.25,2655.98,-93.98,South,Kochi,Credit Card
ORD103019,2024-08-25,CUST00347,28.0,Female,Small Business,Electronics,Wireless Earbuds,1936.09,1,0.0,1936.09,850.52,West,Surat,Net Banking
ORD104309,2024-08-25,CUST01286,18.0,Female,Consumer,Home & Kitchen,Storage Rack,649.26,1,0.25,486.94,69.7,North,Chandigarh,UPI
ORD103922,2024-08-25,CUST00283,46.0,Male,Consumer,Electronics,USB-C Cable,8537.22,2,0.1,15367.0,1712.4,South,Bengaluru,Debit Card
ORD104601,2024-08-25,CUST00890,57.0,Female,Consumer,Sports & Outdoors,Dumbbell Set,2364.79,1,0.05,2246.55,554.46,South,Kochi,Credit Card
ORD106192,2024-08-25,CUST00732,30.0,Female,Consumer,Furniture,Coffee Table,7719.27,1,0.0,7719.27,3252.78,South,Kochi,Net Banking
ORD101942,2024-08-26,CUST01447,28.0,Male,Consumer,Clothing,Women's Jeans,614.33,1,0.1,552.9,107.0,South,Kochi,Debit Card
ORD104350,2024-08-26,CUST01493,31.0,Female,Corporate,Home & Kitchen,Bedsheet Set,1467.47,1,0.05,1394.1,350.09,North,Delhi,
ORD101771,2024-08-26,CUST00722,23.0,Male,Consumer,Home & Kitchen,LED Table Lamp,5062.64,2,0.0,10125.28,2733.35,South,Kochi,Cash on Delivery
ORD100025,2024-08-27,CUST00634,34.0,Female,Corporate,Home & Kitchen,Bedsheet Set,2994.06,4,0.1,10778.62,3731.37,North,Lucknow,Net Banking
ORD101959,2024-08-27,CUST00968,34.0,Female,Consumer,Clothing,Sports Cap,1377.67,2,0.25,2066.5,132.79,North,Lucknow,UPI
ORD102735,2024-08-27,CUST01215,32.0,Female,Corporate,Electronics,Wireless Earbuds,5976.99,2,0.05,11356.28,4325.75,North,Delhi,UPI
ORD104706,2024-08-27,CUST00784,39.0,Female,Corporate,Home & Kitchen,Bedsheet Set,1594.7,1,0.1,1435.23,289.6,West,Ahmedabad,Cash on Delivery
ORD106125,2024-08-28,CUST01112,25.0,Male,Small Business,Furniture,Bean Bag,3338.0,1,0.2,2670.4,445.04,East,Kolkata,UPI
ORD102972,2024-08-28,CUST01642,52.0,Male,Consumer,Clothing,Winter Jacket,532.63,1,0.1,479.37,74.84,West,Pune,Credit Card
ORD102065,2024-08-28,CUST00700,32.0,Female,Small Business,Sports & Outdoors,Yoga Mat,2630.74,1,0.0,2630.74,884.75,Central,Bhopal,Debit Card
ORD101774,2024-08-28,CUST00992,40.0,Female,Consumer,Home & Kitchen,Bedsheet Set,1070.6,1,0.0,1070.6,451.13,North,Jaipur,Debit Card
ORD101080,2024-08-28,CUST02076,42.0,Female,Consumer,Electronics,Smartwatch,8837.49,1,0.15,7511.87,1178.0,South,Hyderabad,Credit Card
ORD103965,2024-08-29,CUST01380,47.0,Female,Corporate,Furniture,Bookshelf,3684.67,1,0.1,3316.2,373.85,South,Chennai,Cash on Delivery
ORD102846,2024-08-29,CUST01925,38.0,Female,Consumer,Home & Kitchen,LED Table Lamp,3766.67,1,0.05,3578.34,796.06,East,Kolkata,Net Banking
ORD106186,2024-08-29,CUST00229,43.0,Male,Corporate,Electronics,Laptop Stand,3570.19,1,0.0,3570.19,1451.54,Central,Bhopal,Credit Card
ORD103148,2024-08-29,CUST02062,30.0,Male,Consumer,Furniture,Bean Bag,12717.83,1,0.0,12717.83,5515.06,West,Mumbai,Credit Card
ORD101944,2024-08-30,CUST00418,29.0,Male,Consumer,Home & Kitchen,Storage Rack,841.0,1,0.0,841.0,318.86,West,Ahmedabad,UPI
ORD102188,2024-08-30,CUST00509,,Male,Consumer,Beauty & Personal Care,Trimmer,920.36,3,0.0,2761.08,792.13,Central,Raipur,UPI
ORD100648,2024-08-30,CUST01883,49.0,Male,Consumer,Clothing,Winter Jacket,931.8,1,0.05,885.21,158.09,East,Bhubaneswar,Credit Card
ORD102620,2024-08-30,CUST00289,41.0,Male,Consumer,Furniture,Wardrobe,7594.64,3,0.0,22783.92,10126.52,East,Bhubaneswar,Credit Card
ORD102377,2024-08-30,CUST01001,50.0,Male,Corporate,Home & Kitchen,Mixer Grinder,2024.33,1,0.0,2024.33,691.1,South,Kochi,UPI
ORD106032,2024-08-30,CUST00949,25.0,Male,Corporate,Home & Kitchen,Water Bottle,731.54,2,0.0,1463.08,555.62,North,Lucknow,Debit Card
ORD100759,2024-08-30,CUST00270,36.0,Female,Corporate,Clothing,Winter Jacket,2065.43,1,0.05,1962.16,682.5,South,Chennai,UPI
ORD101674,2024-08-31,CUST00942,43.0,Female,Corporate,Clothing,Kids Hoodie,926.53,2,0.15,1575.1,289.61,South,Hyderabad,UPI
ORD101327,2024-08-31,CUST01897,,Male,Consumer,Electronics,Smartphone Case,8824.58,2,0.1,15884.24,6061.14,East,Kolkata,Net Banking
ORD103189,2024-08-31,CUST01934,50.0,Male,Small Business,Home & Kitchen,Non-Stick Pan,524.21,2,0.0,1048.42,226.95,South,Hyderabad,Debit Card
ORD105952,2024-08-31,CUST01128,29.0,Female,Consumer,Electronics,Laptop Stand,3279.57,4,0.05,12462.37,2121.08,North,Delhi,Credit Card
ORD100421,2024-08-31,CUST01074,27.0,Male,Small Business,Furniture,Bean Bag,4488.6,1,0.2,3590.88,778.75,North,Lucknow,UPI
ORD103279,2024-09-01,CUST00566,37.0,Female,Small Business,Home & Kitchen,Storage Rack,964.24,1,0.15,819.6,251.71,Central,Nagpur,Debit Card
ORD101041,2024-09-01,CUST01160,22.0,Female,Consumer,Beauty & Personal Care,Perfume,1321.79,1,0.0,1321.79,535.77,West,Ahmedabad,UPI
ORD100420,2024-09-01,CUST02057,23.0,Female,Consumer,Clothing,Summer Dress,1353.97,1,0.1,1218.57,199.88,East,Patna,Net Banking
ORD105970,2024-09-01,CUST01909,47.0,Female,Consumer,Sports & Outdoors,Cricket Bat,5964.92,1,0.1,5368.43,1518.33,West,Surat,UPI
ORD102477,2024-09-01,CUST00098,66.0,Male,Consumer,Electronics,Wireless Earbuds,1905.33,1,0.05,1810.06,579.39,North,Chandigarh,Credit Card
ORD102095,2024-09-02,CUST00461,18.0,Female,Consumer,Clothing,Kids Hoodie,2757.73,1,0.1,2481.96,480.89,North,Delhi,Net Banking
ORD103264,2024-09-02,CUST00308,41.0,Female,Small Business,Home & Kitchen,Mixer Grinder,1166.84,1,0.15,991.81,157.05,North,Chandigarh,Credit Card
ORD102800,2024-09-02,CUST00285,28.0,Female,Corporate,Beauty & Personal Care,Lipstick,770.21,1,0.0,770.21,255.34,East,Patna,Cash on Delivery
ORD103628,2024-09-02,CUST01331,44.0,Female,Consumer,Books & Stationery,Desk Organizer,297.77,2,0.0,595.54,252.27,South,Bengaluru,Debit Card
ORD102783,2024-09-02,CUST01787,46.0,Female,Corporate,Electronics,Bluetooth Speaker,2590.26,1,0.15,2201.72,764.97,West,Mumbai,Credit Card
ORD104124,2024-09-02,CUST01254,56.0,Female,Consumer,Clothing,Kids Hoodie,2566.05,1,0.0,2566.05,985.66,Central,Raipur,Credit Card
ORD102104,2024-09-03,CUST01155,36.0,Male,Small Business,Home & Kitchen,Non-Stick Pan,568.29,2,0.0,1136.58,486.27,West,Pune,Cash on Delivery
ORD101924,2024-09-03,CUST01263,,Male,Small Business,Furniture,Study Table,14392.92,1,0.0,14392.92,4521.22,North,Chandigarh,Net Banking
ORD105375,2024-09-03,CUST00768,38.0,Female,Small Business,Home & Kitchen,Storage Rack,2785.14,1,0.1,2506.63,874.41,East,Kolkata,UPI
ORD104037,2024-09-03,CUST00281,46.0,Male,Small Business,Furniture,Study Table,14371.14,5,0.15,61077.34,12301.52,Central,Bhopal,Net Banking
ORD106065,2024-09-03,CUST01536,43.0,Female,Consumer,Books & Stationery,Notebook Pack,438.0,2,0.0,876.0,313.77,Central,Bhopal,Credit Card
ORD100755,2024-09-03,CUST01591,33.0,Female,Consumer,Beauty & Personal Care,Perfume,676.61,2,0.2,1082.58,74.72,East,Kolkata,UPI
ORD102479,2024-09-03,CUST01586,49.0,Male,Small Business,Electronics,Bluetooth Speaker,3668.31,1,0.1,3301.48,541.59,North,Jaipur,Debit Card
ORD104944,2024-09-03,CUST01978,40.0,Male,Corporate,Sports & Outdoors,Cricket Bat,784.15,1,0.0,784.15,269.14,East,Bhubaneswar,Cash on Delivery
ORD105533,2024-09-04,CUST01772,33.0,Female,Consumer,Clothing,Sports Cap,570.9,3,0.0,1712.7,764.49,South,Kochi,UPI
ORD100727,2024-09-04,CUST01357,30.0,Female,Consumer,Clothing,Winter Jacket,1445.45,1,0.1,1300.9,214.08,North,Chandigarh,Credit Card
ORD102240,2024-09-04,CUST01783,24.0,Male,Consumer,Home & Kitchen,LED Table Lamp,307.7,1,0.2,246.16,69.03,Central,Raipur,Credit Card
ORD100308,2024-09-04,CUST00523,44.0,Male,Consumer,Home & Kitchen,LED Table Lamp,2481.26,1,0.05,2357.2,509.96,East,Patna,Debit Card
ORD105795,2024-09-04,CUST00704,31.0,Male,Consumer,Beauty & Personal Care,Sunscreen SPF50,966.02,1,0.05,917.72,262.48,North,Lucknow,UPI
ORD101213,2024-09-04,CUST02083,46.0,Female,Consumer,Clothing,Women's Jeans,922.77,2,0.05,1753.26,493.39,West,Mumbai,UPI
ORD101633,2024-09-04,CUST00014,27.0,Male,Small Business,Electronics,Webcam,788.54,1,0.25,591.4,94.66,North,Lucknow,Net Banking
ORD105722,2024-09-04,CUST00619,38.0,Male,Corporate,Beauty & Personal Care,Hair Dryer,567.16,2,0.0,1134.32,308.1,West,Ahmedabad,Debit Card
ORD102560,2024-09-04,CUST00718,41.0,Male,Consumer,Sports & Outdoors,Football,5786.1,5,0.1,26037.45,9879.47,North,Delhi,UPI
ORD100230,2024-09-04,CUST00885,38.0,Male,Small Business,Electronics,USB-C Cable,4658.65,2,0.0,9317.3,2609.88,East,Kolkata,Credit Card
ORD104830,2024-09-05,CUST00550,35.0,Male,Small Business,Beauty & Personal Care,Trimmer,820.07,1,0.1,738.06,275.35,South,Chennai,Credit Card
ORD103360,2024-09-05,CUST01148,29.0,Male,Consumer,Electronics,Bluetooth Speaker,8501.67,1,0.0,8501.67,1931.33,East,Patna,Net Banking
ORD101250,2024-09-05,CUST01390,52.0,Female,Consumer,Clothing,Women's Jeans,2924.26,1,0.05,2778.05,795.41,West,Ahmedabad,
ORD104493,2024-09-05,CUST01804,25.0,Female,Corporate,Sports & Outdoors,Camping Tent,3070.05,1,0.0,3070.05,974.84,West,Ahmedabad,Cash on Delivery
ORD100279,2024-09-05,CUST01588,18.0,Male,Consumer,Clothing,Women's Jeans,634.99,1,0.05,603.24,232.1,Central,Nagpur,UPI
ORD105834,2024-09-05,CUST00267,35.0,Female,Consumer,Beauty & Personal Care,Trimmer,1739.07,1,0.25,1304.3,227.8,Central,Bhopal,Cash on Delivery
ORD103618,2024-09-05,CUST00473,39.0,Female,Corporate,Electronics,Laptop Stand,8783.0,1,0.1,7904.7,2544.22,South,Kochi,Cash on Delivery
ORD103001,2024-09-05,CUST00003,35.0,Female,Consumer,Home & Kitchen,Mixer Grinder,1587.09,1,0.0,1587.09,547.21,West,Surat,Credit Card
ORD105195,2024-09-06,CUST00272,18.0,Male,Consumer,Clothing,Women's Jeans,1710.77,1,0.1,1539.69,242.02,West,Surat,Net Banking
ORD106247,2024-09-06,CUST01802,33.0,Male,Consumer,Clothing,Running Shoes,2286.92,1,0.0,2286.92,997.4,North,Lucknow,UPI
ORD101146,2024-09-06,CUST01151,31.0,Female,Consumer,Clothing,Running Shoes,1237.08,1,0.1,1113.37,220.75,South,Chennai,Net Banking
ORD101478,2024-09-06,CUST00001,33.0,Male,Small Business,Books & Stationery,Notebook Pack,802.18,2,0.25,1203.27,148.94,West,Mumbai,Cash on Delivery
ORD105246,2024-09-06,CUST00325,35.0,Male,Corporate,Clothing,Kids Hoodie,2749.52,1,0.0,2749.52,1219.83,West,Mumbai,Cash on Delivery
ORD101261,2024-09-06,CUST00646,41.0,Female,Consumer,Home & Kitchen,Bedsheet Set,431.03,2,0.0,862.06,292.0,South,Kochi,Credit Card
ORD104429,2024-09-06,CUST00806,35.0,Female,Small Business,Sports & Outdoors,Cycling Helmet,3420.99,2,0.1,6157.78,1661.57,North,Delhi,UPI
ORD103613,2024-09-06,CUST01036,20.0,Female,Consumer,Home & Kitchen,Water Bottle,4429.31,1,0.05,4207.84,1760.15,South,Chennai,Debit Card
ORD102098,2024-09-06,CUST01076,59.0,Female,Corporate,Clothing,Running Shoes,1234.9,1,0.05,1173.16,473.75,Central,Raipur,Debit Card
ORD100774,2024-09-06,CUST00376,35.0,Male,Small Business,Beauty & Personal Care,Trimmer,1483.23,1,0.15,1260.75,394.29,South,Chennai,Cash on Delivery
ORD100611,2024-09-07,CUST00012,26.0,Female,Corporate,Clothing,Women's Jeans,2338.55,1,0.15,1987.77,376.86,North,Delhi,Credit Card
ORD101828,2024-09-07,CUST00030,35.0,Female,Small Business,Home & Kitchen,Water Bottle,5709.37,1,0.0,5709.37,2446.44,South,Hyderabad,UPI
ORD105751,2024-09-07,CUST01948,42.0,Female,Corporate,Clothing,Summer Dress,672.16,1,0.0,672.16,178.24,Central,Bhopal,Cash on Delivery
ORD100276,2024-09-07,CUST01247,48.0,Male,Consumer,Clothing,Kids Hoodie,2657.09,1,0.0,2657.09,644.16,South,Chennai,UPI
ORD106220,2024-09-07,CUST00428,33.0,Male,Consumer,Beauty & Personal Care,Face Wash,1644.89,4,0.0,6579.56,2864.0,South,Bengaluru,Credit Card
ORD102379,2024-09-07,CUST01668,31.0,Female,Consumer,Clothing,Women's Jeans,1316.51,1,0.0,1316.51,264.69,South,Bengaluru,Net Banking
ORD101053,2024-09-07,CUST01033,18.0,Female,Consumer,Clothing,Sports Cap,1153.45,2,0.05,2191.55,780.85,South,Chennai,UPI
ORD103531,2024-09-07,CUST01030,32.0,Female,Consumer,Home & Kitchen,LED Table Lamp,1369.48,1,0.0,1369.48,506.97,South,Hyderabad,Cash on Delivery
ORD100990,2024-09-07,CUST01295,24.0,Other,Small Business,Electronics,Smartphone Case,1480.56,2,0.05,2813.06,1154.73,Central,Bhopal,UPI
ORD104549,2024-09-07,CUST01688,18.0,Female,Consumer,Furniture,Office Chair,4237.65,1,0.15,3602.0,287.73,South,Hyderabad,Cash on Delivery
ORD104447,2024-09-07,CUST01884,37.0,Female,Small Business,Clothing,Running Shoes,2309.88,1,0.1,2078.89,598.73,South,Chennai,Credit Card
ORD101607,2024-09-08,CUST00195,20.0,Female,Small Business,Home & Kitchen,Ceramic Mug Set,3994.64,4,0.05,15179.63,3246.13,West,Pune,Debit Card
ORD101294,2024-09-08,CUST00037,34.0,Male,Consumer,Sports & Outdoors,Cycling Helmet,6088.68,1,0.1,5479.81,1908.22,West,Pune,Debit Card
ORD104346,2024-09-08,CUST02030,46.0,Female,Corporate,Electronics,Power Bank,880.32,1,0.05,836.3,200.94,West,Ahmedabad,UPI
ORD101892,2024-09-08,CUST01123,45.0,Female,Corporate,Clothing,Kids Hoodie,1917.41,1,0.1,1725.67,320.12,Central,Bhopal,Debit Card
ORD103784,2024-09-08,CUST01410,23.0,Male,Consumer,Beauty & Personal Care,Sunscreen SPF50,236.52,1,0.05,224.69,89.53,West,Surat,UPI
ORD100884,2024-09-08,CUST01266,18.0,Male,Consumer,Books & Stationery,Planner Diary,411.16,3,0.0,1233.48,329.09,West,Surat,Net Banking
ORD100923,2024-09-08,CUST00362,26.0,Male,Consumer,Clothing,Men's T-Shirt,417.22,1,0.05,396.36,117.29,West,Surat,Credit Card
ORD102991,2024-09-08,CUST00038,42.0,Female,Corporate,Clothing,Summer Dress,955.94,1,0.0,955.94,322.08,North,Delhi,Debit Card
ORD105460,2024-09-08,CUST02013,48.0,Male,Corporate,Home & Kitchen,Storage Rack,2711.63,4,0.05,10304.19,3092.39,South,Bengaluru,Debit Card
ORD105888,2024-09-08,CUST02049,37.0,Female,Small Business,Books & Stationery,Desk Organizer,542.84,5,0.05,2578.49,665.19,West,Mumbai,Debit Card
ORD104882,2024-09-08,CUST00816,34.0,Male,Consumer,Electronics,Laptop Stand,5736.46,1,0.1,5162.81,656.52,Central,Raipur,Credit Card
ORD101307,2024-09-09,CUST00555,30.0,Female,Consumer,Beauty & Personal Care,Trimmer,1149.19,1,0.0,1149.19,293.67,Central,Raipur,UPI
ORD101755,2024-09-09,CUST01542,38.0,Female,Corporate,Home & Kitchen,Mixer Grinder,4602.4,1,0.25,3451.8,223.02,South,Bengaluru,Cash on Delivery
ORD103678,2024-09-09,CUST01809,39.0,Male,Small Business,Electronics,Bluetooth Speaker,4670.44,1,0.0,4670.44,1457.56,East,Bhubaneswar,Credit Card
ORD100067,2024-09-09,CUST00041,32.0,Male,Consumer,Home & Kitchen,LED Table Lamp,3547.92,3,0.0,10643.76,2742.81,West,Surat,Debit Card
ORD106139,2024-09-09,CUST01026,25.0,Female,Consumer,Sports & Outdoors,Football,4741.25,1,0.1,4267.12,603.72,West,Surat,UPI
ORD106124,2024-09-09,CUST00152,25.0,Male,Consumer,Beauty & Personal Care,Lipstick,576.61,1,0.15,490.12,114.01,West,Surat,Credit Card
ORD104632,2024-09-09,CUST01889,38.0,Female,Consumer,Home & Kitchen,Bedsheet Set,1131.15,5,0.2,4524.6,414.1,North,Lucknow,Credit Card
ORD105206,2024-09-09,CUST01069,32.0,Male,Corporate,Furniture,Office Chair,5430.6,2,0.0,10861.2,2428.6,East,Kolkata,Cash on Delivery
ORD101528,2024-09-10,CUST00713,27.0,Male,Consumer,Furniture,Bean Bag,12345.97,1,0.15,10494.07,2508.45,East,Bhubaneswar,Debit Card
ORD102568,2024-09-10,CUST01995,24.0,Female,Consumer,Books & Stationery,Fiction Novel,768.59,1,0.0,768.59,291.93,East,Bhubaneswar,Debit Card
ORD100820,2024-09-10,CUST01911,23.0,Male,Consumer,Books & Stationery,Notebook Pack,131.51,1,0.0,131.51,48.35,West,Pune,UPI
ORD101981,2024-09-10,CUST01080,29.0,Female,Consumer,Sports & Outdoors,Cycling Helmet,5849.7,2,0.15,9944.49,3130.18,South,Chennai,UPI
ORD102300,2024-09-10,CUST01212,35.0,Female,Consumer,Beauty & Personal Care,Sunscreen SPF50,1347.35,1,0.0,1347.35,583.11,West,Surat,Debit Card
ORD104289,2024-09-10,CUST01664,33.0,Male,Consumer,Furniture,Coffee Table,4462.99,1,0.0,4462.99,1806.91,East,Bhubaneswar,UPI
ORD102120,2024-09-10,CUST01875,18.0,Male,Consumer,Home & Kitchen,Storage Rack,2450.96,2,0.2,3921.54,790.88,East,Bhubaneswar,UPI
ORD103501,2024-09-10,CUST00387,36.0,Male,Corporate,Home & Kitchen,Bedsheet Set,1255.5,1,0.0,1255.5,509.85,West,Ahmedabad,Credit Card
ORD103475,2024-09-10,CUST00117,41.0,Female,Consumer,Clothing,Women's Jeans,2040.81,1,0.0,2040.81,526.91,North,Delhi,UPI
ORD106185,2024-09-10,CUST01658,41.0,Male,Small Business,Electronics,Smartwatch,8524.39,1,0.15,7245.73,516.19,East,Patna,UPI
ORD104749,2024-09-10,CUST01100,18.0,Female,Consumer,Electronics,Smartphone Case,2841.68,1,0.2,2273.34,487.62,East,Patna,Credit Card
ORD100385,2024-09-10,CUST01037,18.0,Male,Consumer,Sports & Outdoors,Cricket Bat,625.8,2,0.0,1251.6,423.65,South,Kochi,Cash on Delivery
ORD103326,2024-09-10,CUST00654,20.0,Other,Consumer,Sports & Outdoors,Cricket Bat,1160.54,1,0.0,1160.54,454.79,South,Kochi,UPI
ORD106215,2024-09-10,CUST01648,21.0,Male,Consumer,Electronics,Bluetooth Speaker,4483.2,1,0.15,3810.72,402.22,South,Hyderabad,Debit Card
ORD103287,2024-09-10,CUST00870,46.0,Female,Consumer,Electronics,Bluetooth Speaker,2262.5,1,0.25,1696.88,-100.16,South,Chennai,UPI
ORD103299,2024-09-11,CUST01755,33.0,Male,Consumer,Beauty & Personal Care,Lipstick,377.83,1,0.15,321.16,106.17,North,Jaipur,Credit Card
ORD104453,2024-09-11,CUST01422,38.0,Other,Consumer,Beauty & Personal Care,Lipstick,1093.74,1,0.15,929.68,54.81,South,Chennai,Credit Card
ORD100116,2024-09-11,CUST01576,18.0,Male,Consumer,Home & Kitchen,Air Fryer,2770.18,1,0.05,2631.67,1050.73,West,Ahmedabad,UPI
ORD103318,2024-09-11,CUST00830,32.0,Female,Consumer,Clothing,Running Shoes,1616.59,1,0.15,1374.1,126.8,North,Lucknow,Debit Card
ORD103446,2024-09-11,CUST00320,19.0,Female,Corporate,Sports & Outdoors,Football,565.92,1,0.0,565.92,172.22,Central,Nagpur,Debit Card
ORD106010,2024-09-11,CUST01837,30.0,Female,Consumer,Beauty & Personal Care,Lipstick,1743.29,1,0.0,1743.29,487.78,West,Surat,Net Banking
ORD102591,2024-09-11,CUST00564,34.0,Male,Corporate,Electronics,Wireless Earbuds,6895.93,1,0.05,6551.13,1084.95,East,Bhubaneswar,UPI
ORD102524,2024-09-11,CUST00249,42.0,Male,Consumer,Clothing,Formal Shirt,1689.81,2,0.0,3379.62,1304.35,West,Ahmedabad,Cash on Delivery
ORD103550,2024-09-11,CUST00308,41.0,Female,Small Business,Furniture,Wardrobe,4062.44,2,0.0,8124.88,2568.0,South,Hyderabad,Credit Card
ORD103981,2024-09-12,CUST00997,36.0,Male,Corporate,Clothing,Running Shoes,547.3,1,0.05,519.93,154.23,North,Delhi,Cash on Delivery
ORD101673,2024-09-12,CUST00517,48.0,Female,Consumer,Beauty & Personal Care,Hair Dryer,726.03,1,0.0,726.03,242.98,North,Jaipur,Debit Card
ORD104001,2024-09-12,CUST00164,51.0,Female,Corporate,Home & Kitchen,Storage Rack,1608.27,1,0.1,1447.44,224.16,Central,Bhopal,Cash on Delivery
ORD101546,2024-09-12,CUST00700,32.0,Female,Small Business,Furniture,Coffee Table,14531.67,1,0.05,13805.09,4646.57,East,Bhubaneswar,Credit Card
ORD101407,2024-09-12,CUST00859,27.0,Male,Corporate,Electronics,USB-C Cable,3430.21,1,0.2,2744.17,608.02,South,Bengaluru,UPI
ORD102211,2024-09-12,CUST02028,29.0,Female,Corporate,Clothing,Sports Cap,2431.4,1,0.05,2309.83,732.93,Central,Nagpur,Credit Card
ORD104948,2024-09-12,CUST01809,39.0,Male,Small Business,Sports & Outdoors,Yoga Mat,6677.03,1,0.05,6343.18,1191.51,North,Lucknow,Credit Card
ORD103919,2024-09-12,CUST01116,48.0,Male,Consumer,Electronics,Webcam,7411.29,1,0.0,7411.29,2948.09,West,Surat,Net Banking
ORD103130,2024-09-12,CUST01664,33.0,Male,Consumer,Electronics,Smartphone Case,1616.48,1,0.1,1454.83,416.35,South,Chennai,Credit Card
ORD105972,2024-09-12,CUST01375,20.0,Male,Corporate,Books & Stationery,Sketch Pens,658.11,2,0.15,1118.79,246.92,West,Surat,Credit Card
ORD103822,2024-09-12,CUST00096,31.0,Male,Consumer,Clothing,Running Shoes,819.07,1,0.0,819.07,337.4,North,Lucknow,UPI
ORD105051,2024-09-12,CUST02023,25.0,Other,Corporate,Electronics,Wireless Earbuds,5903.14,1,0.05,5607.98,1126.4,South,Chennai,Debit Card
ORD101935,2024-09-12,CUST01251,34.0,Male,Small Business,Clothing,Sports Cap,1753.0,1,0.15,1490.05,270.21,North,Jaipur,UPI
ORD100618,2024-09-13,CUST01622,28.0,Male,Corporate,Clothing,Sports Cap,1595.56,1,0.0,1595.56,349.96,West,Mumbai,UPI
ORD102062,2024-09-13,CUST01294,21.0,Male,Corporate,Home & Kitchen,Ceramic Mug Set,4943.85,1,0.05,4696.66,1706.84,South,Bengaluru,Credit Card
ORD102705,2024-09-13,CUST01928,35.0,Male,Consumer,Clothing,Sports Cap,2842.46,1,0.25,2131.85,426.84,South,Kochi,Cash on Delivery
ORD103405,2024-09-13,CUST00784,39.0,Female,Corporate,Electronics,USB-C Cable,6674.58,1,0.15,5673.39,1901.91,North,Jaipur,Credit Card
ORD101004,2024-09-13,CUST00318,42.0,Female,Consumer,Furniture,Bean Bag,11031.67,1,0.0,11031.67,2858.69,North,Delhi,UPI
ORD100389,2024-09-13,CUST01097,54.0,Male,Small Business,Home & Kitchen,Storage Rack,5137.88,1,0.0,5137.88,1516.85,East,Bhubaneswar,Credit Card
ORD102772,2024-09-13,CUST00879,43.0,Female,Consumer,Furniture,Study Table,3677.54,1,0.2,2942.03,289.58,North,Chandigarh,UPI
ORD102959,2024-09-13,CUST00272,18.0,Male,Consumer,Sports & Outdoors,Dumbbell Set,6184.3,1,0.2,4947.44,1488.99,North,Delhi,UPI
ORD102926,2024-09-13,CUST02084,60.0,Male,Consumer,Home & Kitchen,LED Table Lamp,809.76,1,0.0,809.76,361.41,West,Pune,Cash on Delivery
ORD100035,2024-09-14,CUST01421,25.0,Female,Corporate,Books & Stationery,Notebook Pack,179.99,1,0.25,134.99,10.86,South,Bengaluru,UPI
ORD106309,2024-09-14,CUST01682,29.0,Female,Corporate,Sports & Outdoors,Cycling Helmet,5136.69,1,0.0,5136.69,1110.32,East,Bhubaneswar,UPI
ORD104861,2024-09-14,CUST00534,33.0,Male,Consumer,Clothing,Formal Shirt,2120.25,1,0.0,2120.25,684.31,East,Patna,Credit Card
ORD100120,2024-09-14,CUST00847,18.0,Male,Consumer,Beauty & Personal Care,Sunscreen SPF50,1918.52,2,0.0,3837.04,1272.73,Central,Raipur,Credit Card
ORD100113,2024-09-14,CUST01156,44.0,Other,Corporate,Electronics,Webcam,5653.1,3,0.2,13567.44,3019.15,West,Surat,UPI
ORD105516,2024-09-14,CUST01291,50.0,Female,Consumer,Clothing,Running Shoes,2518.83,1,0.2,2015.06,89.43,West,Mumbai,Cash on Delivery
ORD103831,2024-09-14,CUST00158,51.0,Female,Consumer,Beauty & Personal Care,Perfume,264.07,2,0.05,501.73,159.36,East,Kolkata,Debit Card
ORD101476,2024-09-14,CUST00258,43.0,Female,Small Business,Home & Kitchen,Water Bottle,2675.16,1,0.15,2273.89,775.51,West,Pune,UPI
ORD102552,2024-09-14,CUST01995,24.0,Female,Consumer,Books & Stationery,Fiction Novel,758.76,1,0.0,758.76,200.29,Central,Nagpur,Debit Card
ORD104324,2024-09-15,CUST00016,45.0,Male,Consumer,Furniture,Bean Bag,6595.7,1,0.0,6595.7,1994.52,West,Surat,Cash on Delivery
ORD100271,2024-09-15,CUST01796,38.0,Male,Small Business,Beauty & Personal Care,Perfume,699.78,1,0.0,699.78,302.14,West,Pune,Credit Card
ORD105378,2024-09-15,CUST01651,37.0,Male,Corporate,Home & Kitchen,Storage Rack,4783.18,1,0.1,4304.86,1548.78,South,Hyderabad,Debit Card
ORD104616,2024-09-15,CUST00939,30.0,Female,Corporate,Beauty & Personal Care,Trimmer,1240.14,2,0.05,2356.27,957.78,West,Surat,Cash on Delivery
ORD100707,2024-09-15,CUST00904,18.0,Female,Consumer,Electronics,Wireless Earbuds,946.43,5,0.0,4732.15,1306.12,South,Bengaluru,Debit Card
ORD104524,2024-09-15,CUST00927,43.0,Female,Small Business,Beauty & Personal Care,Hair Dryer,1231.78,1,0.15,1047.01,144.6,South,Kochi,Credit Card
ORD101123,2024-09-15,CUST01631,39.0,Male,Consumer,Home & Kitchen,Water Bottle,2860.34,1,0.15,2431.29,676.95,South,Bengaluru,Debit Card
ORD100270,2024-09-15,CUST00651,30.0,Female,Corporate,Clothing,Kids Hoodie,2218.76,1,0.2,1775.01,400.86,North,Delhi,Cash on Delivery
ORD104223,2024-09-15,CUST01723,23.0,Female,Consumer,Furniture,Coffee Table,13528.46,1,0.1,12175.61,3087.61,West,Ahmedabad,UPI
ORD103541,2024-09-15,CUST01465,21.0,Male,Consumer,Beauty & Personal Care,Hair Dryer,1941.21,1,0.0,1941.21,585.07,Central,Bhopal,Credit Card
ORD102748,2024-09-16,CUST00451,36.0,Female,Corporate,Furniture,Coffee Table,9141.54,1,0.2,7313.23,1614.14,North,Lucknow,Credit Card
ORD100517,2024-09-16,CUST00907,24.0,Male,Corporate,Beauty & Personal Care,Lipstick,1617.89,1,0.15,1375.21,89.63,West,Surat,Cash on Delivery
ORD105959,2024-09-16,CUST01920,34.0,Male,Consumer,Beauty & Personal Care,Hair Dryer,1043.42,2,0.0,2086.84,704.56,South,Kochi,UPI
ORD105340,2024-09-16,CUST00544,61.0,Female,Consumer,Electronics,Bluetooth Speaker,2747.15,1,0.1,2472.44,286.26,West,Surat,UPI
ORD102888,2024-09-16,CUST00671,31.0,Female,Small Business,Home & Kitchen,Non-Stick Pan,2433.43,3,0.0,7300.29,2618.13,West,Mumbai,Net Banking
ORD106464,2024-09-16,CUST01502,27.0,Male,Consumer,Home & Kitchen,Water Bottle,2158.16,1,0.25,1618.62,169.83,Central,Nagpur,Debit Card
ORD104545,2024-09-17,CUST00337,25.0,Male,Small Business,Clothing,Formal Shirt,847.22,2,0.0,1694.44,614.85,South,Bengaluru,Net Banking
ORD101834,2024-09-17,CUST00682,63.0,Female,Corporate,Home & Kitchen,Water Bottle,3885.53,1,0.15,3302.7,600.28,Central,Bhopal,Cash on Delivery
ORD104939,2024-09-17,CUST01921,32.0,Female,Corporate,Electronics,Power Bank,1265.89,1,0.05,1202.6,401.85,Central,Raipur,UPI
ORD105480,2024-09-17,CUST01042,32.0,Female,Consumer,Home & Kitchen,Water Bottle,2806.37,1,0.05,2666.05,477.4,East,Patna,UPI
ORD104177,2024-09-17,CUST00465,31.0,Male,Consumer,Clothing,Running Shoes,2670.89,1,0.1,2403.8,891.47,East,Bhubaneswar,UPI
ORD104639,2024-09-17,CUST00235,35.0,Female,Consumer,Furniture,Study Table,10444.48,1,0.0,10444.48,4053.96,South,Kochi,Credit Card
ORD104268,2024-09-18,CUST00827,42.0,Female,Corporate,Clothing,Sports Cap,1319.83,1,0.0,1319.83,460.38,South,Bengaluru,Net Banking
ORD105662,2024-09-18,CUST00398,24.0,Female,Consumer,Home & Kitchen,Bedsheet Set,1781.23,2,0.25,2671.84,-20.26,North,Lucknow,Credit Card
ORD105868,2024-09-18,CUST00001,33.0,Male,Small Business,Sports & Outdoors,Camping Tent,1216.18,1,0.15,1033.75,118.15,North,Delhi,Cash on Delivery
ORD100530,2024-09-18,CUST02010,26.0,Male,Corporate,Electronics,Wireless Earbuds,2171.8,1,0.05,2063.21,799.52,South,Chennai,UPI
ORD100503,2024-09-18,CUST01863,33.0,Female,Consumer,Electronics,Webcam,6147.7,1,0.25,4610.77,-121.47,West,Mumbai,UPI
ORD101510,2024-09-18,CUST01375,20.0,Male,Corporate,Books & Stationery,Desk Organizer,802.64,2,0.1,1444.75,513.45,East,Bhubaneswar,Net Banking
ORD101728,2024-09-18,CUST00494,30.0,Female,Consumer,Sports & Outdoors,Camping Tent,413.35,1,0.05,392.68,153.17,South,Kochi,Net Banking
ORD100444,2024-09-18,CUST02002,36.0,Female,Consumer,Clothing,Winter Jacket,2635.51,2,0.15,4480.37,1043.65,Central,Nagpur,Credit Card
ORD103374,2024-09-19,CUST00277,35.0,Male,Consumer,Clothing,Kids Hoodie,2494.47,1,0.0,2494.47,1049.23,West,Ahmedabad,UPI
ORD104329,2024-09-19,CUST01450,27.0,Male,Consumer,Furniture,Coffee Table,4720.71,1,0.0,4720.71,1315.09,West,Ahmedabad,Credit Card
ORD103178,2024-09-19,CUST01536,43.0,Female,Consumer,Beauty & Personal Care,Perfume,1891.97,3,0.05,5392.11,1306.63,Central,Raipur,UPI
ORD104869,2024-09-19,CUST00857,38.0,Female,Corporate,Home & Kitchen,Ceramic Mug Set,3104.27,1,0.05,2949.06,1015.08,Central,Raipur,Net Banking
ORD100731,2024-09-19,CUST00831,40.0,Female,Consumer,Furniture,Office Chair,5906.67,1,0.05,5611.34,1793.53,North,Jaipur,UPI
ORD101309,2024-09-19,CUST00365,45.0,Male,Consumer,Electronics,Smartphone Case,974.33,1,0.0,974.33,404.26,East,Patna,Cash on Delivery
ORD106048,2024-09-19,CUST01241,18.0,Female,Small Business,Books & Stationery,Planner Diary,249.15,4,0.2,797.28,210.04,South,Bengaluru,Cash on Delivery
ORD100378,2024-09-19,CUST00611,49.0,Male,Consumer,Electronics,Power Bank,4425.75,1,0.1,3983.18,1238.05,South,Hyderabad,UPI
ORD103860,2024-09-19,CUST00744,27.0,Female,Small Business,Furniture,Office Chair,14342.82,1,0.0,14342.82,5954.98,West,Pune,Net Banking
ORD101851,2024-09-20,CUST00237,23.0,Other,Consumer,Beauty & Personal Care,Lipstick,957.3,2,0.0,1914.6,856.12,East,Patna,Debit Card
ORD100073,2024-09-20,CUST01546,38.0,Male,Corporate,Electronics,Webcam,4372.34,1,0.1,3935.11,1337.11,East,Bhubaneswar,Debit Card
ORD105832,2024-09-20,CUST01477,38.0,Female,Consumer,Electronics,Wireless Earbuds,7719.1,1,0.2,6175.28,389.73,Central,Nagpur,Net Banking
ORD104998,2024-09-20,CUST01309,30.0,Female,Small Business,Clothing,Kids Hoodie,2333.22,2,0.1,4199.8,1220.0,South,Bengaluru,Credit Card
ORD101110,2024-09-20,CUST00631,30.0,Female,Consumer,Clothing,Winter Jacket,2183.11,2,0.0,4366.22,1123.32,West,Surat,Cash on Delivery
ORD105803,2024-09-20,CUST01114,31.0,Male,Consumer,Electronics,USB-C Cable,1189.72,4,0.1,4282.99,530.21,Central,Raipur,Debit Card
ORD103513,2024-09-21,CUST00428,33.0,Male,Consumer,Home & Kitchen,Water Bottle,579.75,2,0.15,985.58,91.8,East,Patna,UPI
ORD101669,2024-09-21,CUST01244,31.0,Female,Corporate,Home & Kitchen,Storage Rack,533.62,1,0.1,480.26,94.01,East,Patna,Credit Card
ORD101870,2024-09-21,CUST01993,41.0,Male,Consumer,Home & Kitchen,Storage Rack,3465.99,1,0.0,3465.99,1130.47,South,Bengaluru,UPI
ORD102983,2024-09-21,CUST01553,27.0,Female,Consumer,Clothing,Men's T-Shirt,2030.56,2,0.0,4061.12,1708.02,South,Chennai,Cash on Delivery
ORD101480,2024-09-21,CUST00507,37.0,Male,Consumer,Furniture,Coffee Table,4108.85,1,0.1,3697.97,1308.66,East,Patna,UPI
ORD102922,2024-09-21,CUST01250,37.0,Other,Consumer,Books & Stationery,Desk Organizer,265.51,1,0.0,265.51,68.11,Central,Bhopal,Debit Card
ORD103984,2024-09-21,CUST00870,46.0,Female,Consumer,Clothing,Formal Shirt,2095.16,1,0.1,1885.64,680.99,West,Surat,Net Banking
ORD100906,2024-09-21,CUST01336,32.0,Male,Small Business,Clothing,Formal Shirt,2647.98,1,0.1,2383.18,731.83,North,Chandigarh,Credit Card
ORD106011,2024-09-21,CUST01619,23.0,Male,Consumer,Electronics,Laptop Stand,7897.6,1,0.15,6712.96,841.38,North,Delhi,UPI
ORD105175,2024-09-21,CUST01749,24.0,Female,Consumer,Electronics,Smartwatch,6807.28,1,0.15,5786.19,1228.71,North,Lucknow,UPI
ORD101313,2024-09-21,CUST00073,44.0,Female,Consumer,Clothing,Women's Jeans,760.54,1,0.15,646.46,224.45,North,Chandigarh,UPI
ORD100186,2024-09-21,CUST00566,37.0,Female,Small Business,Home & Kitchen,Storage Rack,686.14,2,0.05,1303.67,293.72,North,Chandigarh,Cash on Delivery
ORD100737,2024-09-21,CUST00386,41.0,Male,Small Business,Home & Kitchen,Air Fryer,1379.61,1,0.1,1241.65,384.24,East,Kolkata,UPI
ORD100680,2024-09-21,CUST01574,47.0,Male,Consumer,Electronics,Power Bank,4678.2,1,0.0,4678.2,1534.47,West,Pune,Debit Card
ORD103741,2024-09-21,CUST01259,47.0,Male,Consumer,Clothing,Formal Shirt,2493.7,1,0.1,2244.33,470.99,South,Hyderabad,Credit Card
ORD102140,2024-09-22,CUST01040,46.0,Male,Consumer,Electronics,Power Bank,7668.38,1,0.05,7284.96,2399.41,West,Ahmedabad,UPI
ORD101165,2024-09-22,CUST01247,48.0,Male,Consumer,Electronics,Smartwatch,6149.64,1,0.0,6149.64,2755.46,South,Hyderabad,Net Banking
ORD104056,2024-09-22,CUST01856,30.0,Female,Consumer,Home & Kitchen,Water Bottle,2634.59,2,0.05,5005.72,1463.77,East,Patna,Credit Card
ORD103802,2024-09-22,CUST00676,29.0,Male,Corporate,Beauty & Personal Care,Face Wash,1871.32,1,0.0,1871.32,506.78,East,Patna,Debit Card
ORD104773,2024-09-22,CUST01781,30.0,Male,Corporate,Electronics,Wireless Earbuds,7368.81,1,0.1,6631.93,2026.53,West,Mumbai,Debit Card
ORD100126,2024-09-22,CUST01816,48.0,Male,Consumer,Furniture,Study Table,13450.32,1,0.2,10760.26,1242.11,Central,Raipur,UPI
ORD100989,2024-09-22,CUST00405,25.0,Female,Consumer,Electronics,Smartphone Case,5677.56,1,0.05,5393.68,908.92,North,Chandigarh,Debit Card
ORD101552,2024-09-22,CUST00801,35.0,Male,Consumer,Books & Stationery,Notebook Pack,618.36,1,0.1,556.52,152.38,North,Lucknow,UPI
ORD103818,2024-09-23,CUST01179,44.0,Female,Corporate,Clothing,Women's Jeans,482.52,1,0.15,410.14,47.1,West,Mumbai,Credit Card
ORD105641,2024-09-23,CUST01050,32.0,Male,Small Business,Clothing,Formal Shirt,2064.15,2,0.05,3921.88,1002.35,North,Lucknow,Cash on Delivery
ORD104708,2024-09-23,CUST00177,40.0,Female,Corporate,Electronics,Power Bank,4148.12,4,0.25,12444.36,-73.12,South,Kochi,UPI
ORD105622,2024-09-23,CUST00701,34.0,Female,Small Business,Electronics,Laptop Stand,5151.5,1,0.1,4636.35,866.45,East,Bhubaneswar,UPI
ORD105787,2024-09-23,CUST00709,29.0,Female,Consumer,Home & Kitchen,Ceramic Mug Set,1620.82,2,0.05,3079.56,550.89,Central,Bhopal,UPI
ORD104342,2024-09-23,CUST00343,35.0,Male,Consumer,Electronics,Wireless Earbuds,7635.86,1,0.1,6872.27,2127.25,West,Surat,Cash on Delivery
ORD104215,2024-09-23,CUST00887,46.0,Male,Small Business,Sports & Outdoors,Yoga Mat,6365.73,1,0.2,5092.58,295.52,West,Surat,Cash on Delivery
ORD104817,2024-09-23,CUST00251,18.0,Male,Small Business,Home & Kitchen,Water Bottle,5148.72,3,0.1,13901.54,1586.17,North,Chandigarh,Cash on Delivery
ORD105812,2024-09-24,CUST00951,24.0,Male,Consumer,Electronics,Wireless Earbuds,7618.09,2,0.15,12950.75,2140.11,West,Mumbai,UPI
ORD103776,2024-09-24,CUST01200,28.0,Male,Consumer,Electronics,Wireless Earbuds,3997.58,1,0.0,3997.58,1218.84,South,Bengaluru,Net Banking
ORD103358,2024-09-24,CUST00791,18.0,Male,Consumer,Electronics,Smartwatch,8248.51,1,0.15,7011.23,1155.28,North,Chandigarh,Debit Card
ORD102326,2024-09-24,CUST01795,27.0,Other,Consumer,Home & Kitchen,Storage Rack,4198.5,1,0.15,3568.72,251.31,East,Patna,UPI
ORD100769,2024-09-24,CUST00409,61.0,Female,Corporate,Home & Kitchen,Storage Rack,931.6,1,0.1,838.44,262.68,North,Lucknow,Credit Card
ORD105730,2024-09-24,CUST01260,33.0,Female,Corporate,Books & Stationery,Sketch Pens,817.62,1,0.0,817.62,322.18,West,Pune,Cash on Delivery
ORD102145,2024-09-24,CUST00261,18.0,Male,Corporate,Electronics,Laptop Stand,3423.33,2,0.0,6846.66,1593.4,South,Hyderabad,Cash on Delivery
ORD103275,2024-09-24,CUST00978,24.0,Female,Consumer,Furniture,Bookshelf,8062.82,1,0.0,8062.82,2851.66,South,Bengaluru,UPI
ORD105572,2024-09-24,CUST00940,24.0,Female,Consumer,Electronics,Wireless Earbuds,6745.41,1,0.05,6408.14,2222.12,East,Kolkata,Debit Card
ORD100437,2024-09-24,CUST00999,25.0,Male,Consumer,Books & Stationery,Notebook Pack,341.67,2,0.0,683.34,182.28,East,Kolkata,Cash on Delivery
ORD105612,2024-09-24,CUST00173,37.0,Male,Corporate,Clothing,Sports Cap,686.43,1,0.2,549.14,59.35,North,Chandigarh,Cash on Delivery
ORD104804,2024-09-24,CUST00741,26.0,Male,Consumer,Beauty & Personal Care,Face Wash,1633.79,1,0.2,1307.03,146.92,North,Lucknow,Cash on Delivery
ORD105778,2024-09-25,CUST01175,18.0,Female,Corporate,Books & Stationery,Notebook Pack,751.62,1,0.0,751.62,212.16,South,Chennai,
ORD102656,2024-09-25,CUST02078,18.0,Male,Consumer,Furniture,Study Table,11777.89,1,0.25,8833.42,2.1,East,Bhubaneswar,UPI
ORD102088,2024-09-25,CUST01766,20.0,Female,Corporate,Clothing,Kids Hoodie,1303.28,2,0.2,2085.25,355.75,North,Jaipur,Cash on Delivery
ORD102590,2024-09-25,CUST00257,52.0,Female,Corporate,Beauty & Personal Care,Sunscreen SPF50,1490.45,1,0.0,1490.45,524.72,North,Chandigarh,Credit Card
ORD103131,2024-09-25,CUST00530,45.0,Female,Corporate,Clothing,Men's T-Shirt,2727.06,2,0.1,4908.71,1022.31,West,Mumbai,Net Banking
ORD101683,2024-09-25,CUST01326,21.0,Male,Corporate,Clothing,Sports Cap,1659.19,1,0.05,1576.23,261.88,North,Lucknow,Debit Card
ORD102380,2024-09-25,CUST01445,19.0,Male,Consumer,Electronics,Smartphone Case,6272.41,1,0.1,5645.17,2014.19,South,Hyderabad,UPI
ORD101564,2024-09-25,CUST00712,20.0,Male,Small Business,Electronics,Smartwatch,2321.3,3,0.0,6963.9,1928.68,West,Pune,Debit Card
ORD103561,2024-09-25,CUST00404,48.0,Female,Consumer,Furniture,Wardrobe,10981.51,3,0.15,28002.85,7561.61,North,Lucknow,Credit Card
ORD100292,2024-09-25,CUST01760,18.0,Female,Small Business,Home & Kitchen,Non-Stick Pan,2469.33,5,0.0,12346.65,3874.44,Central,Bhopal,Debit Card
ORD100507,2024-09-25,CUST01430,32.0,Female,Consumer,Electronics,Wireless Earbuds,2217.88,1,0.15,1885.2,409.25,North,Chandigarh,UPI
ORD105989,2024-09-25,CUST01814,29.0,Female,Small Business,Clothing,Running Shoes,2901.58,1,0.0,2901.58,1095.16,East,Bhubaneswar,UPI
ORD104025,2024-09-26,CUST01248,32.0,Male,Consumer,Clothing,Summer Dress,1682.72,2,0.0,3365.44,1175.02,South,Hyderabad,Cash on Delivery
ORD106471,2024-09-26,CUST01480,25.0,Male,Consumer,Sports & Outdoors,Dumbbell Set,3773.41,1,0.0,3773.41,1280.26,Central,Raipur,Debit Card
ORD103817,2024-09-26,CUST02035,33.0,Female,Consumer,Clothing,Kids Hoodie,608.17,1,0.0,608.17,129.2,South,Bengaluru,UPI
ORD103832,2024-09-26,CUST01725,25.0,Female,Corporate,Clothing,Women's Jeans,1026.17,1,0.0,1026.17,377.62,West,Mumbai,Cash on Delivery
ORD104879,2024-09-26,CUST01445,19.0,Male,Consumer,Electronics,Smartwatch,4112.6,1,0.0,4112.6,1248.57,Central,Nagpur,Cash on Delivery
ORD104052,2024-09-26,CUST01140,34.0,Female,Corporate,Clothing,Formal Shirt,2610.85,1,0.2,2088.68,25.38,South,Chennai,UPI
ORD102324,2024-09-26,CUST00052,32.0,Female,Small Business,Electronics,USB-C Cable,5824.47,1,0.0,5824.47,2342.39,South,Kochi,UPI
ORD103158,2024-09-27,CUST01245,31.0,Female,Small Business,Electronics,Smartwatch,4589.98,2,0.0,9179.96,3293.09,East,Bhubaneswar,Net Banking
ORD103895,2024-09-27,CUST00656,39.0,Male,Small Business,Clothing,Men's T-Shirt,1643.9,1,0.05,1561.7,630.71,North,Chandigarh,UPI
ORD103396,2024-09-27,CUST01726,34.0,Male,Consumer,Electronics,Laptop Stand,3144.15,1,0.0,3144.15,1053.36,South,Kochi,Net Banking
ORD106343,2024-09-27,CUST01212,35.0,Female,Consumer,Furniture,Bookshelf,9728.49,5,0.0,48642.45,20505.97,East,Kolkata,Cash on Delivery
ORD105949,2024-09-27,CUST01546,38.0,Male,Corporate,Electronics,Webcam,5991.18,1,0.1,5392.06,1943.7,West,Surat,UPI
ORD101140,2024-09-27,CUST00498,52.0,Male,Corporate,Clothing,Winter Jacket,310.03,1,0.0,310.03,106.21,North,Chandigarh,Credit Card
ORD101937,2024-09-27,CUST00474,31.0,Male,Consumer,Clothing,Sports Cap,2681.32,1,0.1,2413.19,644.83,South,Bengaluru,Cash on Delivery
ORD105969,2024-09-27,CUST00702,35.0,Male,Corporate,Clothing,Sports Cap,1887.26,1,0.0,1887.26,839.37,South,Bengaluru,UPI
ORD104343,2024-09-28,CUST00593,18.0,Male,Corporate,Electronics,USB-C Cable,1805.14,2,0.1,3249.25,1211.02,North,Lucknow,UPI
ORD104023,2024-09-28,CUST00433,42.0,Male,Corporate,Books & Stationery,Desk Organizer,893.22,2,0.0,1786.44,528.06,North,Delhi,Debit Card
ORD101647,2024-09-28,CUST01195,33.0,Female,Consumer,Home & Kitchen,Mixer Grinder,4832.21,2,0.05,9181.2,3594.96,West,Mumbai,Credit Card
ORD103690,2024-09-28,CUST00448,23.0,Male,Consumer,Furniture,Coffee Table,11213.68,1,0.05,10653.0,2252.78,West,Surat,Credit Card
ORD106280,2024-09-28,CUST01670,50.0,Female,Consumer,Home & Kitchen,Non-Stick Pan,378.89,1,0.1,341.0,79.08,West,Surat,Credit Card
ORD101160,2024-09-28,CUST02094,46.0,Male,Consumer,Furniture,Bookshelf,3091.1,1,0.0,3091.1,1285.44,East,Bhubaneswar,Net Banking
ORD105582,2024-09-28,CUST00663,35.0,Male,Small Business,Electronics,Webcam,7350.89,1,0.2,5880.71,1285.09,South,Kochi,Cash on Delivery
ORD100403,2024-09-28,CUST00253,27.0,Female,Consumer,Books & Stationery,Sketch Pens,771.78,2,0.05,1466.38,363.89,West,Surat,UPI
ORD103783,2024-09-28,CUST01951,56.0,Male,Small Business,Home & Kitchen,Water Bottle,4945.84,3,0.25,11128.14,1128.78,North,Chandigarh,Debit Card
ORD104348,2024-09-28,CUST01786,26.0,Female,Consumer,Electronics,Bluetooth Speaker,8884.36,1,0.1,7995.92,2100.16,North,Chandigarh,UPI
ORD103606,2024-09-28,CUST00603,33.0,Other,Consumer,Clothing,Sports Cap,1076.65,1,0.05,1022.82,378.61,West,Ahmedabad,Credit Card
ORD102431,2024-09-28,CUST00478,38.0,Male,Consumer,Electronics,Webcam,6769.41,1,0.1,6092.47,2113.29,Central,Raipur,UPI
ORD105261,2024-09-28,CUST01273,18.0,Female,Consumer,Electronics,Smartphone Case,3036.7,1,0.05,2884.86,556.21,South,Chennai,UPI
ORD102153,2024-09-28,CUST00185,47.0,Male,Corporate,Furniture,Bookshelf,12544.43,3,0.0,37633.29,11485.73,West,Surat,Credit Card
ORD102531,2024-09-29,CUST00823,18.0,Female,Consumer,Clothing,Running Shoes,2062.23,1,0.05,1959.12,399.15,North,Lucknow,Net Banking
ORD104775,2024-09-29,CUST01084,44.0,Female,Corporate,Home & Kitchen,Storage Rack,617.33,1,0.25,463.0,37.82,North,Lucknow,Credit Card
ORD102500,2024-09-29,CUST00021,31.0,Male,Consumer,Clothing,Women's Jeans,1135.91,1,0.25,851.93,101.08,East,Kolkata,Net Banking
ORD103873,2024-09-29,CUST00704,31.0,Male,Consumer,Sports & Outdoors,Dumbbell Set,4635.95,1,0.0,4635.95,1900.64,South,Bengaluru,Credit Card
ORD102950,2024-09-29,CUST00647,24.0,Male,Small Business,Electronics,Wireless Earbuds,1904.72,1,0.05,1809.48,701.57,West,Ahmedabad,UPI
ORD106377,2024-09-29,CUST00247,33.0,Male,Small Business,Home & Kitchen,Bedsheet Set,1134.81,1,0.15,964.59,274.08,West,Ahmedabad,Credit Card
ORD105543,2024-09-29,CUST00268,18.0,Female,Consumer,Home & Kitchen,Non-Stick Pan,4227.48,1,0.15,3593.36,397.02,West,Surat,Cash on Delivery
ORD103652,2024-09-29,CUST01333,35.0,Female,Corporate,Home & Kitchen,Ceramic Mug Set,409.38,1,0.1,368.44,62.54,West,Surat,Cash on Delivery
ORD103188,2024-09-29,CUST02007,35.0,Male,Consumer,Clothing,Formal Shirt,940.33,1,0.0,940.33,348.17,North,Jaipur,UPI
ORD102149,2024-09-29,CUST01023,36.0,Male,Corporate,Home & Kitchen,LED Table Lamp,565.73,2,0.05,1074.89,426.13,West,Mumbai,Net Banking
ORD104304,2024-09-29,CUST00008,18.0,Female,Corporate,Electronics,Bluetooth Speaker,8842.02,1,0.1,7957.82,1343.6,West,Ahmedabad,UPI
ORD101740,2024-09-29,CUST01498,26.0,Female,Consumer,Electronics,Smartphone Case,1816.41,1,0.0,1816.41,603.35,West,Ahmedabad,Debit Card
ORD100943,2024-09-30,CUST01891,24.0,Female,Corporate,Electronics,Smartwatch,5267.18,1,0.1,4740.46,1104.3,West,Pune,Debit Card
ORD101029,2024-09-30,CUST00923,24.0,Male,Corporate,Electronics,Wireless Earbuds,3923.25,1,0.1,3530.92,840.13,South,Chennai,UPI
ORD104664,2024-09-30,CUST01668,31.0,Female,Consumer,Home & Kitchen,Ceramic Mug Set,3554.42,1,0.0,3554.42,1491.49,North,Lucknow,UPI
ORD105181,2024-09-30,CUST01411,41.0,Female,Consumer,Clothing,Women's Jeans,2214.5,1,0.0,2214.5,704.18,East,Bhubaneswar,Debit Card
ORD104663,2024-09-30,CUST01433,49.0,Female,Consumer,Home & Kitchen,Storage Rack,1457.53,2,0.0,2915.06,850.3,West,Ahmedabad,UPI
ORD102216,2024-09-30,CUST00561,28.0,Female,Consumer,Furniture,Bean Bag,11400.04,4,0.05,43320.15,10270.96,North,Chandigarh,Net Banking
ORD104308,2024-09-30,CUST00972,36.0,Female,Consumer,Sports & Outdoors,Football,5394.25,1,0.25,4045.69,742.92,East,Bhubaneswar,Credit Card
ORD100062,2024-09-30,CUST01411,41.0,Female,Consumer,Clothing,Formal Shirt,2797.39,1,0.0,2797.39,1225.39,South,Chennai,Debit Card
ORD102253,2024-09-30,CUST00818,39.0,Female,Consumer,Home & Kitchen,Bedsheet Set,2718.49,2,0.0,5436.98,2286.38,West,Surat,UPI
ORD101395,2024-09-30,CUST00372,18.0,Female,Corporate,Beauty & Personal Care,Trimmer,279.53,1,0.25,209.65,31.18,South,Bengaluru,UPI
ORD106369,2024-10-01,CUST00587,38.0,Male,Corporate,Sports & Outdoors,Cycling Helmet,2183.51,1,0.2,1746.81,313.91,South,Chennai,Credit Card
ORD105873,2024-10-01,CUST00450,26.0,Female,Consumer,Electronics,USB-C Cable,7051.38,1,0.05,6698.81,1414.44,South,Kochi,UPI
ORD103759,2024-10-01,CUST01208,32.0,Female,Small Business,Books & Stationery,Sketch Pens,810.3,1,0.1,729.27,183.87,Central,Nagpur,Net Banking
ORD100892,2024-10-01,CUST01600,25.0,Male,Consumer,Electronics,Smartwatch,6656.14,2,0.2,10649.82,1271.32,North,Delhi,Cash on Delivery
ORD102247,2024-10-01,CUST00451,36.0,Female,Corporate,Home & Kitchen,Bedsheet Set,2294.33,1,0.1,2064.9,688.86,East,Kolkata,Debit Card
ORD104441,2024-10-01,CUST01865,44.0,Female,Consumer,Furniture,Study Table,13671.1,3,0.0,41013.3,17599.3,Central,Bhopal,Credit Card
ORD100716,2024-10-01,CUST01634,43.0,Female,Small Business,Electronics,Smartwatch,1057.29,2,0.15,1797.39,162.1,North,Jaipur,Debit Card
ORD104452,2024-10-02,CUST00841,47.0,Female,Consumer,Clothing,Running Shoes,2064.71,2,0.0,4129.42,1761.78,West,Pune,UPI
ORD105742,2024-10-02,CUST00620,29.0,Female,Corporate,Electronics,Wireless Earbuds,5409.39,1,0.05,5138.92,1952.35,South,Hyderabad,UPI
ORD101166,2024-10-02,CUST01255,18.0,Male,Small Business,Clothing,Men's T-Shirt,1503.09,1,0.1,1352.78,250.21,West,Pune,Debit Card
ORD103005,2024-10-02,CUST01377,18.0,Female,Consumer,Home & Kitchen,LED Table Lamp,1232.58,1,0.0,1232.58,463.39,Central,Raipur,Cash on Delivery
ORD100012,2024-10-02,CUST00893,44.0,Male,Consumer,Clothing,Kids Hoodie,1168.11,1,0.0,1168.11,395.52,North,Lucknow,Credit Card
ORD101971,2024-10-02,CUST01071,28.0,Female,Corporate,Beauty & Personal Care,Sunscreen SPF50,549.28,1,0.15,466.89,31.99,West,Pune,UPI
ORD103980,2024-10-02,CUST01454,30.0,Female,Consumer,Home & Kitchen,Storage Rack,5634.15,2,0.0,11268.3,5046.17,West,Ahmedabad,Debit Card
ORD106059,2024-10-02,CUST00965,35.0,Female,Consumer,Clothing,Formal Shirt,390.83,1,0.1,351.75,112.15,Central,Raipur,Net Banking
ORD103897,2024-10-02,CUST01957,26.0,Male,Consumer,Clothing,Running Shoes,993.63,2,0.0,1987.26,524.1,South,Chennai,UPI
ORD104143,2024-10-02,CUST00419,18.0,Male,Small Business,Beauty & Personal Care,Face Wash,1287.08,1,0.1,1158.37,358.86,North,Delhi,Credit Card
ORD105667,2024-10-03,CUST00279,34.0,Male,Consumer,Electronics,Bluetooth Speaker,6953.14,3,0.1,18773.48,4565.36,East,Patna,Cash on Delivery
ORD102535,2024-10-03,CUST01085,35.0,Male,Consumer,Electronics,Smartphone Case,3592.98,1,0.2,2874.38,871.51,South,Kochi,Credit Card
ORD102443,2024-10-03,CUST01519,53.0,Male,Consumer,Electronics,Bluetooth Speaker,4512.33,2,0.05,8573.43,3382.65,South,Hyderabad,UPI
ORD105092,2024-10-03,CUST01657,31.0,Female,Small Business,Beauty & Personal Care,Face Wash,659.3,1,0.15,560.4,123.6,South,Bengaluru,UPI
ORD103859,2024-10-03,CUST01707,35.0,Male,Consumer,Electronics,Bluetooth Speaker,1155.08,1,0.05,1097.33,304.26,South,Kochi,UPI
ORD103721,2024-10-03,CUST01182,33.0,Male,Consumer,Clothing,Formal Shirt,718.15,1,0.2,574.52,169.46,South,Chennai,Debit Card
ORD105520,2024-10-03,CUST01267,26.0,Male,Small Business,Beauty & Personal Care,Perfume,677.5,1,0.0,677.5,272.19,South,Bengaluru,Cash on Delivery
ORD103951,2024-10-04,CUST00878,31.0,Female,Consumer,Home & Kitchen,LED Table Lamp,3532.95,2,0.05,6712.6,2216.66,Central,Nagpur,UPI
ORD100931,2024-10-04,CUST01896,27.0,Male,Consumer,Clothing,Formal Shirt,2535.48,1,0.0,2535.48,649.81,West,Mumbai,UPI
ORD100165,2024-10-04,CUST00808,52.0,Female,Corporate,Sports & Outdoors,Yoga Mat,2277.1,1,0.0,2277.1,631.78,West,Surat,Cash on Delivery
ORD100314,2024-10-04,CUST01065,22.0,Male,Small Business,Clothing,Running Shoes,1376.79,1,0.05,1307.95,466.48,Central,Nagpur,Debit Card
ORD105554,2024-10-04,CUST00864,39.0,Male,Corporate,Clothing,Running Shoes,1426.71,1,0.1,1284.04,160.32,West,Surat,Debit Card
ORD102681,2024-10-04,CUST01753,18.0,Male,Small Business,Clothing,Men's T-Shirt,989.71,1,0.05,940.22,388.1,South,Kochi,UPI
ORD103274,2024-10-04,CUST01737,36.0,Male,Consumer,Beauty & Personal Care,Lipstick,1070.81,2,0.0,2141.62,618.44,South,Chennai,Cash on Delivery
ORD105568,2024-10-04,CUST01023,36.0,Male,Corporate,Books & Stationery,Planner Diary,114.31,1,0.2,91.45,15.81,North,Delhi,UPI
ORD102889,2024-10-04,CUST01330,20.0,Male,Consumer,Clothing,Men's T-Shirt,901.05,3,0.15,2297.68,786.23,Central,Nagpur,Debit Card
ORD106159,2024-10-04,CUST00059,18.0,Male,Small Business,Beauty & Personal Care,Sunscreen SPF50,1174.25,2,0.0,2348.5,860.69,Central,Nagpur,Debit Card
ORD106258,2024-10-04,CUST01330,20.0,Male,Consumer,Clothing,Women's Jeans,878.38,1,0.2,702.7,13.17,North,Lucknow,Debit Card
ORD106173,2024-10-05,CUST00940,24.0,Female,Consumer,Clothing,Sports Cap,1747.97,1,0.15,1485.77,150.08,East,Kolkata,Debit Card
ORD104656,2024-10-05,CUST01778,29.0,Male,Consumer,Clothing,Running Shoes,1659.83,1,0.0,1659.83,710.37,South,Hyderabad,Cash on Delivery
ORD103424,2024-10-05,CUST00193,39.0,Female,Consumer,Beauty & Personal Care,Trimmer,502.38,2,0.0,1004.76,440.65,South,Chennai,UPI
ORD105082,2024-10-05,CUST01987,23.0,Female,Consumer,Clothing,Women's Jeans,2318.06,1,0.0,2318.06,630.03,West,Surat,UPI
ORD103205,2024-10-05,CUST00146,20.0,Male,Consumer,Home & Kitchen,LED Table Lamp,3822.0,1,0.05,3630.9,1206.75,South,Bengaluru,Cash on Delivery
ORD103129,2024-10-05,CUST00278,24.0,Female,Small Business,Sports & Outdoors,Yoga Mat,4707.96,1,0.2,3766.37,566.05,North,Jaipur,Credit Card
ORD102175,2024-10-05,CUST00267,35.0,Female,Consumer,Electronics,Laptop Stand,4339.57,1,0.15,3688.63,1057.68,West,Pune,UPI
ORD103581,2024-10-05,CUST00466,,Male,Consumer,Electronics,Wireless Earbuds,7636.29,2,0.15,12981.69,833.11,Central,Raipur,Cash on Delivery
ORD103474,2024-10-05,CUST00289,41.0,Male,Consumer,Clothing,Sports Cap,1607.96,1,0.1,1447.16,495.4,North,Chandigarh,UPI
ORD103468,2024-10-05,CUST00036,32.0,Female,Corporate,Clothing,Summer Dress,1303.1,1,0.1,1172.79,304.0,North,Delhi,UPI
ORD101151,2024-10-05,CUST01654,47.0,Female,Corporate,Beauty & Personal Care,Trimmer,396.79,1,0.15,337.27,59.63,East,Patna,Debit Card
ORD101447,2024-10-05,CUST01002,25.0,Male,Consumer,Home & Kitchen,LED Table Lamp,910.53,1,0.2,728.42,21.28,North,Chandigarh,UPI
ORD100524,2024-10-05,CUST00231,24.0,Female,Consumer,Beauty & Personal Care,Sunscreen SPF50,908.07,1,0.05,862.67,193.25,West,Surat,Cash on Delivery
ORD101962,2024-10-06,CUST00468,46.0,Male,Consumer,Home & Kitchen,LED Table Lamp,4125.09,2,0.15,7012.65,1650.86,South,Kochi,UPI
ORD105615,2024-10-06,CUST00139,24.0,Female,Corporate,Clothing,Women's Jeans,354.29,2,0.05,673.15,173.81,West,Ahmedabad,Net Banking
ORD101558,2024-10-06,CUST00533,26.0,Male,Corporate,Clothing,Summer Dress,373.93,1,0.0,373.93,103.17,South,Kochi,UPI
ORD104983,2024-10-06,CUST01544,36.0,Female,Corporate,Sports & Outdoors,Dumbbell Set,3301.2,1,0.15,2806.02,650.36,West,Surat,UPI
ORD104377,2024-10-06,CUST01504,18.0,Male,Consumer,Beauty & Personal Care,Trimmer,1194.08,1,0.15,1014.97,313.27,South,Kochi,Debit Card
ORD103666,2024-10-06,CUST00682,63.0,Female,Corporate,Clothing,Kids Hoodie,2567.88,1,0.0,2567.88,1061.62,West,Mumbai,Cash on Delivery
ORD103572,2024-10-06,CUST01007,34.0,Female,Consumer,Beauty & Personal Care,Hair Dryer,1059.59,1,0.2,847.67,217.75,South,Hyderabad,Credit Card
ORD104667,2024-10-06,CUST00082,22.0,Male,Consumer,Beauty & Personal Care,Hair Dryer,1279.88,2,0.0,2559.76,909.13,East,Patna,Credit Card
ORD100811,2024-10-06,CUST00072,24.0,Male,Consumer,Home & Kitchen,Bedsheet Set,316.44,1,0.2,253.15,64.76,South,Hyderabad,Debit Card
ORD102976,2024-10-06,CUST01490,45.0,Male,Small Business,Electronics,Wireless Earbuds,2165.38,1,0.0,2165.38,623.43,South,Hyderabad,Credit Card
ORD105637,2024-10-06,CUST01600,25.0,Male,Consumer,Books & Stationery,Desk Organizer,858.02,4,0.0,3432.08,1454.07,South,Kochi,Net Banking
ORD103093,2024-10-06,CUST01693,28.0,Female,Consumer,Furniture,Office Chair,14574.12,1,0.2,11659.3,1763.67,East,Bhubaneswar,Credit Card
ORD102610,2024-10-06,CUST01574,47.0,Male,Consumer,Clothing,Kids Hoodie,2792.58,1,0.0,2792.58,686.69,South,Hyderabad,Debit Card
ORD101979,2024-10-07,CUST01165,50.0,Male,Consumer,Sports & Outdoors,Camping Tent,6766.57,1,0.0,6766.57,2792.82,South,Hyderabad,UPI
ORD106450,2024-10-07,CUST00607,31.0,Male,Consumer,Electronics,USB-C Cable,2756.18,1,0.1,2480.56,910.11,West,Mumbai,Net Banking
ORD106197,2024-10-07,CUST01183,34.0,Male,Consumer,Electronics,Laptop Stand,3509.22,1,0.25,2631.92,402.6,West,Ahmedabad,UPI
ORD101641,2024-10-07,CUST00027,,Male,Consumer,Furniture,Office Chair,2028.91,2,0.05,3854.93,1052.12,South,Chennai,Debit Card
ORD104395,2024-10-07,CUST01917,18.0,Female,Consumer,Clothing,Women's Jeans,388.95,3,0.1,1050.16,255.7,West,Surat,Credit Card
ORD102163,2024-10-07,CUST00568,52.0,Female,Consumer,Electronics,Smartphone Case,1019.88,1,0.1,917.89,320.17,North,Jaipur,Net Banking
ORD101873,2024-10-07,CUST01544,36.0,Female,Corporate,Beauty & Personal Care,Hair Dryer,189.69,1,0.0,189.69,69.29,East,Bhubaneswar,Debit Card
ORD101779,2024-10-07,CUST01398,46.0,Female,Consumer,Electronics,Smartphone Case,5659.44,1,0.15,4810.52,1320.08,North,Jaipur,Cash on Delivery
ORD101858,2024-10-07,CUST00113,43.0,Male,Small Business,Clothing,Kids Hoodie,2986.87,1,0.1,2688.18,870.53,Central,Nagpur,UPI
ORD100725,2024-10-07,CUST01156,44.0,Other,Corporate,Sports & Outdoors,Camping Tent,2523.61,2,0.05,4794.86,922.38,West,Ahmedabad,Cash on Delivery
ORD100523,2024-10-07,CUST00823,18.0,Female,Consumer,Books & Stationery,Notebook Pack,99.77,4,0.05,379.13,108.02,North,Delhi,Credit Card
ORD105437,2024-10-07,CUST00661,55.0,Female,Small Business,Clothing,Formal Shirt,1399.39,1,0.05,1329.42,232.28,North,Lucknow,Credit Card
ORD103828,2024-10-07,CUST00817,18.0,Other,Consumer,Electronics,Bluetooth Speaker,6241.93,1,0.15,5305.64,928.3,West,Ahmedabad,Debit Card
ORD106264,2024-10-08,CUST00198,36.0,Female,Consumer,Home & Kitchen,Mixer Grinder,1524.5,1,0.1,1372.05,161.72,North,Delhi,UPI
ORD106235,2024-10-08,CUST01222,21.0,Male,Consumer,Clothing,Men's T-Shirt,2164.24,1,0.0,2164.24,831.99,South,Hyderabad,UPI
ORD103276,2024-10-08,CUST00421,39.0,Male,Consumer,Beauty & Personal Care,Trimmer,1984.79,2,0.15,3374.14,681.21,South,Kochi,UPI
ORD105625,2024-10-08,CUST01993,41.0,Male,Consumer,Clothing,Formal Shirt,1760.41,1,0.1,1584.37,393.74,South,Kochi,UPI
ORD106278,2024-10-08,CUST00870,46.0,Female,Consumer,Furniture,Office Chair,5408.32,1,0.1,4867.49,832.42,Central,Raipur,UPI
ORD105820,2024-10-08,CUST01011,27.0,Male,Consumer,Electronics,USB-C Cable,5271.62,1,0.05,5008.04,1034.94,West,Pune,UPI
ORD102781,2024-10-08,CUST00581,37.0,Female,Consumer,Furniture,Bookshelf,9347.82,2,0.05,17760.86,4806.01,North,Chandigarh,Net Banking
ORD102618,2024-10-08,CUST00104,53.0,Female,Corporate,Electronics,Webcam,7049.51,2,0.0,14099.02,3937.75,East,Bhubaneswar,UPI
ORD105439,2024-10-08,CUST01932,55.0,Female,Consumer,Beauty & Personal Care,Trimmer,1264.85,1,0.0,1264.85,552.6,East,Bhubaneswar,Cash on Delivery
ORD101406,2024-10-09,CUST00016,45.0,Male,Consumer,Electronics,USB-C Cable,2896.71,1,0.2,2317.37,164.03,South,Kochi,Debit Card
ORD101243,2024-10-09,CUST00976,21.0,Other,Corporate,Electronics,Power Bank,8043.82,1,0.1,7239.44,2271.08,West,Pune,UPI
ORD103397,2024-10-09,CUST00373,51.0,Male,Consumer,Clothing,Men's T-Shirt,2213.19,2,0.0,4426.38,1039.91,South,Bengaluru,UPI
ORD103904,2024-10-09,CUST00765,41.0,Male,Consumer,Sports & Outdoors,Dumbbell Set,4281.26,1,0.0,4281.26,940.78,North,Chandigarh,UPI
ORD103617,2024-10-09,CUST01967,47.0,Male,Small Business,Electronics,Smartphone Case,6898.26,1,0.05,6553.35,1723.13,East,Kolkata,Debit Card
ORD101027,2024-10-09,CUST00989,22.0,Male,Small Business,Electronics,Webcam,6283.24,1,0.1,5654.92,1267.94,East,Bhubaneswar,Credit Card
ORD103899,2024-10-09,CUST00152,25.0,Male,Consumer,Clothing,Women's Jeans,2198.41,1,0.05,2088.49,778.2,West,Mumbai,Debit Card
ORD105468,2024-10-09,CUST01382,20.0,Male,Corporate,Home & Kitchen,Mixer Grinder,2444.94,1,0.1,2200.45,496.81,West,Surat,UPI
ORD105096,2024-10-09,CUST01623,32.0,Female,Corporate,Clothing,Kids Hoodie,2684.22,1,0.1,2415.8,753.08,Central,Nagpur,Net Banking
ORD100376,2024-10-09,CUST01307,19.0,Female,Consumer,Home & Kitchen,Air Fryer,954.29,1,0.05,906.58,151.81,South,Hyderabad,Credit Card
ORD104949,2024-10-09,CUST00031,66.0,Female,Consumer,Beauty & Personal Care,Face Wash,1355.33,1,0.15,1152.03,353.02,Central,Raipur,Cash on Delivery
ORD104727,2024-10-09,CUST00772,34.0,Male,Corporate,Sports & Outdoors,Dumbbell Set,3624.17,2,0.0,7248.34,1509.69,North,Jaipur,UPI
ORD101761,2024-10-09,CUST01941,31.0,Male,Small Business,Electronics,Smartwatch,8190.69,2,0.2,13105.1,4071.74,West,Pune,Credit Card
ORD106058,2024-10-10,CUST01291,50.0,Female,Consumer,Clothing,Formal Shirt,2475.52,3,0.0,7426.56,1736.68,East,Bhubaneswar,UPI
ORD102718,2024-10-10,CUST01298,27.0,Female,Consumer,Electronics,Wireless Earbuds,5735.63,2,0.2,9177.01,1287.09,West,Mumbai,Credit Card
ORD102371,2024-10-10,CUST00118,44.0,Female,Corporate,Books & Stationery,Notebook Pack,670.62,2,0.05,1274.18,394.81,West,Mumbai,Debit Card
ORD100771,2024-10-10,CUST00792,41.0,Male,Consumer,Clothing,Summer Dress,2783.9,1,0.2,2227.12,663.68,South,Chennai,Credit Card
ORD101853,2024-10-10,CUST00792,41.0,Male,Consumer,Beauty & Personal Care,Perfume,895.32,1,0.0,895.32,354.58,South,Hyderabad,Credit Card
ORD104606,2024-10-10,CUST00274,20.0,Male,Corporate,Sports & Outdoors,Cycling Helmet,6586.4,2,0.05,12514.16,4173.86,North,Jaipur,UPI
ORD104069,2024-10-10,CUST01328,18.0,Female,Corporate,Home & Kitchen,Water Bottle,2995.2,1,0.2,2396.16,74.33,South,Kochi,Credit Card
ORD102508,2024-10-10,CUST00710,18.0,Female,Consumer,Beauty & Personal Care,Perfume,541.43,1,0.25,406.07,10.39,South,Chennai,Debit Card
ORD102542,2024-10-10,CUST01578,31.0,Female,Consumer,Clothing,Winter Jacket,1229.4,1,0.25,922.05,153.18,Central,Bhopal,Cash on Delivery
ORD104942,2024-10-11,CUST00030,35.0,Female,Small Business,Furniture,Coffee Table,7088.5,2,0.1,12759.3,4220.23,North,Chandigarh,Net Banking
ORD103508,2024-10-11,CUST01968,41.0,Male,Corporate,Home & Kitchen,Bedsheet Set,3073.76,1,0.0,3073.76,1083.97,Central,Bhopal,Cash on Delivery
ORD102917,2024-10-11,CUST01112,25.0,Male,Small Business,Home & Kitchen,LED Table Lamp,4006.01,1,0.05,3805.71,1490.78,West,Mumbai,Debit Card
ORD105007,2024-10-11,CUST00687,24.0,Other,Consumer,Clothing,Men's T-Shirt,1333.49,2,0.0,2666.98,726.85,South,Bengaluru,UPI
ORD106054,2024-10-11,CUST00771,45.0,Male,Consumer,Clothing,Running Shoes,2385.55,2,0.0,4771.1,1785.17,East,Patna,Net Banking
ORD102825,2024-10-11,CUST00231,24.0,Female,Consumer,Home & Kitchen,LED Table Lamp,5717.89,1,0.1,5146.1,1260.56,North,Jaipur,UPI
ORD103703,2024-10-11,CUST01460,49.0,Male,Consumer,Clothing,Men's T-Shirt,1014.67,1,0.0,1014.67,322.8,West,Surat,UPI
ORD102657,2024-10-12,CUST00147,41.0,Female,Consumer,Electronics,USB-C Cable,1515.54,1,0.1,1363.99,298.18,South,Chennai,Credit Card
ORD100536,2024-10-12,CUST01795,27.0,Other,Consumer,Electronics,Power Bank,3633.93,5,0.05,17261.17,6415.72,West,Pune,UPI
ORD101007,2024-10-12,CUST01836,39.0,Female,Consumer,Beauty & Personal Care,Face Wash,1535.19,1,0.1,1381.67,262.51,West,Surat,Debit Card
ORD100219,2024-10-12,CUST00192,31.0,Female,Small Business,Electronics,Smartwatch,6045.91,3,0.05,17230.84,3785.39,East,Patna,Debit Card
ORD102040,2024-10-12,CUST01427,25.0,Other,Corporate,Sports & Outdoors,Cycling Helmet,1592.66,1,0.05,1513.03,597.62,Central,Bhopal,Credit Card
ORD104048,2024-10-12,CUST01553,27.0,Female,Consumer,Sports & Outdoors,Cycling Helmet,2729.2,1,0.0,2729.2,641.59,South,Bengaluru,Debit Card
ORD101148,2024-10-12,CUST00578,30.0,Male,Corporate,Electronics,Power Bank,2295.78,2,0.0,4591.56,1556.55,West,Ahmedabad,Cash on Delivery
ORD102054,2024-10-12,CUST00813,58.0,Male,Small Business,Sports & Outdoors,Dumbbell Set,4891.2,1,0.1,4402.08,1396.98,South,Hyderabad,Net Banking
ORD104200,2024-10-12,CUST01106,31.0,Female,Corporate,Sports & Outdoors,Camping Tent,5780.69,1,0.0,5780.69,2133.06,West,Pune,Debit Card
ORD104653,2024-10-12,CUST00884,33.0,Female,Consumer,Beauty & Personal Care,Sunscreen SPF50,1618.03,5,0.2,6472.12,1009.65,East,Bhubaneswar,Credit Card
ORD105973,2024-10-12,CUST01653,32.0,Male,Corporate,Sports & Outdoors,Football,1091.59,1,0.0,1091.59,319.08,West,Pune,Cash on Delivery
ORD104088,2024-10-12,CUST01106,31.0,Female,Corporate,Electronics,Laptop Stand,7072.44,1,0.25,5304.33,687.82,Central,Nagpur,Cash on Delivery
ORD106097,2024-10-13,CUST00862,38.0,Male,Consumer,Electronics,USB-C Cable,6905.32,1,0.2,5524.26,1232.27,East,Bhubaneswar,Credit Card
ORD100252,2024-10-13,CUST00564,34.0,Male,Corporate,Electronics,Smartphone Case,1008.74,2,0.15,1714.86,504.76,North,Delhi,Credit Card
ORD101136,2024-10-13,CUST00932,63.0,Female,Corporate,Home & Kitchen,Water Bottle,2488.13,2,0.05,4727.45,1569.47,East,Kolkata,
ORD105129,2024-10-13,CUST00776,32.0,Female,Consumer,Electronics,Smartwatch,4211.94,1,0.05,4001.34,1497.09,West,Ahmedabad,Net Banking
ORD101665,2024-10-13,CUST01525,30.0,Male,Consumer,Home & Kitchen,Bedsheet Set,2817.76,1,0.15,2395.1,655.36,North,Delhi,UPI
ORD105852,2024-10-13,CUST01541,31.0,Female,Small Business,Home & Kitchen,LED Table Lamp,683.61,2,0.25,1025.42,-7.14,North,Delhi,Debit Card
ORD102233,2024-10-13,CUST01014,28.0,Female,Corporate,Home & Kitchen,Storage Rack,3416.53,1,0.05,3245.7,1159.42,East,Kolkata,UPI
ORD100551,2024-10-13,CUST01961,18.0,Female,Consumer,Home & Kitchen,Storage Rack,2945.99,1,0.2,2356.79,575.06,West,Ahmedabad,Debit Card
ORD104157,2024-10-13,CUST01387,30.0,Female,Corporate,Beauty & Personal Care,Perfume,319.35,1,0.05,303.38,50.85,North,Lucknow,Credit Card
ORD103514,2024-10-13,CUST01781,30.0,Male,Corporate,Electronics,Wireless Earbuds,8862.4,1,0.2,7089.92,2160.84,North,Jaipur,UPI
ORD106261,2024-10-13,CUST00937,60.0,Male,Consumer,Home & Kitchen,Air Fryer,2221.97,1,0.05,2110.87,699.15,North,Lucknow,Debit Card
ORD105670,2024-10-13,CUST00734,47.0,Male,Corporate,Clothing,Summer Dress,909.66,1,0.05,864.18,358.04,West,Surat,Net Banking
ORD100249,2024-10-14,CUST01929,18.0,Female,Consumer,Beauty & Personal Care,Trimmer,1706.71,1,0.1,1536.04,453.61,East,Bhubaneswar,UPI
ORD106021,2024-10-14,CUST00220,30.0,Male,Corporate,Electronics,Smartwatch,2194.24,1,0.2,1755.39,272.45,Central,Raipur,Net Banking
ORD101372,2024-10-14,CUST01067,44.0,Female,Small Business,Beauty & Personal Care,Hair Dryer,1772.6,2,0.0,3545.2,1391.9,West,Pune,Debit Card
ORD102784,2024-10-14,CUST00682,63.0,Female,Corporate,Books & Stationery,Planner Diary,987.05,1,0.1,888.34,220.66,West,Pune,UPI
ORD105002,2024-10-14,CUST01598,28.0,Female,Small Business,Beauty & Personal Care,Face Wash,295.11,1,0.05,280.35,70.28,East,Bhubaneswar,Debit Card
ORD104811,2024-10-14,CUST01921,32.0,Female,Corporate,Clothing,Winter Jacket,2405.59,1,0.0,2405.59,897.67,West,Surat,UPI
ORD102506,2024-10-14,CUST01352,31.0,Male,Corporate,Electronics,Laptop Stand,2920.75,1,0.25,2190.56,476.19,West,Ahmedabad,Credit Card
ORD105358,2024-10-14,CUST01439,41.0,Male,Corporate,Home & Kitchen,Mixer Grinder,2694.82,1,0.1,2425.34,445.62,Central,Nagpur,UPI
ORD102244,2024-10-15,CUST02086,19.0,Male,Small Business,Electronics,Bluetooth Speaker,2911.5,1,0.0,2911.5,859.48,West,Surat,Cash on Delivery
ORD100336,2024-10-15,CUST01678,24.0,Male,Consumer,Furniture,Office Chair,9705.77,1,0.05,9220.48,2304.06,Central,Bhopal,Net Banking
ORD102173,2024-10-15,CUST01998,48.0,Male,Consumer,Sports & Outdoors,Yoga Mat,3723.75,1,0.15,3165.19,395.39,North,Jaipur,Cash on Delivery
ORD103282,2024-10-15,CUST00829,43.0,Female,Consumer,Home & Kitchen,Ceramic Mug Set,5986.47,1,0.05,5687.15,1998.56,East,Bhubaneswar,Cash on Delivery
ORD100891,2024-10-15,CUST00359,42.0,Female,Small Business,Furniture,Wardrobe,8949.16,1,0.0,8949.16,3452.83,North,Delhi,UPI
ORD106022,2024-10-15,CUST00315,27.0,Male,Corporate,Electronics,Smartphone Case,5613.02,1,0.1,5051.72,799.51,West,Surat,UPI
ORD102881,2024-10-15,CUST01168,20.0,Female,Consumer,Sports & Outdoors,Cycling Helmet,1205.0,1,0.15,1024.25,71.9,South,Hyderabad,Cash on Delivery
ORD104766,2024-10-16,CUST01595,45.0,Male,Consumer,Electronics,Smartwatch,7617.24,3,0.15,19423.96,1639.73,East,Patna,Cash on Delivery
ORD102106,2024-10-16,CUST02035,33.0,Female,Consumer,Beauty & Personal Care,Hair Dryer,1654.76,1,0.0,1654.76,725.92,South,Kochi,Credit Card
ORD102381,2024-10-16,CUST01894,56.0,Male,Corporate,Furniture,Wardrobe,14214.14,5,0.15,60410.09,19970.89,East,Bhubaneswar,Cash on Delivery
ORD106399,2024-10-16,CUST01845,33.0,Female,Consumer,Home & Kitchen,Bedsheet Set,3572.64,4,0.25,10717.92,87.17,East,Bhubaneswar,Credit Card
ORD104620,2024-10-16,CUST00762,18.0,Male,Consumer,Clothing,Kids Hoodie,897.81,1,0.15,763.14,73.52,South,Chennai,Net Banking
ORD102964,2024-10-16,CUST00350,31.0,Male,Consumer,Clothing,Sports Cap,2139.05,1,0.05,2032.1,842.97,Central,Bhopal,Net Banking
ORD106412,2024-10-16,CUST00922,19.0,Male,Consumer,Electronics,USB-C Cable,8676.05,1,0.0,8676.05,1926.84,East,Bhubaneswar,Credit Card
ORD100351,2024-10-16,CUST00863,29.0,Male,Corporate,Books & Stationery,Notebook Pack,573.69,1,0.05,545.01,213.12,North,Lucknow,Cash on Delivery
ORD100396,2024-10-17,CUST01606,35.0,Male,Consumer,Sports & Outdoors,Dumbbell Set,6815.66,4,0.05,25899.51,9795.82,North,Lucknow,UPI
ORD105467,2024-10-17,CUST01319,24.0,Male,Consumer,Beauty & Personal Care,Sunscreen SPF50,274.81,4,0.25,824.43,29.23,South,Chennai,Credit Card
ORD102207,2024-10-17,CUST01641,37.0,Male,Consumer,Furniture,Bookshelf,10643.06,1,0.0,10643.06,2671.77,East,Bhubaneswar,Debit Card
ORD105657,2024-10-17,CUST00538,28.0,Male,Small Business,Furniture,Office Chair,9481.71,2,0.1,17067.08,5693.43,West,Mumbai,Credit Card
ORD104619,2024-10-17,CUST00571,25.0,Female,Consumer,Electronics,Laptop Stand,5926.79,1,0.15,5037.77,1299.09,South,Bengaluru,Debit Card
ORD104569,2024-10-17,CUST00791,18.0,Male,Consumer,Furniture,Bookshelf,5670.93,3,0.1,15311.51,4997.79,North,Jaipur,UPI
ORD105268,2024-10-17,CUST01969,18.0,Female,Small Business,Books & Stationery,Planner Diary,640.35,1,0.0,640.35,151.27,South,Bengaluru,Cash on Delivery
ORD103203,2024-10-17,CUST02096,31.0,Female,Small Business,Clothing,Formal Shirt,1231.79,1,0.1,1108.61,397.53,West,Ahmedabad,Cash on Delivery
ORD104642,2024-10-17,CUST02096,31.0,Female,Small Business,Books & Stationery,Fiction Novel,396.19,1,0.1,356.57,105.55,South,Chennai,UPI
ORD103406,2024-10-17,CUST00449,18.0,Male,Consumer,Sports & Outdoors,Cycling Helmet,6875.57,1,0.0,6875.57,2919.71,North,Chandigarh,Cash on Delivery
ORD103206,2024-10-17,CUST00441,41.0,Male,Consumer,Home & Kitchen,Non-Stick Pan,287.43,2,0.0,574.86,134.28,West,Ahmedabad,Cash on Delivery
ORD102139,2024-10-17,CUST01802,33.0,Male,Consumer,Sports & Outdoors,Camping Tent,1770.67,2,0.1,3187.21,697.09,South,Kochi,Cash on Delivery
ORD105019,2024-10-17,CUST00708,36.0,Female,Consumer,Home & Kitchen,LED Table Lamp,496.42,2,0.05,943.2,358.98,North,Jaipur,Credit Card
ORD103583,2024-10-18,CUST00656,39.0,Male,Small Business,Electronics,Webcam,1443.93,1,0.15,1227.34,196.51,North,Jaipur,Cash on Delivery
ORD102044,2024-10-18,CUST01613,22.0,Male,Consumer,Electronics,Laptop Stand,4352.5,2,0.0,8705.0,2951.36,East,Kolkata,Debit Card
ORD100127,2024-10-18,CUST01715,27.0,Male,Consumer,Clothing,Women's Jeans,895.23,1,0.2,716.18,13.8,North,Lucknow,Cash on Delivery
ORD101271,2024-10-18,CUST00537,18.0,Male,Consumer,Clothing,Kids Hoodie,2297.89,1,0.25,1723.42,197.47,North,Lucknow,Cash on Delivery
ORD104809,2024-10-18,CUST01889,38.0,Female,Consumer,Sports & Outdoors,Cycling Helmet,6002.95,1,0.15,5102.51,1558.3,North,Jaipur,UPI
ORD103569,2024-10-19,CUST00983,26.0,Female,Small Business,Electronics,Smartwatch,8856.09,1,0.05,8413.29,2279.01,North,Lucknow,Debit Card
ORD101122,2024-10-19,CUST01246,46.0,Male,Corporate,Clothing,Kids Hoodie,2461.59,2,0.1,4430.86,1322.02,South,Hyderabad,UPI
ORD101685,2024-10-19,CUST00013,26.0,Male,Consumer,Home & Kitchen,Bedsheet Set,2493.91,1,0.1,2244.52,460.07,North,Jaipur,Credit Card
ORD100868,2024-10-19,CUST00580,44.0,Female,Consumer,Home & Kitchen,LED Table Lamp,708.57,2,0.25,1062.86,93.01,East,Bhubaneswar,Debit Card
ORD102989,2024-10-19,CUST00617,18.0,Male,Consumer,Home & Kitchen,Ceramic Mug Set,5844.37,4,0.0,23377.48,9542.48,East,Patna,Credit Card
ORD104633,2024-10-19,CUST00507,37.0,Male,Consumer,Electronics,Smartwatch,1095.57,1,0.15,931.23,110.64,West,Ahmedabad,UPI
ORD104754,2024-10-19,CUST01298,27.0,Female,Consumer,Clothing,Women's Jeans,435.35,2,0.05,827.16,150.71,North,Chandigarh,Debit Card
ORD103496,2024-10-19,CUST00387,36.0,Male,Corporate,Sports & Outdoors,Yoga Mat,1071.9,2,0.1,1929.42,482.53,West,Pune,
ORD101852,2024-10-19,CUST01304,27.0,Male,Small Business,Home & Kitchen,Water Bottle,4037.36,2,0.0,8074.72,2815.56,East,Kolkata,UPI
ORD101573,2024-10-19,CUST01158,27.0,Female,Consumer,Furniture,Bean Bag,7366.7,1,0.2,5893.36,1476.46,North,Jaipur,UPI
ORD105254,2024-10-19,CUST01729,52.0,Female,Small Business,Home & Kitchen,Non-Stick Pan,1621.86,1,0.15,1378.58,437.7,West,Pune,Net Banking
ORD102957,2024-10-19,CUST01067,44.0,Female,Small Business,Furniture,Bean Bag,14902.94,2,0.0,29805.88,7135.95,East,Kolkata,Debit Card
ORD100080,2024-10-19,CUST00722,23.0,Male,Consumer,Electronics,Bluetooth Speaker,2775.72,2,0.1,4996.3,1791.47,North,Delhi,Cash on Delivery
ORD101026,2024-10-19,CUST01536,,Female,Consumer,Beauty & Personal Care,Hair Dryer,1771.47,2,0.2,2834.35,818.16,Central,Raipur,UPI
ORD104520,2024-10-19,CUST00613,35.0,Female,Consumer,Books & Stationery,Fiction Novel,596.45,2,0.15,1013.96,288.93,South,Bengaluru,Credit Card
ORD100574,2024-10-19,CUST00650,38.0,Female,Corporate,Electronics,Laptop Stand,8954.42,1,0.1,8058.98,1907.77,South,Kochi,UPI
ORD102197,2024-10-20,CUST00806,35.0,Female,Small Business,Clothing,Winter Jacket,2900.31,1,0.0,2900.31,1090.23,North,Lucknow,Cash on Delivery
ORD102487,2024-10-20,CUST00307,30.0,Male,Consumer,Beauty & Personal Care,Trimmer,1242.2,1,0.15,1055.87,226.57,West,Mumbai,Credit Card
ORD101236,2024-10-20,CUST00377,18.0,Female,Small Business,Books & Stationery,Sketch Pens,131.3,2,0.15,223.21,19.98,South,Hyderabad,UPI
ORD105247,2024-10-20,CUST00300,44.0,Female,Corporate,Electronics,Bluetooth Speaker,7739.13,1,0.15,6578.26,1047.73,North,Jaipur,UPI
ORD103428,2024-10-20,CUST00656,39.0,Male,Small Business,Sports & Outdoors,Cycling Helmet,1827.15,2,0.05,3471.58,1345.64,North,Lucknow,UPI
ORD105111,2024-10-20,CUST01620,23.0,Male,Small Business,Beauty & Personal Care,Perfume,1673.73,1,0.15,1422.67,357.69,East,Patna,Debit Card
ORD105389,2024-10-20,CUST02051,23.0,Female,Corporate,Home & Kitchen,Mixer Grinder,761.77,1,0.25,571.33,-13.83,North,Delhi,UPI
ORD105853,2024-10-20,CUST01174,31.0,Female,Consumer,Home & Kitchen,Mixer Grinder,935.67,1,0.2,748.54,166.57,West,Pune,Debit Card
ORD101499,2024-10-20,CUST01605,24.0,Female,Consumer,Electronics,Webcam,6186.3,1,0.15,5258.36,723.08,South,Bengaluru,Debit Card
ORD103544,2024-10-20,CUST00604,32.0,Male,Corporate,Electronics,Webcam,2889.93,1,0.0,2889.93,749.6,North,Jaipur,UPI
ORD100529,2024-10-20,CUST01237,41.0,Female,Consumer,Clothing,Women's Jeans,1045.22,1,0.1,940.7,279.62,West,Pune,UPI
ORD106238,2024-10-21,CUST00572,32.0,Female,Consumer,Home & Kitchen,Storage Rack,1657.31,1,0.05,1574.44,605.31,South,Kochi,Credit Card
ORD102995,2024-10-21,CUST00969,42.0,Female,Consumer,Home & Kitchen,Water Bottle,4594.47,5,0.1,20675.12,2638.31,Central,Bhopal,Debit Card
ORD100679,2024-10-21,CUST00572,32.0,Female,Consumer,Sports & Outdoors,Camping Tent,3669.56,1,0.0,3669.56,967.71,South,Hyderabad,Debit Card
ORD106039,2024-10-21,CUST01838,36.0,Female,Consumer,Electronics,Wireless Earbuds,6205.86,1,0.0,6205.86,1386.44,East,Patna,UPI
ORD100007,2024-10-21,CUST00985,20.0,Female,Small Business,Home & Kitchen,Water Bottle,5613.14,1,0.15,4771.17,715.69,West,Mumbai,Net Banking
ORD104755,2024-10-21,CUST01955,47.0,Female,Small Business,Clothing,Men's T-Shirt,946.08,1,0.0,946.08,312.11,Central,Nagpur,Cash on Delivery
ORD104454,2024-10-21,CUST00723,27.0,Male,Small Business,Electronics,Power Bank,8036.53,1,0.1,7232.88,1875.9,West,Mumbai,Cash on Delivery
ORD102497,2024-10-21,CUST02099,21.0,Female,Corporate,Electronics,USB-C Cable,4171.72,1,0.0,4171.72,1532.15,East,Patna,UPI
ORD104040,2024-10-21,CUST00344,50.0,Female,Consumer,Electronics,Bluetooth Speaker,2224.49,1,0.0,2224.49,510.53,West,Ahmedabad,UPI
ORD104064,2024-10-21,CUST01446,57.0,Male,Consumer,Clothing,Summer Dress,723.34,1,0.0,723.34,248.22,East,Kolkata,Cash on Delivery
ORD103075,2024-10-21,CUST00456,52.0,Female,Small Business,Sports & Outdoors,Cycling Helmet,2867.8,2,0.05,5448.82,1138.48,West,Pune,Cash on Delivery
ORD102860,2024-10-21,CUST00024,59.0,Female,Corporate,Clothing,Men's T-Shirt,1898.73,2,0.15,3227.84,799.6,West,Surat,Credit Card
ORD100513,2024-10-21,CUST00453,34.0,Female,Small Business,Furniture,Coffee Table,8353.99,1,0.1,7518.59,2395.33,West,Pune,Credit Card
ORD101672,2024-10-22,CUST00412,20.0,Female,Corporate,Electronics,Power Bank,3745.59,2,0.15,6367.5,513.22,South,Bengaluru,Credit Card
ORD100272,2024-10-22,CUST00679,35.0,Other,Consumer,Furniture,Bookshelf,9133.68,3,0.05,26030.99,4511.41,Central,Nagpur,Cash on Delivery
ORD101409,2024-10-22,CUST01596,37.0,Male,Consumer,Clothing,Running Shoes,1919.04,2,0.0,3838.08,1025.32,South,Bengaluru,Debit Card
ORD103955,2024-10-22,CUST00998,50.0,Male,Corporate,Electronics,Laptop Stand,2962.93,4,0.0,11851.72,3539.32,North,Chandigarh,Credit Card
ORD105542,2024-10-22,CUST01272,43.0,Male,Consumer,Books & Stationery,Desk Organizer,546.82,1,0.0,546.82,241.86,North,Delhi,UPI
ORD105876,2024-10-22,CUST01516,24.0,Female,Corporate,Clothing,Sports Cap,2598.86,1,0.2,2079.09,578.24,North,Chandigarh,Credit Card
ORD106294,2024-10-22,CUST00898,30.0,Female,Consumer,Clothing,Formal Shirt,2897.49,2,0.2,4635.98,1285.45,North,Chandigarh,Debit Card
ORD105392,2024-10-22,CUST00648,37.0,Male,Corporate,Beauty & Personal Care,Face Wash,1614.61,1,0.25,1210.96,-28.21,North,Chandigarh,UPI
ORD106286,2024-10-22,CUST01544,36.0,Female,Corporate,Sports & Outdoors,Camping Tent,877.75,2,0.0,1755.5,590.79,West,Mumbai,Debit Card
ORD101429,2024-10-22,CUST00503,38.0,Male,Small Business,Electronics,Webcam,4876.47,2,0.05,9265.29,3095.06,West,Ahmedabad,Credit Card
ORD100920,2024-10-22,CUST01295,24.0,Other,Small Business,Clothing,Formal Shirt,1838.25,1,0.1,1654.42,460.27,North,Delhi,Credit Card
ORD105399,2024-10-22,CUST00603,33.0,Other,Consumer,Home & Kitchen,Non-Stick Pan,5992.25,1,0.0,5992.25,1549.17,East,Patna,Credit Card
ORD101342,2024-10-22,CUST01883,49.0,Male,Consumer,Beauty & Personal Care,Lipstick,472.84,2,0.2,756.54,84.6,East,Bhubaneswar,Net Banking
ORD101149,2024-10-22,CUST00488,28.0,Male,Consumer,Electronics,Laptop Stand,5635.59,1,0.1,5072.03,1155.59,North,Chandigarh,UPI
ORD101350,2024-10-22,CUST01993,41.0,Male,Consumer,Home & Kitchen,Storage Rack,2938.14,1,0.0,2938.14,945.53,South,Kochi,UPI
ORD105512,2024-10-22,CUST00824,35.0,Female,Consumer,Home & Kitchen,Water Bottle,3704.5,2,0.0,7409.0,2963.51,West,Pune,Credit Card
ORD101444,2024-10-22,CUST00159,38.0,Male,Consumer,Sports & Outdoors,Yoga Mat,1241.99,2,0.2,1987.18,379.88,West,Surat,Debit Card
ORD101240,2024-10-23,CUST01026,25.0,Female,Consumer,Home & Kitchen,LED Table Lamp,5342.98,5,0.1,24043.41,7249.61,South,Hyderabad,UPI
ORD105208,2024-10-23,CUST00255,27.0,Female,Consumer,Electronics,USB-C Cable,6668.88,1,0.0,6668.88,2328.86,North,Lucknow,Debit Card
ORD105606,2024-10-23,CUST01952,40.0,Female,Corporate,Beauty & Personal Care,Perfume,1435.43,1,0.0,1435.43,555.81,South,Bengaluru,Debit Card
ORD100467,2024-10-23,CUST01592,53.0,Female,Small Business,Clothing,Summer Dress,1437.54,1,0.0,1437.54,516.93,West,Mumbai,UPI
ORD102475,2024-10-23,CUST01046,29.0,Female,Small Business,Electronics,Smartphone Case,8955.54,1,0.2,7164.43,1667.9,South,Kochi,Debit Card
ORD101048,2024-10-23,CUST01804,25.0,Female,Corporate,Beauty & Personal Care,Sunscreen SPF50,1414.36,1,0.0,1414.36,412.51,North,Chandigarh,Debit Card
ORD101452,2024-10-23,CUST00015,39.0,Male,Consumer,Clothing,Formal Shirt,1651.65,2,0.0,3303.3,750.83,West,Pune,Cash on Delivery
ORD105004,2024-10-23,CUST00680,18.0,Male,Consumer,Home & Kitchen,Air Fryer,2912.23,1,0.05,2766.62,1067.53,East,Kolkata,Cash on Delivery
ORD100814,2024-10-23,CUST01972,24.0,Female,Consumer,Books & Stationery,Notebook Pack,106.67,1,0.1,96.0,29.4,Central,Raipur,UPI
ORD101158,2024-10-24,CUST00574,33.0,Male,Consumer,Furniture,Bean Bag,1761.94,1,0.0,1761.94,489.74,South,Kochi,Debit Card
ORD101375,2024-10-24,CUST00456,52.0,Female,Small Business,Electronics,USB-C Cable,7558.48,2,0.0,15116.96,3894.86,South,Chennai,Cash on Delivery
ORD103627,2024-10-24,CUST00868,43.0,Female,Corporate,Electronics,Bluetooth Speaker,4022.38,1,0.0,4022.38,1155.8,East,Kolkata,UPI
ORD101322,2024-10-24,CUST00661,55.0,Female,Small Business,Clothing,Running Shoes,1417.88,1,0.05,1346.99,367.82,Central,Nagpur,Debit Card
ORD102999,2024-10-24,CUST01939,23.0,Male,Corporate,Electronics,Wireless Earbuds,3402.52,2,0.05,6464.79,1220.34,South,Kochi,Credit Card
ORD103248,2024-10-24,CUST01339,42.0,Male,Consumer,Furniture,Bookshelf,8224.17,2,0.0,16448.34,5543.23,West,Surat,UPI
ORD103989,2024-10-24,CUST00688,18.0,Male,Consumer,Books & Stationery,Notebook Pack,536.39,2,0.1,965.5,211.43,West,Surat,Net Banking
ORD102186,2024-10-24,CUST00814,19.0,Female,Small Business,Clothing,Formal Shirt,1310.43,1,0.0,1310.43,512.43,South,Bengaluru,UPI
ORD101195,2024-10-24,CUST01368,22.0,Female,Small Business,Clothing,Summer Dress,1936.22,1,0.15,1645.79,130.23,West,Mumbai,Net Banking
ORD101468,2024-10-24,CUST01918,42.0,Male,Consumer,Home & Kitchen,Air Fryer,3774.58,3,0.05,10757.55,3191.68,North,Chandigarh,Credit Card
ORD100115,2024-10-24,CUST00464,27.0,Female,Consumer,Home & Kitchen,Storage Rack,3270.47,1,0.0,3270.47,970.78,West,Surat,
ORD101305,2024-10-24,CUST00101,38.0,Male,Consumer,Furniture,Study Table,8214.34,2,0.0,16428.68,6890.79,South,Bengaluru,Net Banking
ORD102075,2024-10-24,CUST01412,28.0,Female,Small Business,Clothing,Kids Hoodie,440.57,4,0.0,1762.28,498.54,Central,Bhopal,UPI
ORD104191,2024-10-25,CUST00851,40.0,Female,Small Business,Clothing,Winter Jacket,1349.81,1,0.05,1282.32,207.84,West,Pune,Debit Card
ORD100795,2024-10-25,CUST01954,37.0,Male,Consumer,Electronics,Power Bank,1912.08,2,0.1,3441.74,990.27,East,Bhubaneswar,Cash on Delivery
ORD101355,2024-10-25,CUST01581,34.0,Male,Corporate,Beauty & Personal Care,Hair Dryer,933.17,1,0.0,933.17,408.03,South,Kochi,UPI
ORD102218,2024-10-25,CUST00810,47.0,Female,Small Business,Electronics,Wireless Earbuds,7874.36,2,0.15,13386.41,1831.29,West,Mumbai,Credit Card
ORD104286,2024-10-25,CUST00507,37.0,Male,Consumer,Electronics,Smartwatch,4199.73,1,0.0,4199.73,1002.78,South,Kochi,Credit Card
ORD101002,2024-10-25,CUST00450,26.0,Female,Consumer,Furniture,Study Table,2329.08,1,0.0,2329.08,631.85,West,Ahmedabad,Debit Card
ORD104648,2024-10-25,CUST01705,25.0,Female,Small Business,Electronics,Power Bank,7206.77,1,0.0,7206.77,1449.39,South,Hyderabad,Cash on Delivery
ORD101881,2024-10-25,CUST00942,43.0,Female,Corporate,Beauty & Personal Care,Lipstick,1076.95,1,0.1,969.26,173.18,North,Jaipur,Credit Card
ORD101978,2024-10-25,CUST01947,46.0,Female,Consumer,Books & Stationery,Notebook Pack,724.34,1,0.2,579.47,127.44,South,Chennai,Credit Card
ORD106002,2024-10-25,CUST01236,28.0,Female,Corporate,Electronics,Wireless Earbuds,4781.82,3,0.1,12910.91,2265.62,North,Chandigarh,UPI
ORD106403,2024-10-25,CUST00779,29.0,Male,Consumer,Clothing,Running Shoes,390.1,2,0.15,663.17,59.39,South,Chennai,Debit Card
ORD104174,2024-10-26,CUST01937,35.0,Female,Consumer,Electronics,Webcam,4985.52,1,0.15,4237.69,594.91,Central,Nagpur,UPI
ORD100948,2024-10-26,CUST01951,56.0,Male,Small Business,Beauty & Personal Care,Perfume,595.89,2,0.0,1191.78,355.86,South,Hyderabad,Credit Card
ORD102311,2024-10-26,CUST01535,27.0,Male,Consumer,Electronics,Wireless Earbuds,1172.7,1,0.0,1172.7,516.57,West,Pune,UPI
ORD102353,2024-10-26,CUST01855,48.0,Male,Consumer,Clothing,Women's Jeans,1434.58,1,0.15,1219.39,157.02,South,Chennai,Credit Card
ORD104313,2024-10-26,CUST00724,36.0,Female,Consumer,Beauty & Personal Care,Sunscreen SPF50,513.23,3,0.15,1308.74,299.2,North,Chandigarh,Cash on Delivery
ORD105844,2024-10-26,CUST00120,27.0,Female,Small Business,Electronics,Wireless Earbuds,5201.97,3,0.0,15605.91,5465.76,West,Surat,Cash on Delivery
ORD103623,2024-10-26,CUST01756,25.0,Male,Corporate,Home & Kitchen,Water Bottle,2088.8,1,0.1,1879.92,538.5,South,Chennai,Debit Card
ORD106099,2024-10-26,CUST00801,,Male,Consumer,Beauty & Personal Care,Trimmer,795.88,4,0.0,3183.52,973.4,West,Pune,Cash on Delivery
ORD101050,2024-10-26,CUST01553,27.0,Female,Consumer,Clothing,Women's Jeans,1406.77,1,0.1,1266.09,149.24,Central,Nagpur,UPI
ORD104617,2024-10-26,CUST00329,49.0,Female,Corporate,Clothing,Winter Jacket,2276.51,1,0.0,2276.51,547.52,West,Surat,Debit Card
ORD101060,2024-10-26,CUST00587,38.0,Male,Corporate,Home & Kitchen,Storage Rack,2636.37,2,0.1,4745.47,1685.15,West,Ahmedabad,Cash on Delivery
ORD100614,2024-10-26,CUST01223,26.0,Female,Consumer,Electronics,Power Bank,6436.3,1,0.2,5149.04,918.31,West,Pune,Cash on Delivery
ORD105764,2024-10-26,CUST00108,37.0,Female,Corporate,Sports & Outdoors,Camping Tent,4634.91,1,0.0,4634.91,1599.37,West,Surat,UPI
ORD106026,2024-10-26,CUST00507,37.0,Male,Consumer,Electronics,Smartwatch,732.45,1,0.2,585.96,163.42,Central,Bhopal,Credit Card
ORD106037,2024-10-26,CUST00398,24.0,Female,Consumer,Beauty & Personal Care,Trimmer,1118.58,1,0.2,894.86,202.54,South,Chennai,Credit Card
ORD104440,2024-10-26,CUST00755,49.0,Male,Small Business,Beauty & Personal Care,Face Wash,726.0,2,0.25,1089.0,6.23,North,Jaipur,Cash on Delivery
ORD101117,2024-10-27,CUST01604,52.0,Male,Consumer,Clothing,Sports Cap,946.78,1,0.2,757.42,124.69,West,Ahmedabad,Credit Card
ORD100554,2024-10-27,CUST00425,38.0,Male,Consumer,Home & Kitchen,Bedsheet Set,4827.09,1,0.25,3620.32,254.1,North,Jaipur,Debit Card
ORD100767,2024-10-27,CUST02048,49.0,Female,Consumer,Electronics,Smartphone Case,5099.82,1,0.05,4844.83,1694.8,East,Bhubaneswar,Cash on Delivery
ORD104786,2024-10-27,CUST01664,33.0,Male,Consumer,Books & Stationery,Desk Organizer,437.59,1,0.2,350.07,75.98,North,Delhi,Debit Card
ORD102481,2024-10-27,CUST01009,21.0,Male,Consumer,Electronics,Power Bank,1790.6,1,0.1,1611.54,379.5,South,Chennai,Debit Card
ORD100183,2024-10-27,CUST01797,26.0,Female,Consumer,Home & Kitchen,Non-Stick Pan,1963.39,1,0.05,1865.22,605.56,West,Mumbai,Debit Card
ORD103115,2024-10-27,CUST01836,39.0,Female,Consumer,Electronics,Webcam,2398.65,1,0.0,2398.65,641.72,Central,Bhopal,Debit Card
ORD106143,2024-10-27,CUST00063,53.0,Female,Consumer,Electronics,Bluetooth Speaker,4947.98,1,0.05,4700.58,1806.24,South,Hyderabad,UPI
ORD101911,2024-10-27,CUST01643,27.0,Male,Small Business,Home & Kitchen,Non-Stick Pan,3845.14,1,0.0,3845.14,1418.03,South,Hyderabad,Cash on Delivery
ORD100383,2024-10-27,CUST01307,19.0,Female,Consumer,Furniture,Bean Bag,5682.68,2,0.0,11365.36,2548.35,North,Chandigarh,Debit Card
ORD102895,2024-10-27,CUST01259,47.0,Male,Consumer,Home & Kitchen,Water Bottle,4929.03,1,0.0,4929.03,1878.12,East,Kolkata,Net Banking
ORD103291,2024-10-27,CUST01273,18.0,Female,Consumer,Home & Kitchen,Water Bottle,313.99,1,0.1,282.59,54.09,West,Pune,Net Banking
ORD103197,2024-10-27,CUST00555,30.0,Female,Consumer,Clothing,Running Shoes,1045.67,1,0.0,1045.67,381.62,North,Delhi,Cash on Delivery
ORD100264,2024-10-27,CUST00169,32.0,Male,Consumer,Home & Kitchen,Bedsheet Set,4252.26,2,0.05,8079.29,2005.14,West,Surat,UPI
ORD105616,2024-10-27,CUST01078,21.0,Female,Small Business,Home & Kitchen,Non-Stick Pan,2800.05,1,0.15,2380.04,831.26,West,Ahmedabad,Debit Card
ORD100735,2024-10-27,CUST00542,18.0,Male,Consumer,Sports & Outdoors,Football,6424.02,1,0.05,6102.82,1648.95,West,Surat,UPI
ORD105537,2024-10-27,CUST00713,27.0,Male,Consumer,Electronics,Smartphone Case,7384.23,1,0.1,6645.81,1143.73,South,Bengaluru,Cash on Delivery
ORD101472,2024-10-28,CUST01272,43.0,Male,Consumer,Beauty & Personal Care,Face Wash,753.5,2,0.1,1356.3,466.11,Central,Nagpur,Credit Card
ORD101671,2024-10-28,CUST00449,18.0,Male,Consumer,Home & Kitchen,Water Bottle,5632.09,1,0.15,4787.28,519.45,North,Delhi,Debit Card
ORD103385,2024-10-28,CUST01804,25.0,Female,Corporate,Sports & Outdoors,Cycling Helmet,5322.92,1,0.1,4790.63,621.43,East,Kolkata,Debit Card
ORD101083,2024-10-28,CUST01143,39.0,Male,Consumer,Home & Kitchen,LED Table Lamp,668.06,2,0.0,1336.12,356.02,North,Jaipur,Credit Card
ORD102254,2024-10-28,CUST01189,41.0,Female,Consumer,Furniture,Bookshelf,7041.53,1,0.0,7041.53,1773.63,South,Bengaluru,UPI
ORD102073,2024-10-28,CUST01475,34.0,Female,Consumer,Electronics,Bluetooth Speaker,5727.51,1,0.05,5441.13,1958.9,West,Pune,Credit Card
ORD101145,2024-10-28,CUST00781,18.0,Male,Consumer,Clothing,Men's T-Shirt,926.21,1,0.1,833.59,309.85,North,Delhi,Debit Card
ORD105259,2024-10-28,CUST00240,,Male,Consumer,Beauty & Personal Care,Perfume,1348.7,1,0.25,1011.53,-21.04,West,Pune,Debit Card
ORD104384,2024-10-28,CUST00598,29.0,Female,Small Business,Clothing,Kids Hoodie,1055.69,1,0.0,1055.69,383.41,Central,Raipur,Cash on Delivery
ORD102074,2024-10-29,CUST01551,24.0,Female,Corporate,Electronics,Bluetooth Speaker,1448.1,1,0.0,1448.1,612.39,North,Delhi,Cash on Delivery
ORD104695,2024-10-29,CUST00395,26.0,Female,Corporate,Home & Kitchen,Ceramic Mug Set,1290.74,5,0.1,5808.33,1187.25,South,Kochi,Cash on Delivery
ORD105943,2024-10-29,CUST01459,35.0,Male,Corporate,Home & Kitchen,Storage Rack,1142.11,2,0.2,1827.38,370.14,North,Lucknow,Credit Card
ORD104562,2024-10-29,CUST00564,34.0,Male,Corporate,Beauty & Personal Care,Lipstick,356.42,1,0.15,302.96,93.57,West,Pune,Credit Card
ORD103877,2024-10-29,CUST02027,41.0,Female,Consumer,Clothing,Sports Cap,2008.56,3,0.05,5724.4,1011.68,South,Bengaluru,Net Banking
ORD101610,2024-10-29,CUST01540,20.0,Female,Consumer,Electronics,Smartphone Case,7723.12,1,0.15,6564.65,1888.91,Central,Nagpur,Debit Card
ORD104671,2024-10-29,CUST01311,30.0,Male,Corporate,Sports & Outdoors,Cycling Helmet,2850.09,1,0.15,2422.58,403.14,North,Delhi,Net Banking
ORD104923,2024-10-29,CUST00417,31.0,Male,Consumer,Furniture,Office Chair,8883.6,1,0.1,7995.24,1750.41,East,Kolkata,UPI
ORD102461,2024-10-29,CUST00418,29.0,Male,Consumer,Sports & Outdoors,Yoga Mat,706.3,1,0.0,706.3,174.57,South,Hyderabad,Debit Card
ORD105145,2024-10-29,CUST01571,46.0,Male,Consumer,Furniture,Bookshelf,9240.4,1,0.1,8316.36,1866.76,South,Bengaluru,Net Banking
ORD104469,2024-10-29,CUST01473,53.0,Female,Corporate,Clothing,Kids Hoodie,1551.3,3,0.0,4653.9,1328.42,North,Chandigarh,Debit Card
ORD102661,2024-10-29,CUST01208,32.0,Female,Small Business,Home & Kitchen,LED Table Lamp,543.74,1,0.05,516.55,175.12,Central,Nagpur,Debit Card
ORD101157,2024-10-29,CUST01131,19.0,Male,Consumer,Beauty & Personal Care,Perfume,1489.46,1,0.0,1489.46,399.97,West,Ahmedabad,Credit Card
ORD102128,2024-10-30,CUST00298,32.0,Male,Corporate,Electronics,Webcam,5649.55,1,0.0,5649.55,2365.43,South,Kochi,UPI
ORD102119,2024-10-30,CUST00782,52.0,Male,Consumer,Electronics,Webcam,1371.61,2,0.1,2468.9,560.23,South,Hyderabad,Debit Card
ORD103177,2024-10-30,CUST01788,45.0,Male,Small Business,Clothing,Men's T-Shirt,2694.24,1,0.1,2424.82,525.79,South,Chennai,Net Banking
ORD106432,2024-10-30,CUST01247,48.0,Male,Consumer,Clothing,Men's T-Shirt,1684.74,1,0.1,1516.27,301.03,West,Mumbai,Credit Card
ORD106295,2024-10-30,CUST01943,18.0,Female,Consumer,Home & Kitchen,Bedsheet Set,1718.14,2,0.15,2920.84,893.25,North,Chandigarh,Net Banking
ORD106401,2024-10-30,CUST00076,35.0,Male,Small Business,Electronics,Webcam,7440.11,4,0.15,25296.37,6620.06,North,Lucknow,Debit Card
ORD103492,2024-10-30,CUST00624,33.0,Male,Corporate,Clothing,Kids Hoodie,2732.03,1,0.05,2595.43,867.78,East,Kolkata,UPI
ORD102511,2024-10-31,CUST00431,45.0,Female,Consumer,Electronics,Wireless Earbuds,2810.86,1,0.0,2810.86,988.76,South,Kochi,Debit Card
ORD104261,2024-10-31,CUST01071,28.0,Female,Corporate,Furniture,Office Chair,2049.58,1,0.15,1742.14,608.32,West,Surat,Debit Card
ORD103493,2024-10-31,CUST02071,32.0,Male,Consumer,Beauty & Personal Care,Trimmer,755.67,2,0.1,1360.21,232.08,Central,Nagpur,Debit Card
ORD104885,2024-10-31,CUST01831,53.0,Male,Consumer,Electronics,USB-C Cable,4156.25,1,0.0,4156.25,1371.86,North,Jaipur,UPI
ORD103081,2024-10-31,CUST00593,18.0,Male,Corporate,Electronics,Webcam,3112.44,1,0.1,2801.2,854.14,East,Bhubaneswar,Net Banking
ORD101102,2024-10-31,CUST00757,18.0,Female,Consumer,Sports & Outdoors,Camping Tent,1132.86,2,0.25,1699.29,49.56,South,Kochi,Net Banking
ORD103283,2024-10-31,CUST01480,25.0,Male,Consumer,Clothing,Winter Jacket,535.13,1,0.05,508.37,96.09,East,Bhubaneswar,Debit Card
ORD105227,2024-11-01,CUST00276,39.0,Female,Small Business,Electronics,Bluetooth Speaker,8154.82,1,0.2,6523.86,778.27,West,Mumbai,UPI
ORD103749,2024-11-01,CUST00199,33.0,Male,Consumer,Sports & Outdoors,Camping Tent,5901.77,1,0.0,5901.77,2066.41,North,Chandigarh,Debit Card
ORD101553,2024-11-01,CUST00146,20.0,Male,Consumer,Electronics,Smartwatch,4140.26,1,0.0,4140.26,1196.8,South,Hyderabad,Credit Card
ORD104910,2024-11-01,CUST00082,22.0,Male,Consumer,Electronics,USB-C Cable,6657.93,1,0.0,6657.93,2389.91,South,Hyderabad,UPI
ORD101044,2024-11-01,CUST01097,54.0,Male,Small Business,Furniture,Wardrobe,9041.41,1,0.0,9041.41,3474.7,North,Chandigarh,UPI
ORD105176,2024-11-01,CUST01886,43.0,Female,Small Business,Furniture,Bookshelf,6446.92,1,0.15,5479.88,957.25,Central,Raipur,Debit Card
ORD103705,2024-11-01,CUST01796,38.0,Male,Small Business,Clothing,Women's Jeans,1486.53,1,0.2,1189.22,367.99,North,Chandigarh,Debit Card
ORD101848,2024-11-02,CUST01781,30.0,Male,Corporate,Home & Kitchen,Air Fryer,3074.6,1,0.05,2920.87,972.95,North,Lucknow,Debit Card
ORD104818,2024-11-02,CUST01630,37.0,Female,Consumer,Beauty & Personal Care,Lipstick,976.17,2,0.15,1659.49,517.52,South,Kochi,Cash on Delivery
ORD103392,2024-11-02,CUST00813,58.0,Male,Small Business,Clothing,Winter Jacket,2320.7,1,0.05,2204.66,891.89,North,Delhi,Debit Card
ORD103884,2024-11-02,CUST01452,36.0,Female,Consumer,Electronics,Webcam,4709.68,1,0.0,4709.68,1071.52,West,Ahmedabad,UPI
ORD105836,2024-11-02,CUST00823,18.0,Female,Consumer,Clothing,Sports Cap,1962.4,1,0.0,1962.4,708.58,North,Jaipur,UPI
ORD104553,2024-11-02,CUST00824,35.0,Female,Consumer,Electronics,Webcam,5574.6,1,0.05,5295.87,1274.32,South,Chennai,Credit Card
ORD100198,2024-11-02,CUST00117,41.0,Female,Consumer,Furniture,Coffee Table,8643.07,1,0.05,8210.92,2812.05,North,Delhi,Credit Card
ORD104016,2024-11-02,CUST01699,27.0,Female,Consumer,Electronics,USB-C Cable,4478.06,1,0.25,3358.54,702.99,Central,Bhopal,Debit Card
ORD104859,2024-11-02,CUST01398,46.0,Female,Consumer,Clothing,Formal Shirt,2297.38,2,0.05,4365.02,1830.46,East,Kolkata,UPI
ORD100088,2024-11-02,CUST01294,21.0,Male,Corporate,Home & Kitchen,Mixer Grinder,4060.53,2,0.1,7308.95,2056.84,West,Pune,Credit Card
ORD101735,2024-11-02,CUST01458,51.0,Male,Corporate,Clothing,Winter Jacket,861.52,1,0.1,775.37,113.13,West,Surat,Cash on Delivery
ORD100427,2024-11-02,CUST00526,32.0,Female,Consumer,Electronics,Webcam,6205.59,1,0.05,5895.31,1278.15,Central,Bhopal,UPI
ORD105308,2024-11-02,CUST01915,29.0,Female,Corporate,Electronics,Laptop Stand,4235.34,1,0.1,3811.81,1428.98,West,Mumbai,Net Banking
ORD101916,2024-11-02,CUST00361,38.0,Male,Corporate,Beauty & Personal Care,Sunscreen SPF50,1907.74,1,0.0,1907.74,621.44,South,Bengaluru,Cash on Delivery
ORD104675,2024-11-02,CUST01718,60.0,Female,Corporate,Clothing,Kids Hoodie,841.51,1,0.0,841.51,225.53,Central,Bhopal,Debit Card
ORD103497,2024-11-02,CUST00236,34.0,Female,Small Business,Sports & Outdoors,Yoga Mat,4938.99,1,0.05,4692.04,794.79,South,Chennai,Credit Card
ORD105497,2024-11-03,CUST01478,33.0,Male,Corporate,Beauty & Personal Care,Lipstick,1201.22,1,0.1,1081.1,242.45,Central,Bhopal,UPI
ORD103574,2024-11-03,CUST01350,45.0,Female,Corporate,Home & Kitchen,Storage Rack,1178.48,1,0.0,1178.48,493.04,South,Kochi,UPI
ORD103334,2024-11-03,CUST01119,39.0,Male,Consumer,Books & Stationery,Fiction Novel,164.48,2,0.0,328.96,90.72,East,Patna,Net Banking
ORD101120,2024-11-03,CUST00815,42.0,Male,Consumer,Clothing,Winter Jacket,1470.68,1,0.25,1103.01,-67.12,South,Hyderabad,Debit Card
ORD102757,2024-11-03,CUST01217,32.0,Female,Corporate,Furniture,Bean Bag,12744.44,1,0.0,12744.44,4559.62,South,Chennai,UPI
ORD100645,2024-11-03,CUST01367,41.0,Female,Small Business,Home & Kitchen,Air Fryer,5118.73,4,0.1,18427.43,4542.01,West,Mumbai,Debit Card
ORD100489,2024-11-03,CUST01004,37.0,Female,Consumer,Clothing,Kids Hoodie,2483.06,3,0.15,6331.8,421.02,South,Hyderabad,UPI
ORD102581,2024-11-03,CUST01286,18.0,Female,Consumer,Clothing,Formal Shirt,739.28,2,0.25,1108.92,11.98,Central,Raipur,UPI
ORD102394,2024-11-03,CUST00600,18.0,Male,Corporate,Clothing,Winter Jacket,1789.12,1,0.15,1520.75,399.52,East,Patna,Cash on Delivery
ORD100280,2024-11-03,CUST01681,41.0,Female,Corporate,Home & Kitchen,Water Bottle,956.62,3,0.0,2869.86,1144.78,South,Kochi,Credit Card
ORD102429,2024-11-03,CUST00857,38.0,Female,Corporate,Furniture,Office Chair,14659.07,2,0.15,24920.42,5089.27,East,Patna,Net Banking
ORD102135,2024-11-03,CUST01423,40.0,Female,Corporate,Sports & Outdoors,Football,4648.38,3,0.0,13945.14,5808.4,North,Chandigarh,UPI
ORD103340,2024-11-03,CUST02001,40.0,Male,Consumer,Electronics,Wireless Earbuds,5403.31,1,0.0,5403.31,2081.44,West,Pune,UPI
ORD106379,2024-11-03,CUST00385,42.0,Female,Consumer,Clothing,Sports Cap,2020.04,1,0.1,1818.04,552.48,West,Mumbai,Credit Card
ORD104108,2024-11-03,CUST01758,35.0,Male,Corporate,Clothing,Women's Jeans,2911.64,2,0.05,5532.12,1241.92,South,Hyderabad,UPI
ORD104058,2024-11-03,CUST00195,20.0,Female,Small Business,Electronics,Wireless Earbuds,3178.26,2,0.2,5085.22,1104.1,Central,Bhopal,UPI
ORD102674,2024-11-03,CUST01871,28.0,Female,Consumer,Beauty & Personal Care,Face Wash,1028.32,1,0.15,874.07,133.69,East,Patna,Debit Card
ORD106405,2024-11-03,CUST00558,27.0,Male,Consumer,Home & Kitchen,LED Table Lamp,4418.33,1,0.05,4197.41,1159.83,South,Kochi,UPI
ORD101772,2024-11-04,CUST01967,47.0,Male,Small Business,Electronics,USB-C Cable,1197.19,2,0.15,2035.22,356.5,South,Kochi,UPI
ORD105607,2024-11-04,CUST00454,54.0,Male,Consumer,Beauty & Personal Care,Lipstick,862.15,1,0.2,689.72,48.61,East,Kolkata,Cash on Delivery
ORD100228,2024-11-04,CUST01896,27.0,Male,Consumer,Clothing,Sports Cap,2452.52,1,0.1,2207.27,844.33,West,Pune,Debit Card
ORD103225,2024-11-04,CUST00541,41.0,Female,Small Business,Electronics,Laptop Stand,8587.89,5,0.15,36498.53,12594.14,East,Patna,UPI
ORD102236,2024-11-04,CUST00197,36.0,Male,Corporate,Electronics,Laptop Stand,3115.53,3,0.0,9346.59,2445.57,West,Ahmedabad,Cash on Delivery
ORD100473,2024-11-04,CUST00875,27.0,Female,Consumer,Electronics,Bluetooth Speaker,4772.7,1,0.25,3579.52,-227.17,West,Surat,Credit Card
ORD102621,2024-11-04,CUST00266,35.0,Female,Corporate,Beauty & Personal Care,Lipstick,1233.42,1,0.0,1233.42,283.7,South,Hyderabad,Credit Card
ORD104522,2024-11-04,CUST00141,27.0,Female,Consumer,Clothing,Men's T-Shirt,1231.65,1,0.15,1046.9,258.47,East,Patna,UPI
ORD105740,2024-11-04,CUST00836,34.0,Male,Consumer,Home & Kitchen,Air Fryer,5315.09,5,0.1,23917.91,4831.09,South,Bengaluru,Net Banking
ORD105283,2024-11-04,CUST00658,32.0,Male,Consumer,Home & Kitchen,Non-Stick Pan,266.95,2,0.1,480.51,142.24,North,Delhi,Cash on Delivery
ORD102113,2024-11-05,CUST00816,34.0,Male,Consumer,Electronics,Power Bank,1839.77,1,0.0,1839.77,385.9,North,Jaipur,Cash on Delivery
ORD105929,2024-11-05,CUST00642,36.0,Female,Consumer,Clothing,Kids Hoodie,2285.16,1,0.0,2285.16,553.03,North,Chandigarh,Credit Card
ORD100118,2024-11-05,CUST01612,66.0,Female,Consumer,Home & Kitchen,Mixer Grinder,5403.32,1,0.15,4592.82,379.0,South,Kochi,Credit Card
ORD106239,2024-11-05,CUST01613,22.0,Male,Consumer,Clothing,Winter Jacket,377.31,1,0.05,358.44,119.24,South,Bengaluru,Net Banking
ORD102262,2024-11-05,CUST00441,41.0,Male,Consumer,Home & Kitchen,Ceramic Mug Set,1728.68,5,0.0,8643.4,3114.61,South,Chennai,Cash on Delivery
ORD102870,2024-11-05,CUST02044,28.0,Female,Consumer,Beauty & Personal Care,Trimmer,153.71,4,0.05,584.1,184.85,North,Lucknow,Debit Card
ORD102509,2024-11-05,CUST01077,54.0,Male,Small Business,Home & Kitchen,Bedsheet Set,3428.89,2,0.05,6514.89,1844.53,West,Surat,Cash on Delivery
ORD102872,2024-11-05,CUST00147,41.0,Female,Consumer,Home & Kitchen,Bedsheet Set,2511.23,2,0.1,4520.21,997.67,Central,Nagpur,Credit Card
ORD101599,2024-11-05,CUST00155,41.0,Male,Consumer,Clothing,Women's Jeans,1327.77,2,0.25,1991.66,-119.27,West,Pune,Net Banking
ORD100758,2024-11-05,CUST00365,45.0,Male,Consumer,Clothing,Women's Jeans,532.11,1,0.15,452.29,71.64,North,Lucknow,Net Banking
ORD100905,2024-11-05,CUST00058,45.0,Male,Consumer,Books & Stationery,Fiction Novel,724.54,1,0.05,688.31,187.97,Central,Nagpur,Net Banking
ORD101230,2024-11-05,CUST00557,34.0,Female,Small Business,Furniture,Office Chair,1824.9,1,0.05,1733.66,442.26,North,Lucknow,Credit Card
ORD105303,2024-11-05,CUST01432,41.0,Male,Corporate,Electronics,Laptop Stand,2457.56,1,0.15,2088.93,393.64,East,Bhubaneswar,UPI
ORD105309,2024-11-05,CUST00352,28.0,Male,Consumer,Clothing,Running Shoes,1412.31,1,0.0,1412.31,504.81,South,Bengaluru,UPI
ORD101311,2024-11-06,CUST01556,41.0,Female,Consumer,Furniture,Coffee Table,11020.43,1,0.0,11020.43,4703.26,West,Surat,UPI
ORD100922,2024-11-06,CUST01832,63.0,Male,Consumer,Beauty & Personal Care,Face Wash,1309.85,1,0.0,1309.85,286.55,South,Bengaluru,Credit Card
ORD100631,2024-11-06,CUST00871,20.0,Male,Small Business,Beauty & Personal Care,Hair Dryer,736.17,2,0.1,1325.11,331.22,North,Jaipur,UPI
ORD103259,2024-11-06,CUST01143,39.0,Male,Consumer,Electronics,Smartphone Case,4433.24,1,0.05,4211.58,1257.29,South,Bengaluru,
ORD103750,2024-11-06,CUST00617,18.0,Male,Consumer,Clothing,Sports Cap,2417.04,1,0.0,2417.04,981.52,North,Delhi,UPI
ORD100405,2024-11-06,CUST01450,27.0,Male,Consumer,Beauty & Personal Care,Face Wash,1689.54,1,0.0,1689.54,347.49,East,Bhubaneswar,Credit Card
ORD103146,2024-11-06,CUST01627,38.0,Female,Corporate,Beauty & Personal Care,Trimmer,969.37,1,0.05,920.9,344.49,West,Surat,UPI
ORD100121,2024-11-06,CUST00065,33.0,Male,Small Business,Home & Kitchen,Storage Rack,4492.77,2,0.25,6739.16,59.72,South,Bengaluru,Cash on Delivery
ORD105706,2024-11-06,CUST01100,18.0,Female,Consumer,Furniture,Wardrobe,4340.77,4,0.05,16494.93,6698.67,East,Bhubaneswar,UPI
ORD105405,2024-11-06,CUST01487,58.0,Female,Corporate,Electronics,Power Bank,8146.63,1,0.2,6517.3,1154.28,West,Mumbai,Credit Card
ORD104017,2024-11-06,CUST00334,33.0,Male,Corporate,Electronics,Bluetooth Speaker,3754.23,3,0.2,9010.15,1020.26,West,Pune,UPI
ORD101785,2024-11-06,CUST01985,35.0,Other,Small Business,Home & Kitchen,Ceramic Mug Set,1709.45,1,0.05,1623.98,652.0,West,Ahmedabad,Debit Card
ORD100053,2024-11-06,CUST00809,38.0,Female,Corporate,Electronics,Smartphone Case,7600.74,1,0.1,6840.67,2416.78,East,Kolkata,Credit Card
ORD104995,2024-11-07,CUST01016,33.0,Female,Small Business,Electronics,Smartwatch,8266.62,3,0.0,24799.86,4997.61,South,Kochi,Credit Card
ORD100594,2024-11-07,CUST01917,18.0,Female,Consumer,Beauty & Personal Care,Perfume,1845.02,1,0.15,1568.27,345.4,West,Surat,Cash on Delivery
ORD105965,2024-11-07,CUST00191,31.0,Other,Small Business,Beauty & Personal Care,Lipstick,560.53,2,0.0,1121.06,341.87,East,Bhubaneswar,UPI
ORD104565,2024-11-07,CUST01360,31.0,Female,Small Business,Beauty & Personal Care,Lipstick,216.58,1,0.0,216.58,91.01,East,Kolkata,Net Banking
ORD100897,2024-11-07,CUST01467,27.0,Male,Consumer,Home & Kitchen,Mixer Grinder,5132.63,1,0.15,4362.74,1033.62,North,Lucknow,Credit Card
ORD103391,2024-11-07,CUST01366,44.0,Female,Corporate,Electronics,USB-C Cable,8414.12,1,0.05,7993.41,2675.8,South,Kochi,Cash on Delivery
ORD100671,2024-11-07,CUST00024,59.0,Female,Corporate,Electronics,Bluetooth Speaker,8982.57,1,0.0,8982.57,3692.93,East,Patna,Net Banking
ORD104605,2024-11-07,CUST00117,41.0,Female,Consumer,Furniture,Office Chair,3469.69,1,0.0,3469.69,1461.13,East,Patna,Debit Card
ORD104517,2024-11-07,CUST00731,28.0,Female,Corporate,Books & Stationery,Fiction Novel,355.93,1,0.15,302.54,54.85,Central,Bhopal,Net Banking
ORD100191,2024-11-07,CUST01596,37.0,Male,Consumer,Electronics,Smartphone Case,3217.92,1,0.1,2896.13,1104.8,South,Hyderabad,Credit Card
ORD100197,2024-11-07,CUST01572,21.0,Male,Corporate,Furniture,Office Chair,14383.11,1,0.05,13663.95,3306.12,South,Bengaluru,Credit Card
ORD103504,2024-11-07,CUST00070,45.0,Female,Small Business,Home & Kitchen,Ceramic Mug Set,5977.7,1,0.0,5977.7,1692.34,Central,Raipur,Credit Card
ORD104222,2024-11-08,CUST01758,35.0,Male,Corporate,Sports & Outdoors,Football,6719.84,1,0.05,6383.85,1349.88,East,Kolkata,Cash on Delivery
ORD102720,2024-11-08,CUST01731,30.0,Female,Small Business,Electronics,Webcam,751.47,1,0.15,638.75,174.92,North,Jaipur,UPI
ORD103779,2024-11-08,CUST01644,33.0,Female,Small Business,Beauty & Personal Care,Trimmer,623.35,5,0.15,2649.24,559.45,South,Chennai,Debit Card
ORD105147,2024-11-08,CUST00201,36.0,Female,Consumer,Clothing,Summer Dress,966.65,2,0.05,1836.63,395.95,East,Kolkata,UPI
ORD104971,2024-11-08,CUST01057,55.0,Male,Corporate,Beauty & Personal Care,Trimmer,1234.79,1,0.2,987.83,227.1,North,Jaipur,Credit Card
ORD100203,2024-11-08,CUST00972,36.0,Female,Consumer,Home & Kitchen,Air Fryer,4627.91,1,0.0,4627.91,1031.85,East,Patna,Cash on Delivery
ORD101517,2024-11-08,CUST02072,53.0,Female,Consumer,Beauty & Personal Care,Face Wash,1626.8,1,0.2,1301.44,11.25,North,Jaipur,Net Banking
ORD103941,2024-11-08,CUST01743,19.0,Male,Small Business,Electronics,Power Bank,7277.65,2,0.1,13099.77,3275.45,Central,Bhopal,Cash on Delivery
ORD100745,2024-11-08,CUST00461,18.0,Female,Consumer,Home & Kitchen,Mixer Grinder,1454.83,1,0.2,1163.86,131.06,South,Hyderabad,UPI
ORD100853,2024-11-08,CUST00580,44.0,Female,Consumer,Books & Stationery,Desk Organizer,495.33,1,0.1,445.8,151.56,Central,Raipur,UPI
ORD100485,2024-11-09,CUST01897,34.0,Male,Consumer,Electronics,Power Bank,5312.11,2,0.0,10624.22,3239.53,South,Bengaluru,UPI
ORD102017,2024-11-09,CUST01906,39.0,Female,Consumer,Books & Stationery,Sketch Pens,514.02,1,0.0,514.02,188.66,Central,Bhopal,Net Banking
ORD100192,2024-11-09,CUST00025,24.0,Male,Corporate,Beauty & Personal Care,Hair Dryer,1782.19,1,0.05,1693.08,453.12,North,Lucknow,UPI
ORD101356,2024-11-09,CUST00482,43.0,Female,Corporate,Books & Stationery,Planner Diary,706.15,1,0.05,670.84,106.11,East,Bhubaneswar,Net Banking
ORD103394,2024-11-09,CUST01153,34.0,Male,Consumer,Sports & Outdoors,Cricket Bat,996.52,2,0.15,1694.08,289.57,East,Kolkata,Cash on Delivery
ORD102925,2024-11-09,CUST01250,37.0,Other,Consumer,Electronics,Webcam,3417.84,1,0.05,3246.95,1306.62,South,Bengaluru,Debit Card
ORD101781,2024-11-09,CUST01610,42.0,Female,Consumer,Sports & Outdoors,Cricket Bat,1250.18,1,0.1,1125.16,433.29,Central,Raipur,Cash on Delivery
ORD101559,2024-11-09,CUST01141,44.0,Other,Consumer,Furniture,Wardrobe,6625.32,1,0.1,5962.79,1126.88,South,Bengaluru,Debit Card
ORD102425,2024-11-09,CUST01969,18.0,Female,Small Business,Clothing,Running Shoes,692.67,1,0.15,588.77,129.36,East,Patna,UPI
ORD104123,2024-11-09,CUST01107,18.0,Female,Consumer,Electronics,USB-C Cable,5554.97,2,0.05,10554.44,2813.65,Central,Bhopal,UPI
ORD103288,2024-11-09,CUST01505,39.0,Female,Consumer,Clothing,Men's T-Shirt,2530.52,1,0.0,2530.52,547.36,North,Delhi,Debit Card
ORD100947,2024-11-09,CUST00678,46.0,Male,Consumer,Home & Kitchen,Ceramic Mug Set,3701.14,1,0.2,2960.91,78.55,South,Kochi,Debit Card
ORD100401,2024-11-10,CUST00137,38.0,Female,Consumer,Furniture,Bean Bag,4370.15,1,0.05,4151.64,1102.34,South,Hyderabad,Cash on Delivery
ORD100568,2024-11-10,CUST00759,52.0,Female,Small Business,Electronics,USB-C Cable,1066.96,1,0.05,1013.61,338.49,West,Ahmedabad,Cash on Delivery
ORD103771,2024-11-10,CUST01950,42.0,Female,Consumer,Clothing,Running Shoes,723.94,1,0.0,723.94,171.97,North,Chandigarh,Cash on Delivery
ORD102232,2024-11-10,CUST00291,18.0,Male,Consumer,Beauty & Personal Care,Trimmer,815.9,1,0.0,815.9,233.77,Central,Nagpur,UPI
ORD103975,2024-11-10,CUST01163,30.0,Male,Corporate,Clothing,Running Shoes,2475.28,1,0.05,2351.52,555.31,Central,Bhopal,Credit Card
ORD102356,2024-11-10,CUST00074,30.0,Male,Small Business,Home & Kitchen,LED Table Lamp,373.86,1,0.05,355.17,109.28,Central,Bhopal,Cash on Delivery
ORD104337,2024-11-10,CUST00457,38.0,Male,Consumer,Furniture,Coffee Table,14215.52,1,0.15,12083.19,1006.34,East,Kolkata,Debit Card
ORD103740,2024-11-11,CUST01271,19.0,Female,Corporate,Furniture,Bean Bag,5956.03,1,0.2,4764.82,1211.91,South,Chennai,UPI
ORD103006,2024-11-11,CUST01587,37.0,Female,Corporate,Electronics,Smartphone Case,2099.63,3,0.0,6298.89,2134.2,Central,Nagpur,Credit Card
ORD102107,2024-11-11,CUST01747,28.0,Female,Consumer,Sports & Outdoors,Yoga Mat,2413.79,3,0.0,7241.37,1872.24,Central,Raipur,
ORD100408,2024-11-11,CUST00119,33.0,Male,Consumer,Home & Kitchen,Ceramic Mug Set,5388.27,1,0.15,4580.03,859.68,East,Kolkata,UPI
ORD104787,2024-11-11,CUST00822,18.0,Female,Consumer,Clothing,Sports Cap,331.4,1,0.1,298.26,109.11,Central,Nagpur,UPI
ORD106103,2024-11-11,CUST00327,21.0,Male,Consumer,Clothing,Sports Cap,928.03,1,0.05,881.63,364.87,South,Hyderabad,UPI
ORD100367,2024-11-11,CUST00361,38.0,Male,Corporate,Clothing,Winter Jacket,2412.08,1,0.1,2170.87,553.84,West,Mumbai,UPI
ORD102571,2024-11-11,CUST01166,39.0,Female,Small Business,Books & Stationery,Notebook Pack,136.45,1,0.15,115.98,25.92,South,Kochi,UPI
ORD104470,2024-11-12,CUST00550,35.0,Male,Small Business,Clothing,Men's T-Shirt,2090.89,1,0.15,1777.26,594.91,East,Kolkata,Debit Card
ORD102191,2024-11-12,CUST00970,21.0,Male,Corporate,Electronics,Smartphone Case,8473.0,1,0.0,8473.0,3492.16,Central,Nagpur,Cash on Delivery
ORD100104,2024-11-12,CUST00568,52.0,Female,Consumer,Electronics,Webcam,4301.0,1,0.2,3440.8,209.57,East,Patna,UPI
ORD100748,2024-11-12,CUST01308,35.0,Other,Corporate,Electronics,Smartwatch,1173.98,1,0.1,1056.58,400.24,South,Kochi,UPI
ORD103352,2024-11-12,CUST00854,23.0,Female,Consumer,Beauty & Personal Care,Face Wash,384.94,4,0.0,1539.76,520.54,North,Lucknow,Credit Card
ORD100453,2024-11-12,CUST01517,26.0,Male,Corporate,Clothing,Formal Shirt,576.6,1,0.2,461.28,68.93,North,Jaipur,Credit Card
ORD102002,2024-11-12,CUST01957,26.0,Male,Consumer,Sports & Outdoors,Cycling Helmet,6712.29,1,0.25,5034.22,602.47,Central,Bhopal,Credit Card
ORD102320,2024-11-12,CUST01687,18.0,Male,Corporate,Home & Kitchen,Bedsheet Set,809.51,2,0.05,1538.07,537.09,West,Surat,Debit Card
ORD105709,2024-11-12,CUST01601,31.0,Female,Consumer,Clothing,Men's T-Shirt,2557.89,1,0.05,2430.0,737.9,East,Kolkata,UPI
ORD106454,2024-11-12,CUST01098,39.0,Male,Consumer,Sports & Outdoors,Football,3551.01,4,0.15,12073.43,1427.88,East,Patna,UPI
ORD102801,2024-11-12,CUST00589,29.0,Female,Corporate,Clothing,Running Shoes,1235.09,1,0.1,1111.58,341.5,North,Lucknow,Credit Card
ORD105966,2024-11-12,CUST00974,27.0,Female,Corporate,Furniture,Bookshelf,11503.56,1,0.2,9202.85,2580.28,West,Surat,UPI
ORD102012,2024-11-12,CUST00312,37.0,Female,Consumer,Electronics,Smartwatch,7059.84,2,0.0,14119.68,3547.94,North,Jaipur,Cash on Delivery
ORD103336,2024-11-13,CUST01956,25.0,Female,Corporate,Beauty & Personal Care,Face Wash,149.17,2,0.0,298.34,62.21,Central,Raipur,
ORD104293,2024-11-13,CUST00233,30.0,Male,Consumer,Clothing,Summer Dress,1471.74,1,0.2,1177.39,88.25,South,Bengaluru,Credit Card
ORD103751,2024-11-13,CUST00623,23.0,Other,Consumer,Home & Kitchen,Storage Rack,3289.53,1,0.0,3289.53,876.84,North,Jaipur,UPI
ORD104936,2024-11-13,CUST00013,26.0,Male,Consumer,Sports & Outdoors,Yoga Mat,6779.16,1,0.05,6440.2,1904.18,West,Ahmedabad,UPI
ORD104816,2024-11-13,CUST01747,28.0,Female,Consumer,Clothing,Running Shoes,2940.28,1,0.15,2499.24,551.55,South,Kochi,Credit Card
ORD101367,2024-11-13,CUST00270,36.0,Female,Corporate,Electronics,Laptop Stand,3418.89,1,0.1,3077.0,991.62,South,Kochi,Credit Card
ORD104602,2024-11-13,CUST00636,23.0,Male,Corporate,Electronics,Power Bank,7073.14,1,0.1,6365.83,1713.58,Central,Nagpur,
ORD102472,2024-11-13,CUST00108,37.0,Female,Corporate,Clothing,Summer Dress,1220.09,2,0.2,1952.14,15.66,Central,Nagpur,UPI
ORD105785,2024-11-13,CUST01594,40.0,Male,Consumer,Clothing,Sports Cap,2969.21,1,0.0,2969.21,1110.87,North,Chandigarh,UPI
ORD100043,2024-11-13,CUST01292,39.0,Male,Corporate,Furniture,Office Chair,6415.14,1,0.15,5452.87,1714.9,South,Chennai,UPI
ORD100150,2024-11-13,CUST00327,21.0,Male,Consumer,Sports & Outdoors,Camping Tent,1407.81,1,0.05,1337.42,367.62,North,Delhi,UPI
ORD102083,2024-11-13,CUST00839,35.0,Female,Small Business,Electronics,Webcam,744.35,1,0.0,744.35,250.48,East,Kolkata,UPI
ORD100785,2024-11-13,CUST00641,33.0,Female,Consumer,Electronics,Webcam,8741.72,1,0.0,8741.72,2250.73,North,Chandigarh,Cash on Delivery
ORD104802,2024-11-13,CUST01765,70.0,Male,Small Business,Home & Kitchen,Mixer Grinder,1133.95,1,0.0,1133.95,241.38,South,Hyderabad,
ORD105338,2024-11-13,CUST01479,18.0,Male,Consumer,Clothing,Women's Jeans,2346.02,1,0.0,2346.02,639.55,West,Pune,UPI
ORD105152,2024-11-13,CUST01019,31.0,Male,Corporate,Sports & Outdoors,Dumbbell Set,5193.84,2,0.15,8829.53,1505.92,East,Patna,Cash on Delivery
ORD103641,2024-11-13,CUST01415,18.0,Female,Consumer,Sports & Outdoors,Camping Tent,3325.4,1,0.2,2660.32,642.37,North,Delhi,UPI
ORD102251,2024-11-13,CUST01462,24.0,Female,Consumer,Clothing,Kids Hoodie,1401.53,1,0.0,1401.53,597.43,East,Bhubaneswar,Net Banking
ORD104233,2024-11-14,CUST01094,47.0,Other,Consumer,Clothing,Men's T-Shirt,655.18,1,0.0,655.18,275.96,South,Chennai,UPI
ORD105621,2024-11-14,CUST00200,28.0,Male,Small Business,Electronics,USB-C Cable,729.65,1,0.25,547.24,46.74,North,Lucknow,Credit Card
ORD106231,2024-11-14,CUST01601,31.0,Female,Consumer,Electronics,Smartwatch,3367.25,3,0.0,10101.75,2674.45,South,Bengaluru,UPI
ORD104899,2024-11-14,CUST01843,43.0,Female,Consumer,Home & Kitchen,Mixer Grinder,3838.58,5,0.05,18233.26,5694.14,Central,Raipur,UPI
ORD102209,2024-11-14,CUST01649,43.0,Female,Small Business,Electronics,Wireless Earbuds,8111.62,1,0.0,8111.62,2375.79,South,Bengaluru,Credit Card
ORD103659,2024-11-14,CUST00011,42.0,Female,Small Business,Electronics,Bluetooth Speaker,5803.79,1,0.05,5513.6,2285.74,West,Surat,UPI
ORD100506,2024-11-14,CUST00022,42.0,Male,Consumer,Sports & Outdoors,Dumbbell Set,6690.93,1,0.0,6690.93,2950.93,North,Delhi,Net Banking
ORD102623,2024-11-14,CUST01363,48.0,Female,Consumer,Clothing,Women's Jeans,640.86,1,0.0,640.86,215.9,West,Surat,Debit Card
ORD105243,2024-11-14,CUST00542,18.0,Male,Consumer,Beauty & Personal Care,Hair Dryer,1536.44,3,0.0,4609.32,1057.82,East,Kolkata,UPI
ORD105754,2024-11-14,CUST00214,22.0,Female,Consumer,Clothing,Winter Jacket,1072.39,1,0.15,911.53,83.3,East,Bhubaneswar,Credit Card
ORD105578,2024-11-15,CUST00196,45.0,Male,Consumer,Clothing,Winter Jacket,1522.83,3,0.25,3426.37,-161.76,West,Surat,Net Banking
ORD101360,2024-11-15,CUST01490,45.0,Male,Small Business,Clothing,Summer Dress,1637.53,1,0.0,1637.53,510.22,South,Kochi,Cash on Delivery
ORD105179,2024-11-15,CUST01906,39.0,Female,Consumer,Clothing,Sports Cap,2028.63,1,0.25,1521.47,28.4,West,Pune,Cash on Delivery
ORD100273,2024-11-15,CUST00446,30.0,Male,Consumer,Home & Kitchen,Water Bottle,462.77,1,0.1,416.49,72.48,North,Lucknow,Debit Card
ORD105687,2024-11-15,CUST00490,32.0,Male,Corporate,Beauty & Personal Care,Face Wash,1247.47,1,0.05,1185.1,279.08,North,Chandigarh,Debit Card
ORD102351,2024-11-15,CUST02009,39.0,Female,Corporate,Clothing,Sports Cap,611.13,1,0.0,611.13,202.94,South,Hyderabad,Credit Card
ORD106373,2024-11-15,CUST01047,19.0,Male,Corporate,Clothing,Women's Jeans,1045.4,1,0.1,940.86,189.51,South,Chennai,Credit Card
ORD104527,2024-11-15,CUST00762,18.0,Male,Consumer,Sports & Outdoors,Cycling Helmet,442.32,3,0.1,1194.26,204.57,Central,Nagpur,UPI
ORD105124,2024-11-15,CUST01735,54.0,Male,Consumer,Sports & Outdoors,Cricket Bat,1882.19,1,0.0,1882.19,822.37,West,Ahmedabad,Credit Card
ORD105769,2024-11-15,CUST01333,35.0,Female,Corporate,Electronics,USB-C Cable,2418.57,1,0.0,2418.57,1028.75,West,Pune,Cash on Delivery
ORD106417,2024-11-16,CUST01892,48.0,Male,Small Business,Furniture,Study Table,13025.08,1,0.0,13025.08,3346.19,South,Chennai,UPI
ORD105489,2024-11-16,CUST00963,33.0,Female,Corporate,Sports & Outdoors,Football,6225.82,1,0.05,5914.53,1979.12,North,Delhi,Cash on Delivery
ORD102100,2024-11-16,CUST01450,27.0,Male,Consumer,Clothing,Women's Jeans,1584.6,2,0.1,2852.28,987.74,South,Kochi,Debit Card
ORD103102,2024-11-16,CUST00993,30.0,Female,Consumer,Home & Kitchen,Non-Stick Pan,701.17,1,0.1,631.05,156.79,West,Pune,Credit Card
ORD100953,2024-11-16,CUST01977,30.0,Male,Consumer,Home & Kitchen,Air Fryer,5237.2,1,0.0,5237.2,1602.87,Central,Nagpur,UPI
ORD105896,2024-11-16,CUST01223,26.0,Female,Consumer,Home & Kitchen,Water Bottle,3998.6,1,0.0,3998.6,1476.64,West,Ahmedabad,Net Banking
ORD100836,2024-11-16,CUST01577,18.0,Female,Consumer,Furniture,Coffee Table,6515.67,1,0.2,5212.54,1162.87,South,Bengaluru,UPI
ORD100242,2024-11-16,CUST00043,21.0,Female,Consumer,Electronics,Laptop Stand,2520.15,2,0.0,5040.3,1931.43,South,Kochi,UPI
ORD103191,2024-11-16,CUST01429,18.0,Female,Consumer,Beauty & Personal Care,Perfume,1019.24,1,0.05,968.28,203.5,South,Hyderabad,Credit Card
ORD105682,2024-11-16,CUST00221,18.0,Male,Consumer,Clothing,Sports Cap,1353.79,1,0.0,1353.79,287.43,South,Chennai,Credit Card
ORD103902,2024-11-16,CUST00534,33.0,Male,Consumer,Home & Kitchen,Bedsheet Set,5561.88,1,0.0,5561.88,2134.06,Central,Raipur,UPI
ORD105704,2024-11-16,CUST00969,42.0,Female,Consumer,Sports & Outdoors,Dumbbell Set,5348.14,1,0.1,4813.33,915.17,West,Mumbai,Debit Card
ORD101018,2024-11-16,CUST00110,18.0,Female,Consumer,Home & Kitchen,Storage Rack,2266.94,3,0.0,6800.82,2898.84,North,Chandigarh,Debit Card
ORD104726,2024-11-16,CUST01746,19.0,Female,Small Business,Home & Kitchen,Non-Stick Pan,3446.14,2,0.15,5858.44,929.04,Central,Raipur,Debit Card
ORD100937,2024-11-16,CUST01481,36.0,Female,Consumer,Books & Stationery,Notebook Pack,420.92,2,0.0,841.84,194.01,Central,Raipur,UPI
ORD104915,2024-11-17,CUST00448,23.0,Male,Consumer,Home & Kitchen,Storage Rack,2261.46,1,0.15,1922.24,662.43,East,Patna,UPI
ORD102382,2024-11-17,CUST00363,29.0,Female,Consumer,Sports & Outdoors,Cycling Helmet,3627.69,1,0.1,3264.92,525.32,West,Surat,Net Banking
ORD105887,2024-11-17,CUST01372,33.0,Female,Consumer,Home & Kitchen,Bedsheet Set,3912.88,1,0.05,3717.24,738.06,Central,Nagpur,Debit Card
ORD103886,2024-11-17,CUST01387,30.0,Female,Corporate,Home & Kitchen,Storage Rack,5530.61,3,0.0,16591.83,4550.23,North,Delhi,UPI
ORD104858,2024-11-17,CUST01090,34.0,Male,Consumer,Electronics,USB-C Cable,7428.17,1,0.1,6685.35,1046.79,North,Delhi,Credit Card
ORD104116,2024-11-17,CUST00900,45.0,Female,Corporate,Books & Stationery,Planner Diary,269.94,1,0.0,269.94,110.27,North,Delhi,Debit Card
ORD105793,2024-11-17,CUST01551,24.0,Female,Corporate,Electronics,Laptop Stand,3528.81,5,0.1,15879.64,4675.67,East,Patna,UPI
ORD100996,2024-11-17,CUST01586,49.0,Male,Small Business,Books & Stationery,Notebook Pack,990.94,1,0.1,891.85,178.89,West,Ahmedabad,Credit Card
ORD102754,2024-11-17,CUST01252,43.0,Male,Corporate,Clothing,Summer Dress,1815.01,1,0.1,1633.51,435.81,North,Delhi,Cash on Delivery
ORD102835,2024-11-18,CUST00716,18.0,Male,Consumer,Furniture,Coffee Table,13258.76,1,0.1,11932.88,3368.22,East,Bhubaneswar,UPI
ORD106240,2024-11-18,CUST01876,41.0,Male,Corporate,Beauty & Personal Care,Perfume,1115.97,1,0.15,948.57,299.96,Central,Raipur,Net Banking
ORD102853,2024-11-18,CUST01146,32.0,Female,Corporate,Beauty & Personal Care,Perfume,488.64,4,0.0,1954.56,560.64,North,Chandigarh,Cash on Delivery
ORD101662,2024-11-18,CUST00615,23.0,Male,Corporate,Home & Kitchen,Bedsheet Set,1339.35,2,0.15,2276.9,507.55,West,Pune,Debit Card
ORD104929,2024-11-18,CUST00775,18.0,Female,Consumer,Electronics,Wireless Earbuds,4415.3,1,0.1,3973.77,1130.84,South,Bengaluru,Cash on Delivery
ORD100825,2024-11-18,CUST00178,31.0,Male,Small Business,Books & Stationery,Sketch Pens,382.11,1,0.15,324.79,66.73,Central,Nagpur,Cash on Delivery
ORD101854,2024-11-18,CUST01220,29.0,Other,Corporate,Home & Kitchen,Mixer Grinder,4304.18,2,0.0,8608.36,2322.48,East,Patna,Credit Card
ORD102205,2024-11-18,CUST02053,26.0,Male,Small Business,Furniture,Wardrobe,11849.97,2,0.0,23699.94,7235.7,Central,Raipur,Debit Card
ORD104144,2024-11-18,CUST00535,23.0,Female,Corporate,Electronics,Smartphone Case,3592.14,2,0.2,5747.42,700.51,West,Ahmedabad,UPI
ORD102842,2024-11-18,CUST00348,32.0,Female,Small Business,Electronics,Wireless Earbuds,6070.23,1,0.0,6070.23,2254.89,West,Pune,Cash on Delivery
ORD100615,2024-11-19,CUST01572,21.0,Male,Corporate,Home & Kitchen,LED Table Lamp,4268.61,2,0.0,8537.22,3355.67,South,Chennai,UPI
ORD100813,2024-11-19,CUST01316,18.0,Female,Small Business,Books & Stationery,Notebook Pack,585.83,1,0.1,527.25,157.24,North,Jaipur,UPI
ORD103141,2024-11-19,CUST00397,,Female,Corporate,Electronics,Smartwatch,6934.94,2,0.1,12482.89,1745.13,North,Chandigarh,UPI
ORD103483,2024-11-19,CUST00425,38.0,Male,Consumer,Clothing,Sports Cap,730.09,1,0.0,730.09,245.8,North,Chandigarh,UPI
ORD105068,2024-11-19,CUST00101,38.0,Male,Consumer,Books & Stationery,Fiction Novel,214.84,4,0.0,859.36,311.42,West,Ahmedabad,UPI
ORD101248,2024-11-19,CUST00900,45.0,Female,Corporate,Beauty & Personal Care,Hair Dryer,1918.45,1,0.25,1438.84,-38.73,West,Surat,Credit Card
ORD103636,2024-11-19,CUST01108,31.0,Female,Corporate,Electronics,Bluetooth Speaker,6344.78,1,0.1,5710.3,1334.72,Central,Nagpur,Cash on Delivery
ORD106202,2024-11-19,CUST00194,36.0,Female,Consumer,Sports & Outdoors,Cricket Bat,3258.16,1,0.0,3258.16,885.1,North,Chandigarh,Cash on Delivery
ORD106354,2024-11-19,CUST01217,32.0,Female,Corporate,Clothing,Men's T-Shirt,777.36,1,0.0,777.36,319.83,East,Bhubaneswar,Cash on Delivery
ORD104719,2024-11-19,CUST01744,38.0,Male,Consumer,Beauty & Personal Care,Face Wash,748.96,1,0.1,674.06,184.2,South,Bengaluru,Net Banking
ORD102954,2024-11-19,CUST00314,27.0,Female,Consumer,Home & Kitchen,LED Table Lamp,5770.23,5,0.1,25966.04,8374.37,Central,Nagpur,Cash on Delivery
ORD105039,2024-11-20,CUST00082,22.0,Male,Consumer,Furniture,Study Table,10569.23,1,0.05,10040.77,1883.55,East,Bhubaneswar,Debit Card
ORD100055,2024-11-20,CUST00212,30.0,Female,Consumer,Home & Kitchen,Non-Stick Pan,5241.86,1,0.2,4193.49,623.41,South,Hyderabad,Net Banking
ORD100799,2024-11-20,CUST00958,32.0,Female,Small Business,Sports & Outdoors,Camping Tent,1185.02,1,0.15,1007.27,336.73,South,Chennai,Net Banking
ORD104433,2024-11-20,CUST01536,43.0,Female,Consumer,Clothing,Men's T-Shirt,1383.66,2,0.0,2767.32,932.22,North,Chandigarh,UPI
ORD101686,2024-11-20,CUST01961,18.0,Female,Consumer,Clothing,Men's T-Shirt,1288.78,1,0.1,1159.9,229.97,North,Lucknow,UPI
ORD105061,2024-11-20,CUST01357,30.0,Female,Consumer,Clothing,Summer Dress,1164.33,1,0.2,931.46,283.98,East,Kolkata,Debit Card
ORD106112,2024-11-20,CUST00158,51.0,Female,Consumer,Electronics,Smartwatch,2582.45,3,0.15,6585.25,1168.32,South,Hyderabad,Credit Card
ORD101022,2024-11-21,CUST01714,27.0,Female,Corporate,Electronics,USB-C Cable,3741.05,1,0.0,3741.05,1452.38,East,Patna,Debit Card
ORD106475,2024-11-21,CUST01064,45.0,Female,Consumer,Books & Stationery,Desk Organizer,364.45,1,0.0,364.45,108.32,South,Bengaluru,Debit Card
ORD105729,2024-11-21,CUST01918,42.0,Male,Consumer,Home & Kitchen,Non-Stick Pan,844.77,1,0.15,718.05,172.89,North,Chandigarh,Net Banking
ORD100182,2024-11-21,CUST01047,19.0,Male,Corporate,Home & Kitchen,LED Table Lamp,3882.58,3,0.1,10482.97,2996.52,North,Lucknow,Net Banking
ORD105121,2024-11-21,CUST02062,30.0,Male,Consumer,Clothing,Women's Jeans,2850.63,1,0.15,2423.04,401.11,South,Hyderabad,Debit Card
ORD101015,2024-11-21,CUST01676,18.0,Male,Consumer,Electronics,USB-C Cable,6991.86,1,0.0,6991.86,1452.3,South,Kochi,Debit Card
ORD102515,2024-11-22,CUST00844,44.0,Male,Corporate,Beauty & Personal Care,Face Wash,357.48,1,0.15,303.86,73.09,North,Chandigarh,Debit Card
ORD101634,2024-11-22,CUST01742,28.0,Male,Corporate,Electronics,Wireless Earbuds,2322.95,1,0.05,2206.8,570.57,West,Pune,UPI
ORD101639,2024-11-22,CUST01188,46.0,Male,Small Business,Clothing,Summer Dress,835.63,2,0.0,1671.26,553.86,South,Bengaluru,UPI
ORD103166,2024-11-22,CUST00786,47.0,Female,Corporate,Sports & Outdoors,Cricket Bat,2752.48,1,0.0,2752.48,611.34,North,Chandigarh,Credit Card
ORD103956,2024-11-22,CUST01855,48.0,Male,Consumer,Electronics,USB-C Cable,3445.66,2,0.1,6202.19,1377.68,South,Bengaluru,UPI
ORD100807,2024-11-22,CUST01973,18.0,Male,Corporate,Home & Kitchen,Mixer Grinder,759.98,2,0.0,1519.96,530.12,West,Pune,Debit Card
ORD100577,2024-11-22,CUST01652,43.0,Male,Corporate,Home & Kitchen,LED Table Lamp,5699.29,1,0.0,5699.29,1576.72,North,Chandigarh,Credit Card
ORD103608,2024-11-22,CUST00378,28.0,Male,Corporate,Books & Stationery,Fiction Novel,528.19,1,0.15,448.96,46.85,Central,Nagpur,Net Banking
ORD101519,2024-11-22,CUST01419,29.0,Male,Consumer,Clothing,Summer Dress,2739.1,2,0.1,4930.38,616.4,South,Hyderabad,Net Banking
ORD104904,2024-11-22,CUST00598,29.0,Female,Small Business,Home & Kitchen,Non-Stick Pan,5204.4,2,0.2,8327.04,2494.1,South,Hyderabad,Debit Card
ORD105312,2024-11-22,CUST01115,23.0,Male,Small Business,Clothing,Men's T-Shirt,978.68,1,0.1,880.81,273.97,Central,Nagpur,Net Banking
ORD105911,2024-11-22,CUST01083,26.0,Male,Consumer,Home & Kitchen,Ceramic Mug Set,3209.79,2,0.1,5777.62,1253.69,North,Jaipur,Debit Card
ORD102820,2024-11-22,CUST00969,42.0,Female,Consumer,Home & Kitchen,Non-Stick Pan,1510.93,1,0.0,1510.93,511.28,East,Kolkata,UPI
ORD105588,2024-11-23,CUST01195,33.0,Female,Consumer,Electronics,USB-C Cable,7155.47,1,0.0,7155.47,2302.02,North,Chandigarh,Credit Card
ORD103438,2024-11-23,CUST01280,33.0,Female,Consumer,Electronics,Power Bank,8727.8,1,0.0,8727.8,2799.2,Central,Nagpur,Debit Card
ORD104093,2024-11-23,CUST01246,46.0,Male,Corporate,Furniture,Bookshelf,10319.17,1,0.15,8771.29,543.22,West,Mumbai,Credit Card
ORD103439,2024-11-23,CUST00223,34.0,Male,Corporate,Electronics,Smartwatch,4733.33,2,0.25,7100.0,1088.55,East,Kolkata,Credit Card
ORD105511,2024-11-23,CUST00652,34.0,Female,Corporate,Clothing,Women's Jeans,1478.91,1,0.25,1109.18,167.9,West,Surat,Cash on Delivery
ORD105818,2024-11-23,CUST01260,33.0,Female,Corporate,Clothing,Men's T-Shirt,2600.26,1,0.15,2210.22,508.38,South,Chennai,Credit Card
ORD101838,2024-11-23,CUST01844,22.0,Male,Consumer,Clothing,Summer Dress,353.25,1,0.2,282.6,2.04,West,Surat,Net Banking
ORD105193,2024-11-23,CUST00596,25.0,Male,Consumer,Sports & Outdoors,Yoga Mat,3842.92,1,0.1,3458.63,721.25,Central,Nagpur,UPI
ORD100684,2024-11-23,CUST01768,,Male,Small Business,Clothing,Women's Jeans,856.01,1,0.15,727.61,55.79,West,Surat,Cash on Delivery
ORD103725,2024-11-23,CUST01163,30.0,Male,Corporate,Clothing,Women's Jeans,1664.11,1,0.1,1497.7,365.97,West,Mumbai,Cash on Delivery
ORD100245,2024-11-23,CUST01748,19.0,Female,Small Business,Clothing,Running Shoes,599.28,1,0.1,539.35,118.32,West,Mumbai,Debit Card
ORD102569,2024-11-23,CUST01775,34.0,Female,Consumer,Books & Stationery,Desk Organizer,401.61,1,0.0,401.61,153.92,North,Delhi,Cash on Delivery
ORD103686,2024-11-23,CUST01445,19.0,Male,Consumer,Home & Kitchen,Mixer Grinder,3632.56,1,0.05,3450.93,642.84,East,Kolkata,Credit Card
ORD106271,2024-11-23,CUST01778,29.0,Male,Consumer,Home & Kitchen,Non-Stick Pan,3203.47,1,0.05,3043.3,1011.49,East,Patna,Cash on Delivery
ORD101103,2024-11-23,CUST00551,48.0,Male,Consumer,Books & Stationery,Fiction Novel,852.56,2,0.0,1705.12,596.1,South,Chennai,
ORD104733,2024-11-23,CUST01431,46.0,Male,Small Business,Furniture,Coffee Table,12377.25,1,0.1,11139.52,1590.08,West,Pune,Credit Card
ORD101667,2024-11-24,CUST00089,39.0,Female,Small Business,Electronics,USB-C Cable,3429.18,1,0.05,3257.72,996.57,North,Jaipur,Net Banking
ORD105024,2024-11-24,CUST01740,46.0,Female,Consumer,Furniture,Bean Bag,9096.06,1,0.25,6822.04,1500.1,East,Patna,Credit Card
ORD102304,2024-11-24,CUST00246,21.0,Female,Consumer,Clothing,Running Shoes,2116.66,1,0.0,2116.66,898.84,South,Bengaluru,Debit Card
ORD100112,2024-11-24,CUST01701,33.0,Female,Corporate,Sports & Outdoors,Football,5968.64,1,0.0,5968.64,2632.72,Central,Raipur,Debit Card
ORD103985,2024-11-24,CUST01189,41.0,Female,Consumer,Sports & Outdoors,Dumbbell Set,5663.91,1,0.0,5663.91,2274.44,Central,Nagpur,
ORD105564,2024-11-24,CUST02070,38.0,Male,Corporate,Home & Kitchen,Non-Stick Pan,5965.98,1,0.05,5667.68,1918.39,West,Ahmedabad,Credit Card
ORD103775,2024-11-24,CUST01314,18.0,Female,Corporate,Beauty & Personal Care,Face Wash,1164.03,3,0.0,3492.09,712.93,West,Mumbai,Debit Card
ORD104558,2024-11-24,CUST01902,21.0,Female,Consumer,Clothing,Formal Shirt,1513.29,1,0.0,1513.29,534.83,North,Lucknow,Net Banking
ORD100715,2024-11-24,CUST01000,46.0,Female,Corporate,Electronics,Bluetooth Speaker,6765.07,1,0.1,6088.56,1471.86,Central,Raipur,UPI
ORD101455,2024-11-24,CUST00886,36.0,Female,Corporate,Electronics,USB-C Cable,6640.83,1,0.0,6640.83,2206.14,North,Jaipur,Credit Card
ORD100395,2024-11-24,CUST00278,24.0,Female,Small Business,Home & Kitchen,Non-Stick Pan,4648.85,1,0.15,3951.52,696.54,Central,Raipur,Cash on Delivery
ORD105139,2024-11-25,CUST00603,33.0,Other,Consumer,Clothing,Men's T-Shirt,2664.12,1,0.05,2530.91,896.06,West,Surat,Credit Card
ORD100796,2024-11-25,CUST00095,34.0,Male,Small Business,Clothing,Men's T-Shirt,1848.08,1,0.0,1848.08,551.15,West,Surat,Cash on Delivery
ORD106315,2024-11-25,CUST01348,18.0,Female,Consumer,Books & Stationery,Desk Organizer,258.4,1,0.1,232.56,63.72,North,Delhi,Cash on Delivery
ORD105060,2024-11-25,CUST01622,28.0,Male,Corporate,Beauty & Personal Care,Lipstick,1133.99,1,0.0,1133.99,490.68,Central,Bhopal,Cash on Delivery
ORD104550,2024-11-25,CUST00167,23.0,Female,Consumer,Clothing,Sports Cap,319.88,1,0.0,319.88,88.2,East,Bhubaneswar,UPI
ORD103836,2024-11-25,CUST01266,18.0,Male,Consumer,Books & Stationery,Fiction Novel,217.81,1,0.1,196.03,76.2,South,Chennai,Credit Card
ORD105987,2024-11-25,CUST00385,42.0,Female,Consumer,Electronics,Smartwatch,8721.49,1,0.0,8721.49,2563.07,West,Surat,Credit Card
ORD101183,2024-11-25,CUST01189,41.0,Female,Consumer,Home & Kitchen,LED Table Lamp,3401.49,1,0.1,3061.34,553.69,South,Chennai,Debit Card
ORD101955,2024-11-25,CUST00470,38.0,Male,Corporate,Electronics,Bluetooth Speaker,7748.6,2,0.05,14722.34,4630.87,South,Chennai,UPI
ORD102949,2024-11-25,CUST00513,36.0,Male,Consumer,Home & Kitchen,Mixer Grinder,3177.3,1,0.15,2700.7,499.91,South,Chennai,Net Banking
ORD103132,2024-11-25,CUST02094,46.0,Male,Consumer,Beauty & Personal Care,Perfume,932.3,1,0.0,932.3,347.34,North,Jaipur,Debit Card
ORD106137,2024-11-25,CUST00132,18.0,Female,Consumer,Home & Kitchen,Non-Stick Pan,4358.26,4,0.1,15689.74,3902.33,North,Lucknow,Debit Card
ORD100512,2024-11-25,CUST00280,18.0,Male,Consumer,Home & Kitchen,Mixer Grinder,1635.18,1,0.25,1226.38,51.38,Central,Bhopal,Net Banking
ORD103698,2024-11-25,CUST01768,26.0,Male,Small Business,Sports & Outdoors,Cycling Helmet,3042.66,2,0.15,5172.52,1743.86,Central,Bhopal,UPI
ORD101521,2024-11-26,CUST00444,33.0,Male,Small Business,Clothing,Summer Dress,1344.88,3,0.0,4034.64,1232.08,South,Hyderabad,Credit Card
ORD104050,2024-11-26,CUST01638,18.0,Female,Consumer,Sports & Outdoors,Cricket Bat,408.79,1,0.0,408.79,161.53,South,Hyderabad,UPI
ORD104580,2024-11-26,CUST02010,26.0,Male,Corporate,Sports & Outdoors,Cycling Helmet,3717.54,1,0.15,3159.91,347.03,North,Lucknow,Credit Card
ORD104245,2024-11-26,CUST01815,44.0,Male,Corporate,Clothing,Men's T-Shirt,404.82,1,0.0,404.82,146.91,South,Hyderabad,Debit Card
ORD101419,2024-11-26,CUST00423,48.0,Female,Corporate,Beauty & Personal Care,Sunscreen SPF50,323.96,1,0.0,323.96,107.26,South,Bengaluru,Cash on Delivery
ORD104815,2024-11-26,CUST00146,20.0,Male,Consumer,Home & Kitchen,Water Bottle,3122.58,1,0.25,2341.94,246.61,Central,Raipur,Cash on Delivery
ORD100806,2024-11-26,CUST01911,23.0,Male,Consumer,Home & Kitchen,Ceramic Mug Set,5891.18,2,0.05,11193.24,3148.63,Central,Nagpur,Debit Card
ORD106468,2024-11-26,CUST01742,28.0,Male,Corporate,Clothing,Men's T-Shirt,2025.38,2,0.15,3443.15,935.22,South,Hyderabad,UPI
ORD103838,2024-11-26,CUST00818,39.0,Female,Consumer,Clothing,Running Shoes,2878.58,1,0.05,2734.65,1069.06,West,Mumbai,UPI
ORD105183,2024-11-26,CUST00136,36.0,Female,Consumer,Home & Kitchen,Ceramic Mug Set,4757.22,1,0.1,4281.5,1380.94,East,Bhubaneswar,Debit Card
ORD103885,2024-11-26,CUST00258,43.0,Female,Small Business,Clothing,Men's T-Shirt,666.49,1,0.25,499.87,86.83,East,Bhubaneswar,Debit Card
ORD105968,2024-11-27,CUST00823,18.0,Female,Consumer,Home & Kitchen,Mixer Grinder,3899.48,1,0.25,2924.61,632.43,Central,Nagpur,UPI
ORD104321,2024-11-27,CUST01329,22.0,Male,Corporate,Home & Kitchen,LED Table Lamp,5393.4,4,0.15,18337.56,4114.19,South,Chennai,Cash on Delivery
ORD101415,2024-11-27,CUST00186,25.0,Female,Consumer,Books & Stationery,Planner Diary,581.96,1,0.1,523.76,128.41,South,Chennai,UPI
ORD102022,2024-11-27,CUST01962,34.0,Female,Consumer,Furniture,Wardrobe,8561.48,2,0.05,16266.81,4516.49,West,Surat,UPI
ORD103722,2024-11-27,CUST00393,18.0,Male,Consumer,Furniture,Bookshelf,6847.93,2,0.2,10956.69,2482.07,Central,Raipur,
ORD101185,2024-11-27,CUST02042,45.0,Female,Small Business,Clothing,Formal Shirt,1460.44,1,0.05,1387.42,222.99,South,Chennai,Credit Card
ORD106372,2024-11-27,CUST01001,50.0,Male,Corporate,Clothing,Women's Jeans,1218.57,2,0.15,2071.57,165.42,West,Pune,Credit Card
ORD101655,2024-11-27,CUST00313,33.0,Female,Consumer,Electronics,USB-C Cable,8288.4,1,0.1,7459.56,2392.37,West,Mumbai,UPI
ORD103156,2024-11-27,CUST02051,23.0,Female,Corporate,Clothing,Men's T-Shirt,928.3,1,0.05,881.88,345.45,North,Lucknow,UPI
ORD100256,2024-11-27,CUST01669,49.0,Male,Small Business,Books & Stationery,Planner Diary,936.02,1,0.0,936.02,209.73,North,Chandigarh,UPI
ORD101301,2024-11-27,CUST00159,38.0,Male,Consumer,Books & Stationery,Notebook Pack,359.13,5,0.0,1795.65,714.62,East,Patna,Credit Card
ORD100971,2024-11-27,CUST00248,38.0,Female,Corporate,Electronics,USB-C Cable,3914.08,1,0.0,3914.08,1697.46,North,Delhi,Credit Card
ORD106049,2024-11-27,CUST00046,29.0,Female,Consumer,Beauty & Personal Care,Face Wash,830.27,2,0.1,1494.49,504.03,South,Bengaluru,Credit Card
ORD105761,2024-11-27,CUST00987,24.0,Male,Consumer,Furniture,Office Chair,14978.68,3,0.0,44936.04,9915.47,South,Kochi,Credit Card
ORD100178,2024-11-27,CUST01109,44.0,Female,Consumer,Clothing,Summer Dress,1678.18,1,0.15,1426.45,432.09,South,Kochi,Debit Card
ORD103853,2024-11-28,CUST00541,41.0,Female,Small Business,Books & Stationery,Fiction Novel,779.04,1,0.1,701.14,196.94,West,Pune,UPI
ORD102185,2024-11-28,CUST02087,29.0,Female,Consumer,Clothing,Women's Jeans,1902.23,1,0.15,1616.9,474.99,South,Chennai,UPI
ORD101865,2024-11-28,CUST00513,36.0,Male,Consumer,Clothing,Men's T-Shirt,1277.39,1,0.0,1277.39,433.21,West,Ahmedabad,
ORD103801,2024-11-28,CUST00561,28.0,Female,Consumer,Electronics,Smartphone Case,2761.46,1,0.1,2485.31,407.85,South,Chennai,Net Banking
ORD104857,2024-11-28,CUST00423,48.0,Female,Corporate,Electronics,USB-C Cable,5412.29,1,0.15,4600.45,931.07,Central,Bhopal,Cash on Delivery
ORD103930,2024-11-28,CUST01680,23.0,Female,Corporate,Home & Kitchen,Water Bottle,2603.54,2,0.15,4426.02,433.14,West,Surat,Debit Card
ORD105188,2024-11-28,CUST00070,45.0,Female,Small Business,Sports & Outdoors,Dumbbell Set,4604.64,1,0.05,4374.41,756.14,South,Hyderabad,Credit Card
ORD106193,2024-11-28,CUST02082,20.0,Female,Small Business,Sports & Outdoors,Camping Tent,3820.24,1,0.1,3438.22,1153.57,West,Mumbai,Debit Card
ORD103364,2024-11-28,CUST01646,18.0,Male,Small Business,Sports & Outdoors,Football,4479.3,1,0.2,3583.44,632.78,West,Mumbai,Debit Card
ORD103515,2024-11-28,CUST01516,24.0,Female,Corporate,Clothing,Formal Shirt,2440.06,1,0.0,2440.06,1084.36,East,Kolkata,UPI
ORD101052,2024-11-28,CUST00700,32.0,Female,Small Business,Home & Kitchen,Storage Rack,3420.97,2,0.05,6499.84,2054.97,East,Patna,UPI
ORD100720,2024-11-28,CUST01142,44.0,Female,Corporate,Books & Stationery,Notebook Pack,460.94,2,0.2,737.5,190.35,Central,Raipur,Net Banking
ORD105278,2024-11-29,CUST00268,18.0,Female,Consumer,Electronics,Power Bank,6389.56,1,0.0,6389.56,2590.02,East,Patna,Debit Card
ORD104269,2024-11-29,CUST01232,18.0,Male,Consumer,Electronics,Webcam,5350.58,1,0.1,4815.52,1250.19,North,Chandigarh,UPI
ORD100358,2024-11-29,CUST00844,44.0,Male,Corporate,Electronics,Bluetooth Speaker,5041.71,1,0.05,4789.62,1724.1,North,Lucknow,Credit Card
ORD106409,2024-11-29,CUST00341,36.0,Male,Corporate,Beauty & Personal Care,Trimmer,1795.18,1,0.1,1615.66,575.74,East,Bhubaneswar,UPI
ORD102885,2024-11-29,CUST01489,33.0,Female,Consumer,Electronics,Bluetooth Speaker,7773.71,1,0.0,7773.71,3465.27,Central,Bhopal,Credit Card
ORD101975,2024-11-29,CUST00579,18.0,Female,Small Business,Clothing,Running Shoes,1859.86,1,0.0,1859.86,562.13,North,Chandigarh,Credit Card
ORD100751,2024-11-29,CUST01170,23.0,Male,Corporate,Clothing,Kids Hoodie,2732.42,1,0.05,2595.8,581.22,South,Kochi,Debit Card
ORD104311,2024-11-29,CUST01076,59.0,Female,Corporate,Beauty & Personal Care,Hair Dryer,702.55,1,0.15,597.17,164.09,South,Bengaluru,Net Banking
ORD100240,2024-11-29,CUST00045,19.0,Female,Consumer,Home & Kitchen,Air Fryer,4526.34,1,0.1,4073.71,1308.44,North,Jaipur,UPI
ORD105762,2024-11-29,CUST01349,40.0,Male,Consumer,Home & Kitchen,Mixer Grinder,603.16,1,0.05,573.0,157.59,West,Surat,UPI
ORD104301,2024-11-29,CUST01351,23.0,Male,Consumer,Beauty & Personal Care,Hair Dryer,279.99,2,0.0,559.98,239.47,South,Chennai,Credit Card
ORD100052,2024-11-29,CUST00449,18.0,Male,Consumer,Home & Kitchen,Ceramic Mug Set,1285.45,2,0.0,2570.9,631.91,East,Kolkata,Cash on Delivery
ORD102734,2024-11-30,CUST02061,57.0,Male,Consumer,Clothing,Summer Dress,582.5,1,0.1,524.25,73.19,South,Chennai,UPI
ORD104945,2024-11-30,CUST00976,21.0,Other,Corporate,Beauty & Personal Care,Trimmer,1611.66,3,0.0,4834.98,1013.44,South,Bengaluru,UPI
ORD100364,2024-11-30,CUST01773,18.0,Male,Consumer,Beauty & Personal Care,Hair Dryer,1310.11,3,0.1,3537.3,1033.14,East,Kolkata,Debit Card
ORD106431,2024-11-30,CUST00186,25.0,Female,Consumer,Home & Kitchen,LED Table Lamp,5975.48,1,0.1,5377.93,1783.45,East,Kolkata,Credit Card
ORD104509,2024-11-30,CUST01700,18.0,Male,Consumer,Home & Kitchen,Air Fryer,5009.93,2,0.1,9017.87,1930.13,South,Kochi,UPI
ORD103196,2024-11-30,CUST00806,35.0,Female,Small Business,Electronics,Power Bank,8890.7,3,0.0,26672.1,10225.88,South,Hyderabad,Cash on Delivery
ORD101090,2024-11-30,CUST00159,38.0,Male,Consumer,Home & Kitchen,Mixer Grinder,3451.37,1,0.25,2588.53,513.82,North,Lucknow,
ORD105185,2024-11-30,CUST01208,32.0,Female,Small Business,Clothing,Winter Jacket,871.69,1,0.0,871.69,286.83,North,Delhi,Debit Card
ORD105552,2024-11-30,CUST01063,48.0,Male,Consumer,Clothing,Men's T-Shirt,1674.3,3,0.0,5022.9,1935.68,North,Chandigarh,Net Banking
ORD102344,2024-11-30,CUST00427,41.0,Female,Consumer,Beauty & Personal Care,Trimmer,426.73,2,0.0,853.46,363.17,South,Chennai,UPI
ORD100134,2024-11-30,CUST00844,44.0,Male,Corporate,Electronics,Smartwatch,4538.03,1,0.15,3857.33,958.73,Central,Nagpur,Cash on Delivery
ORD103454,2024-11-30,CUST00393,18.0,Male,Consumer,Home & Kitchen,Water Bottle,2857.62,1,0.15,2428.98,773.01,North,Chandigarh,Debit Card
ORD101844,2024-11-30,CUST00329,49.0,Female,Corporate,Sports & Outdoors,Dumbbell Set,6388.94,3,0.2,15333.46,2414.29,West,Mumbai,Credit Card
ORD104682,2024-11-30,CUST00363,29.0,Female,Consumer,Books & Stationery,Desk Organizer,867.91,1,0.1,781.12,248.72,Central,Raipur,UPI
ORD101223,2024-12-01,CUST01934,50.0,Male,Small Business,Clothing,Women's Jeans,1299.9,2,0.15,2209.83,666.09,Central,Nagpur,UPI
ORD104624,2024-12-01,CUST01605,24.0,Female,Consumer,Electronics,USB-C Cable,4950.45,4,0.25,14851.35,756.51,West,Pune,Cash on Delivery
ORD103079,2024-12-01,CUST00123,38.0,Female,Consumer,Beauty & Personal Care,Trimmer,1795.11,1,0.0,1795.11,501.55,North,Delhi,UPI
ORD102482,2024-12-01,CUST00872,39.0,Female,Consumer,Clothing,Winter Jacket,1076.88,2,0.05,2046.07,819.18,North,Chandigarh,Debit Card
ORD101012,2024-12-01,CUST01684,38.0,Female,Consumer,Sports & Outdoors,Camping Tent,577.75,1,0.05,548.86,197.09,Central,Raipur,Credit Card
ORD101024,2024-12-01,CUST00244,20.0,Female,Consumer,Clothing,Winter Jacket,2366.52,1,0.1,2129.87,618.89,East,Kolkata,UPI
ORD102802,2024-12-01,CUST01170,23.0,Male,Corporate,Electronics,Wireless Earbuds,1218.98,1,0.1,1097.08,241.19,North,Delhi,Debit Card
ORD106358,2024-12-01,CUST01202,49.0,Female,Consumer,Sports & Outdoors,Cycling Helmet,3873.34,2,0.15,6584.68,1785.3,Central,Bhopal,UPI
ORD103026,2024-12-01,CUST01186,20.0,Male,Small Business,Furniture,Bookshelf,3596.5,1,0.15,3057.02,1036.35,Central,Raipur,UPI
ORD101084,2024-12-01,CUST01393,37.0,Female,Consumer,Clothing,Kids Hoodie,311.45,1,0.05,295.88,97.98,North,Chandigarh,UPI
ORD100535,2024-12-01,CUST00568,52.0,Female,Consumer,Beauty & Personal Care,Trimmer,564.1,2,0.25,846.15,218.45,West,Ahmedabad,Debit Card
ORD106109,2024-12-01,CUST01676,18.0,Male,Consumer,Electronics,Smartphone Case,4800.27,1,0.0,4800.27,1128.79,Central,Nagpur,Credit Card
ORD101448,2024-12-01,CUST00817,18.0,Other,Consumer,Electronics,USB-C Cable,7255.77,1,0.0,7255.77,2573.32,Central,Bhopal,Debit Card
ORD105335,2024-12-01,CUST01159,27.0,Male,Small Business,Clothing,Women's Jeans,2006.99,1,0.05,1906.64,504.13,Central,Nagpur,Credit Card
ORD106149,2024-12-02,CUST01253,34.0,Female,Small Business,Electronics,Smartwatch,3049.59,4,0.0,12198.36,3682.21,East,Kolkata,UPI
ORD103920,2024-12-02,CUST00364,29.0,Female,Small Business,Books & Stationery,Fiction Novel,307.86,1,0.25,230.9,-8.24,West,Surat,UPI
ORD104394,2024-12-02,CUST01900,37.0,Other,Consumer,Sports & Outdoors,Yoga Mat,4647.66,2,0.0,9295.32,3945.08,South,Kochi,Debit Card
ORD103076,2024-12-02,CUST00655,26.0,Female,Consumer,Electronics,Smartphone Case,7043.95,1,0.15,5987.36,987.63,North,Jaipur,Cash on Delivery
ORD104640,2024-12-02,CUST00376,35.0,Male,Small Business,Furniture,Bookshelf,3279.96,1,0.2,2623.97,16.67,North,Chandigarh,Debit Card
ORD105713,2024-12-02,CUST00252,40.0,Male,Small Business,Books & Stationery,Desk Organizer,858.61,1,0.1,772.75,88.3,West,Pune,Debit Card
ORD102871,2024-12-02,CUST01795,27.0,Other,Consumer,Electronics,Wireless Earbuds,3682.57,1,0.05,3498.44,1185.93,Central,Bhopal,UPI
ORD102053,2024-12-02,CUST01545,26.0,Male,Consumer,Beauty & Personal Care,Perfume,1606.51,1,0.05,1526.18,282.65,South,Hyderabad,Credit Card
ORD104127,2024-12-02,CUST01630,37.0,Female,Consumer,Books & Stationery,Notebook Pack,337.7,2,0.1,607.86,77.67,North,Jaipur,Credit Card
ORD100869,2024-12-02,CUST01266,18.0,Male,Consumer,Home & Kitchen,Water Bottle,494.36,1,0.2,395.49,123.31,South,Bengaluru,UPI
ORD105961,2024-12-03,CUST01828,23.0,Female,Consumer,Books & Stationery,Notebook Pack,176.8,1,0.0,176.8,38.1,Central,Nagpur,UPI
ORD100445,2024-12-03,CUST01383,49.0,Male,Corporate,Electronics,Smartwatch,5638.16,4,0.05,21425.01,5146.66,East,Bhubaneswar,Debit Card
ORD100917,2024-12-03,CUST01451,22.0,Male,Small Business,Clothing,Formal Shirt,1518.9,2,0.05,2885.91,1190.11,South,Kochi,Net Banking
ORD102968,2024-12-03,CUST00485,53.0,Male,Consumer,Clothing,Winter Jacket,2844.17,1,0.2,2275.34,575.56,South,Kochi,Cash on Delivery
ORD105341,2024-12-03,CUST00144,48.0,Female,Consumer,Clothing,Winter Jacket,2211.36,1,0.2,1769.09,471.95,South,Kochi,UPI
ORD104846,2024-12-03,CUST00280,18.0,Male,Consumer,Clothing,Kids Hoodie,908.06,2,0.1,1634.51,451.88,North,Lucknow,Credit Card
ORD103704,2024-12-03,CUST01431,46.0,Male,Small Business,Electronics,Bluetooth Speaker,7257.11,2,0.1,13062.8,4110.42,West,Surat,Cash on Delivery
ORD105210,2024-12-03,CUST00825,34.0,Female,Corporate,Books & Stationery,Desk Organizer,536.83,1,0.15,456.31,102.67,West,Mumbai,Cash on Delivery
ORD106426,2024-12-03,CUST00470,38.0,Male,Corporate,Clothing,Women's Jeans,2380.24,1,0.25,1785.18,255.59,West,Mumbai,Cash on Delivery
ORD100789,2024-12-03,CUST00006,38.0,Female,Consumer,Electronics,Bluetooth Speaker,2756.26,1,0.0,2756.26,741.44,South,Chennai,UPI
ORD106205,2024-12-03,CUST01377,18.0,Female,Consumer,Sports & Outdoors,Cricket Bat,5005.13,1,0.0,5005.13,1844.55,West,Mumbai,Cash on Delivery
ORD102553,2024-12-03,CUST02099,21.0,Female,Corporate,Clothing,Formal Shirt,1401.67,1,0.15,1191.42,403.82,West,Pune,Credit Card
ORD106462,2024-12-04,CUST01724,21.0,Male,Consumer,Home & Kitchen,LED Table Lamp,4523.28,1,0.2,3618.62,97.33,North,Delhi,UPI
ORD101079,2024-12-04,CUST00508,25.0,Male,Corporate,Clothing,Summer Dress,1143.78,1,0.0,1143.78,303.38,South,Kochi,UPI
ORD100411,2024-12-04,CUST01859,27.0,Male,Consumer,Clothing,Running Shoes,2517.62,1,0.25,1888.22,236.56,South,Chennai,Cash on Delivery
ORD106051,2024-12-04,CUST00236,,Female,Small Business,Electronics,Bluetooth Speaker,8452.08,1,0.0,8452.08,2636.1,North,Lucknow,Debit Card
ORD100488,2024-12-04,CUST00815,42.0,Male,Consumer,Home & Kitchen,LED Table Lamp,5670.88,1,0.0,5670.88,1194.44,South,Kochi,UPI
ORD100575,2024-12-04,CUST00802,46.0,Female,Corporate,Clothing,Summer Dress,1201.01,1,0.0,1201.01,347.48,South,Bengaluru,Credit Card
ORD104468,2024-12-04,CUST01166,39.0,Female,Small Business,Electronics,Bluetooth Speaker,6374.8,1,0.1,5737.32,695.88,Central,Nagpur,UPI
ORD102862,2024-12-04,CUST01086,28.0,Female,Corporate,Home & Kitchen,Bedsheet Set,3846.53,1,0.0,3846.53,1041.71,West,Surat,Credit Card
ORD100033,2024-12-04,CUST00457,38.0,Male,Consumer,Clothing,Sports Cap,1893.77,4,0.05,7196.33,2283.64,North,Chandigarh,Cash on Delivery
ORD104406,2024-12-04,CUST01254,56.0,Female,Consumer,Electronics,Bluetooth Speaker,852.52,1,0.25,639.39,101.62,West,Pune,Cash on Delivery
ORD106070,2024-12-04,CUST00711,49.0,Male,Consumer,Furniture,Bean Bag,13961.27,1,0.0,13961.27,2985.39,West,Mumbai,Cash on Delivery
ORD100998,2024-12-04,CUST00731,28.0,Female,Corporate,Home & Kitchen,Non-Stick Pan,2827.13,1,0.1,2544.42,350.47,South,Hyderabad,UPI
ORD100508,2024-12-04,CUST01779,37.0,Female,Consumer,Beauty & Personal Care,Lipstick,463.77,1,0.0,463.77,198.29,South,Bengaluru,Cash on Delivery
ORD102274,2024-12-05,CUST01058,33.0,Male,Consumer,Clothing,Summer Dress,2323.99,2,0.05,4415.58,1677.64,North,Lucknow,Cash on Delivery
ORD104325,2024-12-05,CUST00384,35.0,Male,Consumer,Furniture,Bean Bag,5892.47,2,0.05,11195.69,3610.13,West,Pune,UPI
ORD102638,2024-12-05,CUST02084,60.0,Male,Consumer,Sports & Outdoors,Camping Tent,6687.11,2,0.05,12705.51,3217.9,East,Bhubaneswar,Net Banking
ORD102843,2024-12-05,CUST00004,38.0,Female,Small Business,Home & Kitchen,LED Table Lamp,1564.79,1,0.05,1486.55,343.75,North,Delhi,Debit Card
ORD101220,2024-12-05,CUST01930,31.0,Female,Consumer,Furniture,Study Table,3375.96,1,0.15,2869.57,641.87,North,Lucknow,UPI
ORD102788,2024-12-05,CUST01591,33.0,Female,Consumer,Furniture,Bean Bag,3107.94,1,0.1,2797.15,403.89,North,Chandigarh,Cash on Delivery
ORD104920,2024-12-05,CUST01190,59.0,Female,Consumer,Clothing,Formal Shirt,1336.97,2,0.15,2272.85,750.89,Central,Bhopal,UPI
ORD106326,2024-12-05,CUST01056,18.0,Other,Corporate,Clothing,Kids Hoodie,708.99,1,0.0,708.99,178.19,East,Kolkata,UPI
ORD101427,2024-12-05,CUST01800,34.0,Female,Consumer,Books & Stationery,Sketch Pens,650.3,2,0.05,1235.57,489.66,East,Patna,Cash on Delivery
ORD100001,2024-12-05,CUST02049,37.0,Female,Small Business,Electronics,Webcam,5854.41,1,0.15,4976.25,567.29,South,Bengaluru,Credit Card
ORD106292,2024-12-05,CUST00880,30.0,Female,Consumer,Clothing,Kids Hoodie,849.02,1,0.0,849.02,240.92,South,Kochi,Credit Card
ORD103128,2024-12-05,CUST01674,23.0,Female,Corporate,Home & Kitchen,Water Bottle,3959.65,2,0.0,7919.3,2337.81,South,Kochi,UPI
ORD100412,2024-12-05,CUST01352,31.0,Male,Corporate,Clothing,Women's Jeans,2003.44,1,0.0,2003.44,832.98,South,Kochi,UPI
ORD103590,2024-12-05,CUST00443,23.0,Male,Small Business,Beauty & Personal Care,Hair Dryer,1488.72,1,0.25,1116.54,39.3,North,Chandigarh,UPI
ORD101550,2024-12-05,CUST00004,38.0,Female,Small Business,Furniture,Study Table,11800.18,1,0.15,10030.15,703.49,North,Chandigarh,UPI
ORD103059,2024-12-05,CUST01968,41.0,Male,Corporate,Books & Stationery,Sketch Pens,216.5,1,0.05,205.68,71.59,North,Jaipur,Cash on Delivery
ORD106486,2024-12-05,CUST01530,20.0,Male,Consumer,Furniture,Bookshelf,1598.05,1,0.0,1598.05,431.69,North,Delhi,Credit Card
ORD105443,2024-12-06,CUST00648,37.0,Male,Corporate,Books & Stationery,Sketch Pens,836.84,1,0.1,753.16,135.9,East,Bhubaneswar,Cash on Delivery
ORD104635,2024-12-06,CUST00001,33.0,Male,Small Business,Furniture,Bookshelf,8979.19,1,0.05,8530.23,2844.31,East,Kolkata,UPI
ORD105022,2024-12-06,CUST01890,33.0,Male,Consumer,Sports & Outdoors,Dumbbell Set,5370.49,1,0.1,4833.44,1778.98,East,Bhubaneswar,Credit Card
ORD103192,2024-12-06,CUST00068,18.0,Female,Consumer,Electronics,Smartphone Case,1385.57,1,0.2,1108.46,50.14,East,Patna,Debit Card
ORD104841,2024-12-06,CUST00377,18.0,Female,Small Business,Sports & Outdoors,Dumbbell Set,6693.71,1,0.1,6024.34,1632.33,West,Pune,UPI
ORD105898,2024-12-06,CUST00299,41.0,Male,Corporate,Electronics,USB-C Cable,7931.07,1,0.0,7931.07,2855.98,North,Lucknow,UPI
ORD105975,2024-12-06,CUST01134,49.0,Female,Small Business,Electronics,Webcam,7717.57,1,0.0,7717.57,2740.33,Central,Nagpur,Debit Card
ORD102938,2024-12-06,CUST00682,63.0,Female,Corporate,Clothing,Winter Jacket,2253.99,1,0.05,2141.29,777.97,West,Mumbai,UPI
ORD104791,2024-12-06,CUST01093,49.0,Female,Corporate,Electronics,USB-C Cable,8032.0,1,0.0,8032.0,2252.12,North,Lucknow,Cash on Delivery
ORD100324,2024-12-07,CUST01393,37.0,Female,Consumer,Clothing,Summer Dress,1216.13,1,0.1,1094.52,336.41,North,Chandigarh,Credit Card
ORD102555,2024-12-07,CUST00943,28.0,Female,Consumer,Clothing,Kids Hoodie,1124.46,1,0.0,1124.46,274.26,East,Patna,Credit Card
ORD102427,2024-12-07,CUST00953,48.0,Female,Corporate,Clothing,Winter Jacket,674.6,3,0.05,1922.61,692.7,West,Mumbai,UPI
ORD102325,2024-12-07,CUST01400,30.0,Female,Consumer,Clothing,Sports Cap,1864.94,3,0.15,4755.6,479.97,Central,Nagpur,Credit Card
ORD101512,2024-12-07,CUST00177,40.0,Female,Corporate,Beauty & Personal Care,Sunscreen SPF50,1360.11,1,0.0,1360.11,504.09,Central,Bhopal,Credit Card
ORD105459,2024-12-07,CUST01139,35.0,Female,Small Business,Books & Stationery,Planner Diary,188.39,2,0.0,376.78,141.11,Central,Raipur,Debit Card
ORD100241,2024-12-07,CUST01206,29.0,Female,Consumer,Clothing,Winter Jacket,2833.75,1,0.15,2408.69,516.87,South,Bengaluru,Cash on Delivery
ORD101773,2024-12-07,CUST01389,26.0,Female,Small Business,Clothing,Summer Dress,1192.15,1,0.05,1132.54,223.46,West,Pune,Net Banking
ORD104807,2024-12-07,CUST01072,30.0,Female,Corporate,Clothing,Women's Jeans,540.94,1,0.25,405.71,53.34,West,Pune,Net Banking
ORD104271,2024-12-07,CUST00940,24.0,Female,Consumer,Clothing,Sports Cap,2409.56,1,0.1,2168.6,701.64,West,Mumbai,Debit Card
ORD100540,2024-12-07,CUST01962,34.0,Female,Consumer,Furniture,Study Table,10835.56,1,0.1,9752.0,1217.25,North,Lucknow,UPI
ORD101121,2024-12-07,CUST00255,27.0,Female,Consumer,Electronics,Wireless Earbuds,2435.23,1,0.05,2313.47,833.38,South,Hyderabad,UPI
ORD104840,2024-12-07,CUST00574,33.0,Male,Consumer,Home & Kitchen,Water Bottle,3044.13,2,0.25,4566.2,599.48,Central,Raipur,Debit Card
ORD102733,2024-12-08,CUST00132,18.0,Female,Consumer,Sports & Outdoors,Yoga Mat,2733.45,1,0.1,2460.1,473.78,West,Mumbai,Credit Card
ORD101996,2024-12-08,CUST01279,48.0,Male,Consumer,Clothing,Summer Dress,2497.83,1,0.05,2372.94,637.01,West,Surat,Debit Card
ORD103091,2024-12-08,CUST01892,48.0,Male,Small Business,Clothing,Winter Jacket,997.54,2,0.1,1795.57,203.49,West,Mumbai,Credit Card
ORD104158,2024-12-08,CUST01451,22.0,Male,Small Business,Home & Kitchen,LED Table Lamp,3234.13,1,0.1,2910.72,983.63,East,Bhubaneswar,Cash on Delivery
ORD102503,2024-12-08,CUST00658,32.0,Male,Consumer,Clothing,Women's Jeans,2868.73,4,0.0,11474.92,4614.02,Central,Bhopal,Cash on Delivery
ORD102527,2024-12-08,CUST00286,25.0,Male,Small Business,Home & Kitchen,Ceramic Mug Set,907.01,1,0.1,816.31,246.43,North,Chandigarh,UPI
ORD101623,2024-12-08,CUST01663,41.0,Female,Corporate,Sports & Outdoors,Yoga Mat,3020.17,1,0.2,2416.14,240.05,West,Pune,UPI
ORD101906,2024-12-08,CUST00213,42.0,Female,Corporate,Electronics,USB-C Cable,1754.56,2,0.05,3333.66,648.94,North,Jaipur,UPI
ORD105402,2024-12-08,CUST01092,31.0,Male,Consumer,Clothing,Summer Dress,332.92,2,0.0,665.84,211.72,South,Chennai,UPI
ORD103882,2024-12-08,CUST01665,29.0,Male,Consumer,Electronics,Webcam,3624.15,1,0.1,3261.74,373.75,West,Ahmedabad,UPI
ORD104353,2024-12-08,CUST01732,27.0,Male,Small Business,Clothing,Women's Jeans,2773.76,2,0.1,4992.77,1475.04,South,Kochi,UPI
ORD102646,2024-12-08,CUST00077,42.0,Male,Consumer,Electronics,Webcam,3852.69,1,0.0,3852.69,1427.28,West,Surat,Debit Card
ORD101800,2024-12-08,CUST01401,33.0,Female,Consumer,Home & Kitchen,Ceramic Mug Set,786.67,1,0.1,708.0,178.27,West,Surat,UPI
ORD104968,2024-12-08,CUST01970,63.0,Male,Consumer,Furniture,Bookshelf,14245.6,1,0.05,13533.32,4749.76,West,Surat,Net Banking
ORD104421,2024-12-08,CUST01932,,Female,Consumer,Clothing,Men's T-Shirt,624.95,1,0.0,624.95,260.29,West,Pune,Debit Card
ORD102765,2024-12-08,CUST01009,21.0,Male,Consumer,Clothing,Formal Shirt,2895.24,1,0.1,2605.72,293.83,North,Lucknow,Cash on Delivery
ORD105674,2024-12-08,CUST01655,34.0,Female,Small Business,Home & Kitchen,Storage Rack,2673.3,1,0.0,2673.3,711.18,West,Ahmedabad,Credit Card
ORD104608,2024-12-08,CUST00480,20.0,Male,Consumer,Electronics,Laptop Stand,4900.73,1,0.0,4900.73,1029.87,West,Ahmedabad,
ORD105851,2024-12-09,CUST01029,38.0,Male,Consumer,Home & Kitchen,Bedsheet Set,4276.74,1,0.1,3849.07,1134.36,West,Mumbai,UPI
ORD104386,2024-12-09,CUST00281,46.0,Male,Small Business,Clothing,Men's T-Shirt,1705.36,1,0.25,1279.02,233.98,South,Bengaluru,Cash on Delivery
ORD101756,2024-12-09,CUST01359,61.0,Male,Consumer,Home & Kitchen,Bedsheet Set,2743.97,1,0.0,2743.97,887.08,South,Chennai,UPI
ORD105317,2024-12-09,CUST00801,35.0,Male,Consumer,Clothing,Kids Hoodie,1407.89,2,0.0,2815.78,1166.14,Central,Raipur,Cash on Delivery
ORD103237,2024-12-09,CUST01923,21.0,Male,Consumer,Books & Stationery,Notebook Pack,196.93,5,0.25,738.49,6.97,East,Kolkata,UPI
ORD103476,2024-12-10,CUST01085,35.0,Male,Consumer,Electronics,Bluetooth Speaker,5482.57,1,0.05,5208.44,1941.43,East,Bhubaneswar,Cash on Delivery
ORD105982,2024-12-10,CUST01011,27.0,Male,Consumer,Sports & Outdoors,Football,4902.0,1,0.0,4902.0,1018.21,South,Bengaluru,UPI
ORD100843,2024-12-10,CUST00752,25.0,Female,Consumer,Clothing,Sports Cap,2664.66,1,0.25,1998.5,293.68,South,Kochi,Credit Card
ORD103696,2024-12-10,CUST00240,48.0,Male,Consumer,Home & Kitchen,Water Bottle,5871.83,3,0.1,15853.94,4242.93,East,Bhubaneswar,UPI
ORD102434,2024-12-10,CUST00855,51.0,Female,Consumer,Furniture,Coffee Table,2929.72,1,0.0,2929.72,786.44,North,Delhi,Debit Card
ORD104677,2024-12-10,CUST01746,19.0,Female,Small Business,Clothing,Running Shoes,2077.34,1,0.0,2077.34,845.01,West,Mumbai,UPI
ORD104932,2024-12-10,CUST01782,24.0,Female,Consumer,Furniture,Coffee Table,13532.72,1,0.15,11502.81,2647.77,West,Pune,Credit Card
ORD102786,2024-12-10,CUST01013,44.0,Male,Consumer,Home & Kitchen,Storage Rack,1155.9,1,0.05,1098.1,343.95,East,Patna,Credit Card
ORD100366,2024-12-10,CUST01606,35.0,Male,Consumer,Sports & Outdoors,Yoga Mat,3005.74,1,0.15,2554.88,353.67,South,Bengaluru,Debit Card
ORD102803,2024-12-10,CUST00610,40.0,Female,Corporate,Clothing,Running Shoes,630.68,1,0.0,630.68,242.74,East,Patna,Cash on Delivery
ORD105344,2024-12-10,CUST00244,20.0,Female,Consumer,Clothing,Men's T-Shirt,2378.96,1,0.05,2260.01,783.56,Central,Bhopal,UPI
ORD101180,2024-12-11,CUST01048,37.0,Male,Consumer,Electronics,Smartwatch,2059.89,2,0.0,4119.78,1817.6,South,Bengaluru,Cash on Delivery
ORD102738,2024-12-11,CUST01639,38.0,Male,Small Business,Clothing,Women's Jeans,406.33,1,0.0,406.33,114.32,Central,Raipur,Credit Card
ORD100140,2024-12-11,CUST01355,18.0,Male,Small Business,Electronics,USB-C Cable,7867.68,1,0.0,7867.68,2061.66,North,Chandigarh,Net Banking
ORD101544,2024-12-11,CUST01255,18.0,Male,Small Business,Clothing,Running Shoes,1423.26,2,0.1,2561.87,899.78,North,Delhi,Debit Card
ORD100313,2024-12-11,CUST01600,25.0,Male,Consumer,Clothing,Winter Jacket,2400.99,2,0.0,4801.98,989.93,Central,Nagpur,Debit Card
ORD101698,2024-12-11,CUST02044,28.0,Female,Consumer,Electronics,Wireless Earbuds,1595.97,1,0.1,1436.37,405.25,East,Kolkata,Net Banking
ORD102213,2024-12-11,CUST02089,40.0,Male,Corporate,Clothing,Sports Cap,1460.76,3,0.0,4382.28,1393.93,South,Bengaluru,Net Banking
ORD100469,2024-12-11,CUST00038,42.0,Female,Corporate,Clothing,Men's T-Shirt,2040.4,1,0.1,1836.36,268.31,West,Pune,Debit Card
ORD105313,2024-12-11,CUST00664,18.0,Male,Consumer,Electronics,Smartphone Case,2251.23,1,0.0,2251.23,615.81,West,Ahmedabad,Net Banking
ORD100464,2024-12-11,CUST00078,60.0,Female,Small Business,Home & Kitchen,LED Table Lamp,5089.6,2,0.1,9161.28,1997.33,West,Ahmedabad,Debit Card
ORD105658,2024-12-11,CUST00032,31.0,Female,Small Business,Home & Kitchen,Storage Rack,2271.11,2,0.0,4542.22,1745.35,West,Ahmedabad,UPI
ORD106005,2024-12-11,CUST01646,18.0,Male,Small Business,Beauty & Personal Care,Trimmer,1465.23,1,0.2,1172.18,305.71,East,Patna,Credit Card
ORD102020,2024-12-12,CUST01565,26.0,Male,Consumer,Clothing,Formal Shirt,595.63,1,0.0,595.63,193.56,West,Ahmedabad,Net Banking
ORD102091,2024-12-12,CUST01106,31.0,Female,Corporate,Clothing,Sports Cap,2136.52,1,0.15,1816.04,249.52,North,Chandigarh,Debit Card
ORD104203,2024-12-12,CUST00675,31.0,Female,Consumer,Furniture,Bean Bag,7510.56,1,0.15,6383.98,1229.71,North,Delhi,UPI
ORD102625,2024-12-12,CUST00255,27.0,Female,Consumer,Books & Stationery,Planner Diary,249.05,2,0.25,373.58,64.89,Central,Bhopal,Cash on Delivery
ORD100248,2024-12-12,CUST00497,39.0,Male,Small Business,Home & Kitchen,Water Bottle,5254.49,1,0.05,4991.77,1178.8,Central,Raipur,Credit Card
ORD105134,2024-12-12,CUST01858,20.0,Female,Consumer,Sports & Outdoors,Camping Tent,3888.37,1,0.15,3305.11,416.8,West,Mumbai,UPI
ORD102415,2024-12-12,CUST00035,18.0,Female,Corporate,Beauty & Personal Care,Face Wash,1103.91,1,0.0,1103.91,321.45,North,Lucknow,Net Banking
ORD105798,2024-12-12,CUST00644,54.0,Male,Corporate,Sports & Outdoors,Cycling Helmet,808.96,1,0.05,768.51,290.91,South,Bengaluru,Debit Card
ORD102471,2024-12-12,CUST00598,29.0,Female,Small Business,Clothing,Winter Jacket,2307.59,1,0.05,2192.21,877.38,East,Bhubaneswar,
ORD102694,2024-12-12,CUST02017,18.0,Female,Consumer,Beauty & Personal Care,Trimmer,1785.37,1,0.0,1785.37,793.3,South,Hyderabad,Debit Card
ORD103709,2024-12-12,CUST00578,30.0,Male,Corporate,Home & Kitchen,Non-Stick Pan,4974.62,1,0.25,3730.96,574.93,South,Chennai,Net Banking
ORD106288,2024-12-13,CUST01150,44.0,Male,Small Business,Electronics,Power Bank,7943.81,2,0.15,13504.48,1481.39,North,Jaipur,Debit Card
ORD102636,2024-12-13,CUST01768,26.0,Male,Small Business,Home & Kitchen,Bedsheet Set,2331.11,1,0.0,2331.11,600.94,South,Hyderabad,Cash on Delivery
ORD104906,2024-12-13,CUST01561,23.0,Male,Consumer,Clothing,Sports Cap,1643.46,1,0.05,1561.29,322.39,North,Jaipur,UPI
ORD101700,2024-12-13,CUST00652,34.0,Female,Corporate,Sports & Outdoors,Football,2246.5,1,0.0,2246.5,757.83,South,Chennai,Debit Card
ORD105792,2024-12-13,CUST01908,51.0,Female,Consumer,Furniture,Coffee Table,11788.78,1,0.0,11788.78,2423.82,West,Mumbai,Credit Card
ORD105406,2024-12-13,CUST00626,49.0,Male,Consumer,Home & Kitchen,Bedsheet Set,4830.04,2,0.15,8211.07,1051.45,Central,Raipur,UPI
ORD104585,2024-12-13,CUST01833,35.0,Male,Small Business,Home & Kitchen,Storage Rack,894.84,1,0.05,850.1,332.23,East,Kolkata,Cash on Delivery
ORD100717,2024-12-13,CUST01844,22.0,Male,Consumer,Clothing,Kids Hoodie,1686.12,1,0.1,1517.51,251.32,Central,Nagpur,UPI
ORD106081,2024-12-13,CUST00616,34.0,Female,Small Business,Books & Stationery,Desk Organizer,109.69,1,0.05,104.21,19.17,North,Jaipur,Cash on Delivery
ORD103914,2024-12-13,CUST01886,43.0,Female,Small Business,Electronics,Webcam,6154.83,1,0.05,5847.09,2425.97,North,Chandigarh,Cash on Delivery
ORD106494,2024-12-13,CUST00784,39.0,Female,Corporate,Sports & Outdoors,Cricket Bat,652.71,2,0.0,1305.42,474.94,Central,Bhopal,Cash on Delivery
ORD100034,2024-12-13,CUST01542,38.0,Female,Corporate,Clothing,Formal Shirt,341.14,1,0.05,324.08,90.53,South,Bengaluru,Cash on Delivery
ORD105944,2024-12-13,CUST01851,45.0,Female,Corporate,Books & Stationery,Desk Organizer,401.46,1,0.0,401.46,103.8,South,Bengaluru,UPI
ORD101425,2024-12-13,CUST01812,29.0,Male,Corporate,Beauty & Personal Care,Sunscreen SPF50,929.06,1,0.1,836.15,274.21,South,Bengaluru,Credit Card
ORD105109,2024-12-13,CUST01048,37.0,Male,Consumer,Home & Kitchen,Mixer Grinder,5210.4,1,0.2,4168.32,412.06,Central,Bhopal,Credit Card
ORD105334,2024-12-13,CUST00257,52.0,Female,Corporate,Clothing,Summer Dress,1208.72,1,0.25,906.54,155.9,East,Bhubaneswar,Debit Card
ORD104106,2024-12-13,CUST01624,43.0,Female,Consumer,Beauty & Personal Care,Sunscreen SPF50,765.25,3,0.1,2066.18,752.99,West,Mumbai,Debit Card
ORD100247,2024-12-13,CUST01967,47.0,Male,Small Business,Clothing,Sports Cap,2205.83,1,0.1,1985.25,509.03,Central,Raipur,Net Banking
ORD103067,2024-12-13,CUST01503,38.0,Female,Small Business,Electronics,Smartwatch,5560.75,1,0.0,5560.75,1413.01,East,Kolkata,Debit Card
ORD102451,2024-12-13,CUST00006,38.0,Female,Consumer,Clothing,Running Shoes,1717.5,1,0.0,1717.5,400.79,South,Bengaluru,Credit Card
ORD105921,2024-12-13,CUST01428,30.0,Male,Consumer,Home & Kitchen,Storage Rack,2626.39,1,0.0,2626.39,1054.04,East,Patna,Debit Card
ORD106446,2024-12-14,CUST01088,24.0,Male,Consumer,Beauty & Personal Care,Lipstick,752.13,1,0.0,752.13,181.4,East,Bhubaneswar,Credit Card
ORD103055,2024-12-14,CUST00066,40.0,Male,Corporate,Clothing,Sports Cap,2175.08,1,0.2,1740.06,223.0,West,Surat,Cash on Delivery
ORD103528,2024-12-14,CUST00281,46.0,Male,Small Business,Clothing,Kids Hoodie,2031.27,1,0.05,1929.71,775.88,West,Mumbai,Net Banking
ORD104966,2024-12-14,CUST00825,34.0,Female,Corporate,Electronics,Webcam,8161.91,1,0.1,7345.72,1405.45,South,Bengaluru,UPI
ORD105251,2024-12-14,CUST00172,41.0,Female,Consumer,Home & Kitchen,LED Table Lamp,4271.21,1,0.25,3203.41,853.72,West,Mumbai,UPI
ORD101815,2024-12-14,CUST00592,,Female,Small Business,Furniture,Bean Bag,12863.75,1,0.0,12863.75,4634.05,South,Bengaluru,Net Banking
ORD106378,2024-12-14,CUST01304,27.0,Male,Small Business,Electronics,Laptop Stand,3814.01,1,0.1,3432.61,1267.82,Central,Nagpur,Net Banking
ORD101827,2024-12-14,CUST01350,45.0,Female,Corporate,Clothing,Winter Jacket,2521.45,1,0.05,2395.38,685.84,Central,Bhopal,Debit Card
ORD102913,2024-12-14,CUST00198,36.0,Female,Consumer,Home & Kitchen,Air Fryer,2592.06,1,0.15,2203.25,447.16,Central,Raipur,Net Banking
ORD105401,2024-12-14,CUST00445,28.0,Male,Consumer,Electronics,Bluetooth Speaker,3156.22,1,0.1,2840.6,755.6,South,Kochi,Credit Card
ORD103294,2024-12-14,CUST01373,30.0,Male,Small Business,Clothing,Kids Hoodie,314.64,1,0.0,314.64,71.86,Central,Raipur,UPI
ORD102122,2024-12-14,CUST00431,45.0,Female,Consumer,Beauty & Personal Care,Face Wash,1229.32,1,0.05,1167.85,237.5,North,Lucknow,Debit Card
ORD102985,2024-12-14,CUST01207,30.0,Female,Corporate,Sports & Outdoors,Cycling Helmet,1549.3,1,0.1,1394.37,393.07,North,Jaipur,Cash on Delivery
ORD106355,2024-12-14,CUST00796,41.0,Female,Consumer,Clothing,Summer Dress,663.8,1,0.0,663.8,194.44,Central,Nagpur,Credit Card
ORD105387,2024-12-14,CUST01780,21.0,Male,Consumer,Home & Kitchen,Non-Stick Pan,2716.03,1,0.2,2172.82,304.97,East,Patna,Credit Card
ORD101238,2024-12-14,CUST01274,37.0,Male,Corporate,Home & Kitchen,Air Fryer,2699.86,1,0.0,2699.86,896.65,South,Hyderabad,Debit Card
ORD103731,2024-12-14,CUST00006,38.0,Female,Consumer,Clothing,Men's T-Shirt,1677.43,2,0.0,3354.86,787.99,North,Lucknow,Cash on Delivery
ORD105711,2024-12-14,CUST01172,30.0,Male,Consumer,Electronics,Smartwatch,713.44,2,0.05,1355.54,225.78,West,Mumbai,Credit Card
ORD105110,2024-12-15,CUST01400,30.0,Female,Consumer,Clothing,Winter Jacket,1532.66,1,0.05,1456.03,256.19,South,Kochi,Debit Card
ORD102979,2024-12-15,CUST00348,32.0,Female,Small Business,Furniture,Study Table,10305.37,1,0.0,10305.37,2295.29,South,Bengaluru,
ORD100522,2024-12-15,CUST00722,23.0,Male,Consumer,Sports & Outdoors,Camping Tent,2035.12,1,0.05,1933.36,348.44,West,Mumbai,UPI
ORD106183,2024-12-15,CUST00601,31.0,Male,Consumer,Home & Kitchen,Ceramic Mug Set,2244.48,2,0.2,3591.17,860.8,North,Chandigarh,Net Banking
ORD101101,2024-12-15,CUST01591,33.0,Female,Consumer,Furniture,Study Table,8414.88,2,0.25,12622.32,3280.66,South,Hyderabad,Cash on Delivery
ORD103609,2024-12-15,CUST01785,48.0,Male,Corporate,Clothing,Summer Dress,811.26,1,0.1,730.13,110.7,South,Bengaluru,Net Banking
ORD103805,2024-12-15,CUST01315,32.0,Female,Consumer,Books & Stationery,Planner Diary,969.08,2,0.05,1841.25,710.15,South,Chennai,Credit Card
ORD105037,2024-12-15,CUST01264,18.0,Male,Consumer,Furniture,Study Table,8174.98,1,0.0,8174.98,3244.72,South,Bengaluru,UPI
ORD101382,2024-12-15,CUST01292,39.0,Male,Corporate,Home & Kitchen,LED Table Lamp,4051.47,2,0.25,6077.2,-144.81,South,Bengaluru,Net Banking
ORD101388,2024-12-15,CUST00839,35.0,Female,Small Business,Beauty & Personal Care,Sunscreen SPF50,1921.65,1,0.05,1825.57,511.93,South,Kochi,UPI
ORD101197,2024-12-15,CUST00584,34.0,Male,Consumer,Electronics,Laptop Stand,2309.45,1,0.25,1732.09,20.65,South,Kochi,UPI
ORD104314,2024-12-15,CUST01188,46.0,Male,Small Business,Electronics,Webcam,7267.8,1,0.2,5814.24,313.75,South,Bengaluru,Debit Card
ORD100478,2024-12-15,CUST00931,45.0,Female,Corporate,Clothing,Summer Dress,2844.15,1,0.0,2844.15,865.76,East,Kolkata,UPI
ORD100471,2024-12-15,CUST01498,26.0,Female,Consumer,Electronics,Smartwatch,1568.87,4,0.15,5334.16,1759.5,West,Surat,UPI
ORD106473,2024-12-15,CUST01922,20.0,Male,Corporate,Furniture,Bean Bag,10020.82,1,0.1,9018.74,1718.83,West,Mumbai,Net Banking
ORD101440,2024-12-15,CUST01540,20.0,Female,Consumer,Electronics,Power Bank,6251.69,1,0.05,5939.11,1887.67,South,Bengaluru,UPI
ORD100011,2024-12-15,CUST00159,38.0,Male,Consumer,Home & Kitchen,Mixer Grinder,5029.49,1,0.0,5029.49,1017.76,South,Hyderabad,UPI
ORD103041,2024-12-15,CUST00053,,Female,Consumer,Books & Stationery,Planner Diary,359.09,3,0.15,915.68,288.15,Central,Raipur,Cash on Delivery
ORD100678,2024-12-15,CUST00594,29.0,Male,Consumer,Electronics,Webcam,3813.12,1,0.0,3813.12,1494.94,South,Hyderabad,Debit Card
ORD100050,2024-12-15,CUST01578,31.0,Female,Consumer,Home & Kitchen,Storage Rack,4872.43,1,0.0,4872.43,1980.14,East,Bhubaneswar,Net Banking
ORD104249,2024-12-15,CUST00046,29.0,Female,Consumer,Beauty & Personal Care,Sunscreen SPF50,312.02,2,0.15,530.43,56.08,South,Bengaluru,Debit Card
ORD100139,2024-12-16,CUST00189,31.0,Female,Consumer,Beauty & Personal Care,Sunscreen SPF50,1362.51,1,0.2,1090.01,75.21,North,Delhi,UPI
ORD101370,2024-12-16,CUST01398,46.0,Female,Consumer,Home & Kitchen,Air Fryer,4639.43,3,0.25,10438.72,-327.46,North,Chandigarh,Debit Card
ORD101023,2024-12-16,CUST01951,56.0,Male,Small Business,Beauty & Personal Care,Hair Dryer,1779.51,1,0.0,1779.51,369.2,West,Pune,Credit Card
ORD105593,2024-12-16,CUST01483,36.0,Female,Corporate,Clothing,Formal Shirt,2410.59,2,0.25,3615.88,457.74,East,Kolkata,Cash on Delivery
ORD105074,2024-12-16,CUST01546,38.0,Male,Corporate,Clothing,Formal Shirt,1196.88,1,0.0,1196.88,378.59,East,Kolkata,Debit Card
ORD103846,2024-12-16,CUST00626,49.0,Male,Consumer,Home & Kitchen,Storage Rack,4773.04,1,0.05,4534.39,1474.38,North,Delhi,Credit Card
ORD105264,2024-12-16,CUST00860,25.0,Female,Small Business,Electronics,Smartwatch,1728.43,1,0.0,1728.43,437.96,North,Delhi,Credit Card
ORD102033,2024-12-16,CUST01255,18.0,Male,Small Business,Books & Stationery,Planner Diary,971.43,1,0.1,874.29,115.03,North,Delhi,UPI
ORD102286,2024-12-16,CUST00428,33.0,Male,Consumer,Books & Stationery,Fiction Novel,369.64,1,0.0,369.64,109.55,North,Lucknow,Credit Card
ORD101196,2024-12-17,CUST01789,19.0,Male,Small Business,Sports & Outdoors,Cricket Bat,6140.68,1,0.2,4912.54,901.31,South,Chennai,UPI
ORD103506,2024-12-17,CUST00018,43.0,Male,Corporate,Home & Kitchen,LED Table Lamp,3423.38,1,0.0,3423.38,1259.41,East,Patna,Credit Card
ORD103526,2024-12-17,CUST01860,18.0,Female,Corporate,Furniture,Bean Bag,6736.62,1,0.05,6399.79,2505.1,South,Bengaluru,Debit Card
ORD100226,2024-12-17,CUST00471,30.0,Male,Consumer,Beauty & Personal Care,Perfume,889.82,1,0.0,889.82,224.42,East,Bhubaneswar,Debit Card
ORD103970,2024-12-17,CUST01233,18.0,Other,Consumer,Furniture,Bookshelf,14955.48,1,0.05,14207.71,3374.71,East,Patna,Debit Card
ORD102906,2024-12-17,CUST01546,38.0,Male,Corporate,Electronics,Laptop Stand,2313.68,1,0.0,2313.68,543.35,North,Chandigarh,Debit Card
ORD102717,2024-12-17,CUST00427,41.0,Female,Consumer,Clothing,Winter Jacket,2689.88,1,0.0,2689.88,1012.57,North,Lucknow,Debit Card
ORD102701,2024-12-18,CUST02036,40.0,Female,Consumer,Books & Stationery,Fiction Novel,809.77,2,0.0,1619.54,357.84,Central,Bhopal,UPI
ORD100498,2024-12-18,CUST01243,29.0,Female,Consumer,Home & Kitchen,Storage Rack,5658.48,1,0.0,5658.48,1584.79,North,Lucknow,Debit Card
ORD106263,2024-12-18,CUST00321,53.0,Female,Consumer,Beauty & Personal Care,Face Wash,750.49,1,0.05,712.97,209.78,South,Kochi,Debit Card
ORD105570,2024-12-18,CUST01529,53.0,Female,Consumer,Clothing,Formal Shirt,2103.64,1,0.2,1682.91,185.67,North,Lucknow,Net Banking
ORD103952,2024-12-18,CUST00473,39.0,Female,Corporate,Furniture,Office Chair,3123.8,1,0.0,3123.8,1047.31,South,Bengaluru,Credit Card
ORD104689,2024-12-18,CUST01274,37.0,Male,Corporate,Electronics,Power Bank,1193.34,1,0.05,1133.67,371.88,Central,Bhopal,UPI
ORD104990,2024-12-18,CUST01934,50.0,Male,Small Business,Home & Kitchen,Water Bottle,5674.16,1,0.1,5106.74,1547.21,East,Bhubaneswar,Cash on Delivery
ORD105569,2024-12-18,CUST01837,30.0,Female,Consumer,Home & Kitchen,Air Fryer,1679.89,4,0.05,6383.58,2468.98,South,Kochi,Credit Card
ORD101681,2024-12-18,CUST01359,61.0,Male,Consumer,Home & Kitchen,LED Table Lamp,5071.8,1,0.15,4311.03,1421.92,East,Kolkata,UPI
ORD101324,2024-12-18,CUST00510,56.0,Male,Consumer,Furniture,Coffee Table,2282.41,1,0.1,2054.17,593.88,North,Lucknow,UPI
ORD103512,2024-12-18,CUST01048,37.0,Male,Consumer,Books & Stationery,Desk Organizer,293.41,1,0.15,249.4,35.93,East,Patna,Cash on Delivery
ORD105422,2024-12-18,CUST00275,29.0,Female,Corporate,Home & Kitchen,Mixer Grinder,5198.77,1,0.1,4678.89,759.84,South,Kochi,Debit Card
ORD101754,2024-12-18,CUST00370,32.0,Male,Consumer,Furniture,Coffee Table,8261.08,3,0.1,22304.92,4819.5,North,Chandigarh,UPI
ORD100305,2024-12-18,CUST00256,24.0,Male,Consumer,Sports & Outdoors,Dumbbell Set,1448.57,1,0.0,1448.57,299.15,South,Hyderabad,Credit Card
ORD101334,2024-12-18,CUST00192,31.0,Female,Small Business,Clothing,Men's T-Shirt,1480.54,1,0.1,1332.49,394.42,South,Hyderabad,
ORD104980,2024-12-19,CUST02082,20.0,Female,Small Business,Home & Kitchen,LED Table Lamp,609.93,2,0.0,1219.86,524.2,South,Bengaluru,UPI
ORD105204,2024-12-19,CUST01756,25.0,Male,Corporate,Clothing,Men's T-Shirt,2981.38,1,0.0,2981.38,656.95,West,Pune,Debit Card
ORD102200,2024-12-19,CUST00178,31.0,Male,Small Business,Beauty & Personal Care,Hair Dryer,1790.7,1,0.15,1522.1,464.81,North,Lucknow,Debit Card
ORD105458,2024-12-19,CUST01606,35.0,Male,Consumer,Furniture,Study Table,14214.53,1,0.05,13503.8,2216.12,South,Chennai,Credit Card
ORD101466,2024-12-19,CUST01558,34.0,Female,Consumer,Electronics,Wireless Earbuds,4972.5,1,0.1,4475.25,1440.05,West,Pune,UPI
ORD106110,2024-12-19,CUST00001,33.0,Male,Small Business,Electronics,USB-C Cable,2667.41,1,0.05,2534.04,752.55,South,Hyderabad,Credit Card
ORD104578,2024-12-19,CUST01442,36.0,Female,Consumer,Electronics,USB-C Cable,899.56,1,0.1,809.6,257.61,North,Chandigarh,UPI
ORD103096,2024-12-19,CUST01837,30.0,Female,Consumer,Home & Kitchen,Non-Stick Pan,283.6,1,0.1,255.24,93.69,West,Pune,Debit Card
ORD104036,2024-12-19,CUST01773,18.0,Male,Consumer,Clothing,Summer Dress,404.91,2,0.05,769.33,226.8,South,Bengaluru,Debit Card
ORD102805,2024-12-19,CUST00259,34.0,Male,Consumer,Electronics,Laptop Stand,1206.71,1,0.2,965.37,269.28,West,Surat,Cash on Delivery
ORD105357,2024-12-19,CUST01470,28.0,Female,Corporate,Clothing,Sports Cap,2923.78,1,0.1,2631.4,424.81,East,Patna,Cash on Delivery
ORD105797,2024-12-19,CUST01419,29.0,Male,Consumer,Clothing,Women's Jeans,2183.09,2,0.0,4366.18,1352.16,North,Chandigarh,Credit Card
ORD102576,2024-12-20,CUST01995,24.0,Female,Consumer,Home & Kitchen,Storage Rack,696.44,3,0.0,2089.32,857.09,West,Surat,Net Banking
ORD104067,2024-12-20,CUST01361,18.0,Female,Corporate,Home & Kitchen,Non-Stick Pan,1069.6,4,0.05,4064.48,900.62,South,Bengaluru,UPI
ORD103913,2024-12-20,CUST00932,63.0,Female,Corporate,Electronics,USB-C Cable,7684.64,1,0.2,6147.71,1012.67,West,Ahmedabad,Debit Card
ORD105240,2024-12-20,CUST00849,26.0,Female,Corporate,Electronics,Wireless Earbuds,4804.57,1,0.0,4804.57,1126.86,North,Chandigarh,UPI
ORD102165,2024-12-20,CUST00353,46.0,Female,Consumer,Home & Kitchen,Air Fryer,3004.77,1,0.05,2854.53,703.8,South,Hyderabad,Debit Card
ORD106012,2024-12-20,CUST01806,36.0,Male,Corporate,Sports & Outdoors,Cycling Helmet,5880.58,5,0.05,27932.76,4829.02,South,Hyderabad,Cash on Delivery
ORD102963,2024-12-20,CUST01733,43.0,Male,Consumer,Furniture,Bookshelf,8809.35,1,0.0,8809.35,2733.23,East,Kolkata,UPI
ORD104445,2024-12-20,CUST00867,39.0,Male,Consumer,Home & Kitchen,Ceramic Mug Set,2438.37,1,0.1,2194.53,473.61,West,Mumbai,
ORD105807,2024-12-21,CUST01776,38.0,Female,Consumer,Clothing,Men's T-Shirt,2155.34,1,0.0,2155.34,481.58,North,Lucknow,Cash on Delivery
ORD100581,2024-12-21,CUST01612,66.0,Female,Consumer,Books & Stationery,Planner Diary,258.35,1,0.1,232.52,88.74,South,Hyderabad,Cash on Delivery
ORD104850,2024-12-21,CUST00427,41.0,Female,Consumer,Sports & Outdoors,Cricket Bat,3821.35,1,0.25,2866.01,-48.83,Central,Nagpur,Cash on Delivery
ORD103037,2024-12-21,CUST01718,60.0,Female,Corporate,Clothing,Kids Hoodie,2759.55,1,0.15,2345.62,634.35,North,Delhi,UPI
ORD102498,2024-12-21,CUST01377,18.0,Female,Consumer,Electronics,USB-C Cable,1507.71,1,0.1,1356.94,448.03,North,Chandigarh,UPI
ORD102798,2024-12-21,CUST01939,23.0,Male,Corporate,Home & Kitchen,LED Table Lamp,4378.88,4,0.05,16639.74,5756.47,West,Ahmedabad,Cash on Delivery
ORD102791,2024-12-21,CUST00892,32.0,Male,Consumer,Furniture,Bean Bag,8725.12,1,0.1,7852.61,936.19,West,Surat,Credit Card
ORD102782,2024-12-21,CUST01911,23.0,Male,Consumer,Clothing,Men's T-Shirt,2143.31,1,0.2,1714.65,117.7,North,Jaipur,UPI
ORD103789,2024-12-21,CUST01464,31.0,Male,Corporate,Clothing,Winter Jacket,1910.57,1,0.15,1623.98,429.68,East,Patna,Cash on Delivery
ORD102485,2024-12-21,CUST01224,64.0,Female,Consumer,Home & Kitchen,Air Fryer,383.55,2,0.2,613.68,21.32,Central,Bhopal,Cash on Delivery
ORD101171,2024-12-21,CUST00840,43.0,Male,Corporate,Sports & Outdoors,Football,4594.99,1,0.05,4365.24,1774.0,Central,Nagpur,Credit Card
ORD105747,2024-12-21,CUST01237,41.0,Female,Consumer,Furniture,Wardrobe,6378.15,1,0.1,5740.34,1925.24,North,Jaipur,Credit Card
ORD102027,2024-12-21,CUST00471,30.0,Male,Consumer,Clothing,Summer Dress,578.78,2,0.05,1099.68,336.05,South,Chennai,UPI
ORD106347,2024-12-21,CUST00718,41.0,Male,Consumer,Clothing,Men's T-Shirt,1640.27,1,0.05,1558.26,437.18,East,Patna,UPI
ORD103444,2024-12-21,CUST01964,28.0,Female,Small Business,Beauty & Personal Care,Face Wash,1531.48,1,0.1,1378.33,191.4,West,Pune,Debit Card
ORD106266,2024-12-21,CUST01804,25.0,Female,Corporate,Clothing,Summer Dress,2507.05,1,0.05,2381.7,677.79,North,Lucknow,Credit Card
ORD101830,2024-12-21,CUST00226,35.0,Male,Corporate,Electronics,Laptop Stand,3215.57,1,0.2,2572.46,40.27,West,Mumbai,UPI
ORD104327,2024-12-22,CUST02048,49.0,Female,Consumer,Clothing,Men's T-Shirt,1637.85,1,0.0,1637.85,475.78,East,Patna,UPI
ORD105577,2024-12-22,CUST00352,28.0,Male,Consumer,Clothing,Formal Shirt,2373.28,1,0.0,2373.28,617.97,Central,Nagpur,Credit Card
ORD100675,2024-12-22,CUST01716,54.0,Male,Consumer,Electronics,Power Bank,8531.3,1,0.0,8531.3,3370.35,West,Ahmedabad,Net Banking
ORD105286,2024-12-22,CUST00527,46.0,Male,Corporate,Clothing,Winter Jacket,1051.81,2,0.2,1682.9,394.65,East,Bhubaneswar,UPI
ORD105426,2024-12-22,CUST01291,,Female,Consumer,Clothing,Summer Dress,2805.14,1,0.1,2524.63,377.68,South,Kochi,UPI
ORD101718,2024-12-22,CUST00408,32.0,Female,Corporate,Electronics,Power Bank,2649.28,1,0.15,2251.89,545.61,South,Hyderabad,UPI
ORD104699,2024-12-22,CUST00120,27.0,Female,Small Business,Home & Kitchen,Ceramic Mug Set,3177.09,1,0.0,3177.09,1271.83,North,Delhi,UPI
ORD103803,2024-12-22,CUST00016,45.0,Male,Consumer,Home & Kitchen,Mixer Grinder,2795.64,2,0.05,5311.72,1315.25,East,Patna,UPI
ORD102109,2024-12-22,CUST00200,28.0,Male,Small Business,Beauty & Personal Care,Lipstick,176.39,1,0.2,141.11,39.54,Central,Raipur,Credit Card
ORD105201,2024-12-22,CUST00732,30.0,Female,Consumer,Electronics,Power Bank,4636.38,1,0.1,4172.74,469.27,Central,Bhopal,UPI
ORD101228,2024-12-23,CUST00385,42.0,Female,Consumer,Clothing,Running Shoes,2882.45,1,0.0,2882.45,754.24,South,Kochi,Net Banking
ORD105698,2024-12-23,CUST01318,42.0,Female,Consumer,Books & Stationery,Fiction Novel,884.36,2,0.1,1591.85,422.13,West,Mumbai,Debit Card
ORD102124,2024-12-23,CUST01292,,Male,Corporate,Clothing,Women's Jeans,1309.07,1,0.25,981.8,80.2,North,Delhi,Credit Card
ORD100932,2024-12-23,CUST00139,24.0,Female,Corporate,Electronics,Webcam,4744.97,1,0.0,4744.97,1100.95,West,Surat,Cash on Delivery
ORD105165,2024-12-23,CUST01909,47.0,Female,Consumer,Books & Stationery,Notebook Pack,239.46,1,0.1,215.51,53.26,East,Bhubaneswar,Credit Card
ORD105916,2024-12-23,CUST01280,33.0,Female,Consumer,Clothing,Winter Jacket,365.02,1,0.05,346.77,83.39,South,Hyderabad,UPI
ORD101864,2024-12-23,CUST00493,32.0,Female,Consumer,Books & Stationery,Sketch Pens,738.6,3,0.1,1994.22,771.59,South,Kochi,Credit Card
ORD102432,2024-12-23,CUST02065,34.0,Male,Corporate,Furniture,Office Chair,3318.06,2,0.1,5972.51,2201.39,East,Bhubaneswar,Debit Card
ORD101061,2024-12-23,CUST01938,36.0,Male,Consumer,Clothing,Summer Dress,1923.6,4,0.15,6540.24,1912.37,West,Ahmedabad,Debit Card
ORD102927,2024-12-23,CUST00869,35.0,Male,Small Business,Books & Stationery,Fiction Novel,659.11,1,0.05,626.15,202.04,South,Hyderabad,Net Banking
ORD100810,2024-12-23,CUST00637,18.0,Female,Consumer,Beauty & Personal Care,Trimmer,1561.81,4,0.1,5622.52,651.89,South,Bengaluru,UPI
ORD102078,2024-12-23,CUST01126,63.0,Male,Consumer,Electronics,Smartphone Case,5421.66,1,0.25,4066.24,782.11,North,Chandigarh,Credit Card
ORD106167,2024-12-24,CUST01096,33.0,Female,Corporate,Sports & Outdoors,Cycling Helmet,1340.87,2,0.1,2413.57,600.19,South,Kochi,Debit Card
ORD105811,2024-12-24,CUST01870,42.0,Male,Consumer,Clothing,Sports Cap,2294.19,1,0.05,2179.48,520.81,South,Bengaluru,UPI
ORD100154,2024-12-24,CUST00440,45.0,Male,Consumer,Electronics,Smartphone Case,4062.01,3,0.05,11576.73,3476.89,Central,Bhopal,Credit Card
ORD100499,2024-12-24,CUST01353,37.0,Female,Small Business,Home & Kitchen,Storage Rack,2407.55,3,0.0,7222.65,2393.14,Central,Nagpur,Cash on Delivery
ORD100069,2024-12-24,CUST00366,29.0,Male,Corporate,Clothing,Winter Jacket,2356.12,1,0.05,2238.31,881.41,West,Ahmedabad,Cash on Delivery
ORD104761,2024-12-24,CUST00045,19.0,Female,Consumer,Electronics,Bluetooth Speaker,8714.85,2,0.0,17429.7,6884.33,West,Ahmedabad,Net Banking
ORD105748,2024-12-24,CUST00686,36.0,Female,Consumer,Books & Stationery,Fiction Novel,781.69,1,0.1,703.52,272.1,West,Surat,Debit Card
ORD101424,2024-12-24,CUST00844,44.0,Male,Corporate,Books & Stationery,Planner Diary,632.89,2,0.05,1202.49,268.9,South,Chennai,
ORD100446,2024-12-24,CUST01724,21.0,Male,Consumer,Electronics,Wireless Earbuds,1615.61,1,0.0,1615.61,586.02,North,Chandigarh,Debit Card
ORD106227,2024-12-24,CUST01355,18.0,Male,Small Business,Electronics,Smartphone Case,6664.54,1,0.1,5998.09,731.59,East,Kolkata,Credit Card
ORD100441,2024-12-24,CUST00221,18.0,Male,Consumer,Clothing,Men's T-Shirt,2445.37,4,0.1,8803.33,995.61,West,Pune,UPI
ORD100661,2024-12-24,CUST00931,45.0,Female,Corporate,Sports & Outdoors,Yoga Mat,6283.38,2,0.15,10681.75,1970.57,North,Jaipur,Net Banking
ORD101277,2024-12-24,CUST01065,22.0,Male,Small Business,Electronics,Laptop Stand,7643.99,1,0.2,6115.19,1671.23,North,Lucknow,UPI
ORD100518,2024-12-25,CUST01063,48.0,Male,Consumer,Sports & Outdoors,Yoga Mat,6466.36,3,0.05,18429.13,5943.15,South,Hyderabad,Debit Card
ORD101074,2024-12-25,CUST00054,36.0,Female,Corporate,Clothing,Summer Dress,2565.93,1,0.0,2565.93,1030.82,Central,Raipur,UPI
ORD101348,2024-12-25,CUST00305,27.0,Male,Small Business,Electronics,Power Bank,6993.39,1,0.15,5944.38,1694.84,North,Jaipur,Credit Card
ORD102408,2024-12-25,CUST00905,29.0,Male,Consumer,Home & Kitchen,Bedsheet Set,3386.29,1,0.0,3386.29,1049.06,Central,Bhopal,Debit Card
ORD101584,2024-12-25,CUST01339,42.0,Male,Consumer,Beauty & Personal Care,Lipstick,979.76,1,0.0,979.76,204.07,East,Bhubaneswar,Debit Card
ORD105933,2024-12-25,CUST00318,42.0,Female,Consumer,Electronics,Wireless Earbuds,5435.94,1,0.0,5435.94,1680.3,West,Surat,UPI
ORD104035,2024-12-25,CUST01734,24.0,Female,Consumer,Sports & Outdoors,Camping Tent,1799.35,2,0.0,3598.7,820.9,North,Chandigarh,UPI
ORD105485,2024-12-25,CUST00047,23.0,Male,Consumer,Books & Stationery,Desk Organizer,922.61,4,0.1,3321.4,761.89,North,Lucknow,UPI
ORD104759,2024-12-25,CUST01740,46.0,Female,Consumer,Furniture,Office Chair,7389.38,3,0.25,16626.1,269.75,West,Ahmedabad,Cash on Delivery
ORD106420,2024-12-25,CUST01583,30.0,Female,Consumer,Electronics,Laptop Stand,8958.77,2,0.05,17021.66,3548.05,West,Pune,UPI
ORD104171,2024-12-25,CUST01944,47.0,Female,Consumer,Electronics,Power Bank,5314.49,1,0.0,5314.49,1866.81,West,Mumbai,UPI
ORD105280,2024-12-25,CUST01711,18.0,Female,Consumer,Clothing,Formal Shirt,921.5,2,0.15,1566.55,496.21,North,Delhi,Credit Card
ORD101011,2024-12-25,CUST00772,34.0,Male,Corporate,Home & Kitchen,Storage Rack,1828.14,1,0.2,1462.51,124.8,North,Delhi,Debit Card
ORD104404,2024-12-26,CUST01087,19.0,Male,Consumer,Electronics,Laptop Stand,8571.88,1,0.2,6857.5,2070.55,South,Kochi,UPI
ORD105365,2024-12-26,CUST01035,43.0,Male,Consumer,Electronics,Smartphone Case,3049.16,2,0.05,5793.4,1153.84,Central,Raipur,UPI
ORD103714,2024-12-26,CUST01950,42.0,Female,Consumer,Home & Kitchen,Air Fryer,2450.42,2,0.0,4900.84,1374.23,North,Jaipur,Credit Card
ORD100705,2024-12-26,CUST01018,40.0,Female,Small Business,Home & Kitchen,Storage Rack,1170.68,1,0.05,1112.15,293.74,East,Kolkata,Net Banking
ORD103924,2024-12-26,CUST00581,37.0,Female,Consumer,Clothing,Sports Cap,2187.09,1,0.15,1859.03,343.63,South,Kochi,Cash on Delivery
ORD103573,2024-12-26,CUST01690,18.0,Male,Consumer,Electronics,Smartwatch,2828.98,2,0.0,5657.96,2520.5,North,Delhi,Debit Card
ORD100261,2024-12-26,CUST01892,48.0,Male,Small Business,Clothing,Women's Jeans,2325.86,3,0.0,6977.58,2826.36,East,Patna,Debit Card
ORD106117,2024-12-26,CUST00919,29.0,Male,Small Business,Electronics,USB-C Cable,7491.19,1,0.0,7491.19,2947.85,East,Patna,UPI
ORD100390,2024-12-26,CUST01573,24.0,Male,Consumer,Sports & Outdoors,Football,2283.58,1,0.05,2169.4,710.29,West,Pune,Credit Card
ORD101889,2024-12-27,CUST01003,18.0,Male,Corporate,Beauty & Personal Care,Lipstick,969.96,2,0.0,1939.92,646.82,North,Delhi,Credit Card
ORD101664,2024-12-27,CUST00675,31.0,Female,Consumer,Home & Kitchen,Bedsheet Set,2643.85,1,0.05,2511.66,693.05,North,Delhi,Credit Card
ORD101088,2024-12-27,CUST01318,42.0,Female,Consumer,Home & Kitchen,Air Fryer,626.72,2,0.0,1253.44,557.08,North,Jaipur,UPI
ORD104765,2024-12-27,CUST00906,39.0,Male,Consumer,Electronics,Bluetooth Speaker,6325.78,1,0.0,6325.78,2389.92,South,Bengaluru,Cash on Delivery
ORD101591,2024-12-27,CUST00750,18.0,Female,Consumer,Clothing,Sports Cap,2602.54,1,0.15,2212.16,277.1,South,Kochi,Cash on Delivery
ORD104471,2024-12-27,CUST01957,26.0,Male,Consumer,Sports & Outdoors,Yoga Mat,465.22,1,0.25,348.92,-12.83,North,Jaipur,UPI
ORD102736,2024-12-27,CUST01434,30.0,Female,Corporate,Beauty & Personal Care,Lipstick,1586.48,4,0.2,5076.74,796.73,South,Bengaluru,Cash on Delivery
ORD103431,2024-12-27,CUST01238,49.0,Female,Consumer,Clothing,Running Shoes,714.05,1,0.05,678.35,110.64,South,Hyderabad,UPI
ORD104059,2024-12-27,CUST00596,25.0,Male,Consumer,Furniture,Wardrobe,6122.91,2,0.0,12245.82,3957.65,East,Bhubaneswar,Credit Card
ORD106394,2024-12-27,CUST00049,53.0,Male,Consumer,Sports & Outdoors,Football,6041.23,1,0.0,6041.23,1251.91,North,Lucknow,Net Banking
ORD105743,2024-12-27,CUST01511,19.0,Male,Consumer,Furniture,Study Table,2722.32,1,0.05,2586.2,839.61,South,Kochi,UPI
ORD102460,2024-12-28,CUST01905,28.0,Female,Consumer,Beauty & Personal Care,Hair Dryer,1370.41,1,0.05,1301.89,470.1,North,Lucknow,Debit Card
ORD104743,2024-12-28,CUST01990,53.0,Male,Corporate,Electronics,Wireless Earbuds,5855.04,2,0.0,11710.08,3316.99,North,Delhi,Credit Card
ORD104033,2024-12-28,CUST00624,33.0,Male,Corporate,Furniture,Study Table,11884.59,1,0.1,10696.13,3274.22,South,Kochi,Credit Card
ORD101638,2024-12-28,CUST01732,27.0,Male,Small Business,Clothing,Kids Hoodie,1896.63,5,0.2,7586.52,1710.28,East,Patna,UPI
ORD102836,2024-12-28,CUST00051,18.0,Male,Consumer,Electronics,Power Bank,3112.55,2,0.2,4980.08,1484.36,North,Jaipur,UPI
ORD101616,2024-12-28,CUST01921,32.0,Female,Corporate,Electronics,Bluetooth Speaker,5514.94,2,0.0,11029.88,3300.63,West,Ahmedabad,Credit Card
ORD102314,2024-12-28,CUST00029,33.0,Female,Consumer,Clothing,Women's Jeans,2232.21,1,0.2,1785.77,510.63,North,Chandigarh,Debit Card
ORD104438,2024-12-28,CUST02003,48.0,Male,Consumer,Clothing,Winter Jacket,2716.43,1,0.0,2716.43,1107.37,West,Pune,Debit Card
ORD100475,2024-12-28,CUST01172,30.0,Male,Consumer,Furniture,Bookshelf,4398.99,1,0.25,3299.24,358.95,South,Chennai,UPI
ORD102243,2024-12-29,CUST00478,38.0,Male,Consumer,Sports & Outdoors,Camping Tent,684.4,1,0.0,684.4,266.09,West,Surat,Net Banking
ORD104717,2024-12-29,CUST01740,46.0,Female,Consumer,Electronics,Smartphone Case,8550.74,1,0.05,8123.2,2867.27,East,Bhubaneswar,Net Banking
ORD101333,2024-12-29,CUST01347,18.0,Male,Consumer,Electronics,Smartwatch,4350.06,1,0.0,4350.06,1833.73,East,Bhubaneswar,Credit Card
ORD103443,2024-12-29,CUST01032,35.0,Female,Corporate,Electronics,Power Bank,6696.58,1,0.0,6696.58,1704.45,Central,Nagpur,Cash on Delivery
ORD103395,2024-12-29,CUST01108,31.0,Female,Corporate,Clothing,Women's Jeans,1479.64,2,0.1,2663.35,315.11,North,Delhi,Credit Card
ORD101104,2024-12-29,CUST00961,18.0,Male,Consumer,Electronics,Wireless Earbuds,5112.18,2,0.05,9713.14,3499.84,West,Mumbai,Cash on Delivery
ORD101715,2024-12-29,CUST01566,31.0,Female,Consumer,Beauty & Personal Care,Trimmer,836.71,2,0.05,1589.75,310.57,North,Chandigarh,Debit Card
ORD105830,2024-12-29,CUST00752,25.0,Female,Consumer,Clothing,Running Shoes,2815.79,1,0.0,2815.79,1249.28,East,Kolkata,Debit Card
ORD104175,2024-12-29,CUST01728,34.0,Male,Consumer,Electronics,Power Bank,758.42,1,0.05,720.5,160.17,South,Chennai,Debit Card
ORD101912,2024-12-29,CUST00711,49.0,Male,Consumer,Beauty & Personal Care,Trimmer,329.19,1,0.05,312.73,73.38,West,Ahmedabad,Credit Card
ORD105883,2024-12-29,CUST01375,20.0,Male,Corporate,Clothing,Winter Jacket,1174.71,2,0.0,2349.42,924.01,Central,Bhopal,UPI
ORD102789,2024-12-29,CUST00173,37.0,Male,Corporate,Furniture,Coffee Table,8900.94,4,0.1,32043.38,8463.53,West,Ahmedabad,Credit Card
ORD104462,2024-12-29,CUST00700,32.0,Female,Small Business,Clothing,Formal Shirt,1775.82,1,0.0,1775.82,763.45,North,Delhi,UPI
ORD105351,2024-12-29,CUST02041,32.0,Male,Consumer,Clothing,Sports Cap,758.02,2,0.1,1364.44,454.47,East,Bhubaneswar,UPI
ORD101209,2024-12-30,CUST00916,58.0,Female,Consumer,Electronics,Power Bank,3081.96,2,0.05,5855.72,1432.84,South,Chennai,Net Banking
ORD106451,2024-12-30,CUST01226,19.0,Female,Small Business,Clothing,Men's T-Shirt,1767.69,1,0.1,1590.92,418.21,Central,Nagpur,UPI
ORD103502,2024-12-30,CUST01538,26.0,Female,Corporate,Sports & Outdoors,Yoga Mat,6712.31,1,0.1,6041.08,1035.55,North,Delhi,Credit Card
ORD104256,2024-12-30,CUST00392,20.0,Male,Consumer,Beauty & Personal Care,Perfume,1091.95,1,0.1,982.76,351.91,West,Ahmedabad,Credit Card
ORD103407,2024-12-30,CUST01218,34.0,Female,Consumer,Electronics,Power Bank,8993.17,1,0.1,8093.85,2299.64,South,Bengaluru,UPI
ORD100532,2024-12-30,CUST01529,53.0,Female,Consumer,Furniture,Bookshelf,2097.18,1,0.1,1887.46,355.75,East,Kolkata,UPI
ORD100847,2024-12-30,CUST02021,18.0,Female,Consumer,Electronics,Webcam,1505.05,4,0.0,6020.2,1764.12,West,Ahmedabad,UPI
ORD101727,2024-12-30,CUST00544,61.0,Female,Consumer,Electronics,Webcam,1890.12,1,0.1,1701.11,314.81,South,Hyderabad,Net Banking
ORD101054,2024-12-30,CUST01012,34.0,Male,Consumer,Clothing,Women's Jeans,1342.5,1,0.1,1208.25,353.14,South,Hyderabad,UPI
ORD103301,2024-12-30,CUST00118,44.0,Female,Corporate,Home & Kitchen,Mixer Grinder,2805.61,1,0.1,2525.05,889.97,North,Chandigarh,UPI
ORD102529,2024-12-30,CUST01205,19.0,Female,Consumer,Home & Kitchen,Ceramic Mug Set,4316.99,1,0.0,4316.99,974.91,South,Hyderabad,UPI
ORD105561,2024-12-30,CUST01578,31.0,Female,Consumer,Clothing,Formal Shirt,513.92,2,0.25,770.88,57.36,West,Ahmedabad,Credit Card
ORD104559,2024-12-30,CUST00672,39.0,Male,Consumer,Furniture,Bean Bag,1949.38,1,0.15,1656.97,432.21,South,Chennai,UPI
ORD103402,2024-12-31,CUST00692,20.0,Female,Consumer,Clothing,Summer Dress,1204.86,1,0.1,1084.37,403.91,South,Kochi,Credit Card
ORD101954,2024-12-31,CUST02010,26.0,Male,Corporate,Electronics,Bluetooth Speaker,4809.92,1,0.15,4088.43,440.87,North,Lucknow,Cash on Delivery
ORD105323,2024-12-31,CUST00420,56.0,Male,Consumer,Home & Kitchen,Storage Rack,4210.63,1,0.0,4210.63,1100.73,West,Pune,Credit Card
ORD103649,2024-12-31,CUST01988,45.0,Male,Consumer,Electronics,Smartphone Case,6377.61,3,0.0,19132.83,7407.06,South,Chennai,Cash on Delivery
ORD101464,2024-12-31,CUST00270,36.0,Female,Corporate,Electronics,Bluetooth Speaker,995.38,1,0.0,995.38,253.31,South,Kochi,UPI
ORD105788,2024-12-31,CUST01469,48.0,Female,Small Business,Sports & Outdoors,Cricket Bat,4959.5,1,0.1,4463.55,1252.95,Central,Bhopal,Credit Card
ORD100531,2024-12-31,CUST01262,43.0,Female,Consumer,Home & Kitchen,Ceramic Mug Set,3866.74,1,0.0,3866.74,801.81,North,Jaipur,Debit Card
ORD106123,2024-12-31,CUST00086,32.0,Male,Consumer,Clothing,Winter Jacket,1705.42,1,0.0,1705.42,409.05,South,Kochi,UPI
